Workbook

Sheet PXD 04.10.25 cũ
H1: BM.04F/QT.05 Ngày hiệu lực: 06/06/2025 Lần sửa đổi: 02
B3: Số: 04.10.2025/LSX-XĐ-NM.HRC1
A4: LỆNH SẢN XUẤT
A5: - Bộ phận thực hiện: XĐ-NM.HRC1
A6: =+'PXC 05.10.25'!A6 -> - Thời gian hiệu lực: Từ 08h00, ngày 23/10/2025 đến 08h00, ngày 30/10/2025
A7: STT | B7: Máy đúc | C7: Mác phôi | D7: Kích thước | G7: Sản lượng yêu cầu (Tấn) | H7: Thời gian SX dự kiến | I7: Sản phẩm cán | J7: Order | K7: Ghi chú
D8: Tiết diện (mm x mm) | E8: Chiều dài (mm) | F8: Khối lượng phôi (tấn)
A9: =ROW()-8 -> 1 | B9: TSC 1 & 2 | C9: SAE1006-Al | D9: 65x1270 | E9: 34000 | F9: =LEFT(D9,2)*RIGHT(D9,4)*E9*7600/10^12 -> 21.33092 | G9: =SUMIF('PXC 05.10.25'!N10:T10,'PXD 04.10.25 cũ'!D9,'PXC 05.10.25'!#REF!)*1.05 -> #REF! | H9: 08h00 ngày 16/10/2025 08h00 ngày 23/10/2025 | I9: 4.00/3.00/2.75/...x126X | J9: 1010003305 | K9: (1)
A10: =ROW()-8 -> 2 | B10: TSC 1 & 2 | C10: SAE1006-Al | D10: 65x1240 | E10: 34000 | F10: =LEFT(D10,2)*RIGHT(D10,4)*E10*7600/10^12 -> 20.82704 | G10: =SUMIF('PXC 05.10.25'!N11:T11,'PXD 04.10.25 cũ'!D10,'PXC 05.10.25'!#REF!)*1.05 -> #REF! | I10: 4.00/3.00/2.95/...x123X
A11: =ROW()-8 -> 3 | B11: TSC 1 & 2 | C11: SAE1006-Al | D11: 65x1220 | E11: 34000 | F11: =LEFT(D11,2)*RIGHT(D11,4)*E11*7600/10^12 -> 20.49112 | G11: =SUMIF('PXC 05.10.25'!N11:T12,'PXD 04.10.25 cũ'!D11,'PXC 05.10.25'!#REF!)*1.05 -> #REF! | I11: 3.00/2.75/2.45/...x121X/121Y
B12: Tổng | G12: =SUM(G9:G11) -> #REF!
A13: *Ghi chú (1): - Thành phần mẻ đúc mác SAE1006-Al như sau: [C]≤0,055%; [Si]≤0,030%; [Mn]=(0,15 ÷0,18)%; [P]≤0,020%; [S]≤0,008%, [Altot]=(200÷400)ppm, [Ca]=(20-35)ppm.
F14: =+'PXC 05.10.25'!N13 -> Quảng Ngãi, ngày 22 tháng 10 năm 2025
D15: BGĐ | I15: T/P P.KH
A16: Nơi nhận:
A17: - BGĐ (thay BC);
A18: - Các BP/NM;
A19: - Lưu P.KH (EO).

Sheet PXC 04.10.25 cũ
P1: BM.04D/QT.05 Ngày hiệu lực: 06/06/2025 Lần sửa đổi: 02
B3: Số: 04.10.2025/LSX-XC-NM.HRC1
A4: LỆNH SẢN XUẤT
A5: - Bộ phận thực hiện: XC-NM.HRC1
A6: - Thời gian hiệu lực: Từ 08h00, ngày 16/10/2025 đến 08h00, ngày 23/10/2025
A7: TT | B7: Thời gian dự kiến SX Time/Date | C7: Sản phẩm/Product | M7: Phôi cán/Slab | O7: Yêu cầu đặc biệt | P7: Số Order number | Q7: Số lô/ Batch | R7: KL Cuộn (Tấn) | S7: Mục đích sử dụng | T7: KHÁCH HÀNG | V7: Khối lượng cuộn trung bình | W7: Số lượng cuộn yêu cầu | X7: Số cuộn tối thiểu | Y7: Số cuộn tối đa | AJ7: Số Order number tháng 9 | AK7: Số lô/ Batch tháng 9
C8: Kích cỡ Dimension T x W (mmxmm) | D8: Mác thép Steel grade | E8: Sản lượng Quantity (tấn) | G8: Sản lượng Quantity (cuộn) | I8: Cơ tính/Mechanical properties
E9: 1A | F9: 1B | G9: Yêu cầu | H9: Dung sai | I9: GHC Re (MPa) | J9: GHB Rm (Mpa) | K9: Giãn dài El (%) | L9: Độ cứng Hardnes (HRB) | M9: Mác phôi Steel grade | N9: Kích thước (mmxmm)
A10: =ROW()-9 -> 1 | B10: 08h00 16/10/2025 - 08h00 23/10/2025 | C10: 4.00x126X | D10: SAE1006 | E10: 1000 | F10: 0 | G10: =+W10 -> 44.444444 | H10: =+AH10 -> ±4 | I10: - | J10: - | K10: - | L10: ≤65 | M10: SAE1006-Al | N10: 65x1270 | P10: =+AA10 -> #N/A | Q10: =+AB10 -> #N/A | R10: 18-23 | S10: Tôn- Qua cán nguôi | T10: HOA SEN | U10: QUA CÁN NGUỘI | V10: =RIGHT(R10,2)-0.5 -> 22.5 | W10: =SUM(E10:F10)/V10 -> 44.444444 | X10: =SUM(E10:F10)*0.9/V10 -> 40 | Y10: =SUM(E10:F10)*1.1/V10 -> 48.888889 | Z10: ="Thép cuộn cán nóng "&C10&" "&D10&T10&U10 -> Thép cuộn cán nóng 4.00x126X SAE1006HOA SENQUA CÁN NGUỘI | AA10: =VLOOKUP(Z10,Order!F:H,2,FALSE) -> #N/A | AB10: =VLOOKUP(AA10,Order!G:H,2,FALSE) -> #N/A | AC10: =VLOOKUP(Z10,'ort9'!D:E,2,0) -> #N/A | AD10: =E10+F10 -> 1000 | AE10: =IF(SUM(E10:F10)>2000,((Y10-X10)/2)/2,(Y10-X10)/2) -> 4.4444444 | AF10: ± | AG10: =ROUND(AE10,0) -> 4 | AH10: =AF10&AG10 -> ±4 | AJ10: =VLOOKUP(Z10,'ort9'!H:I,2,0) -> #N/A | AK10: =VLOOKUP(AA10,'ort9'!I:J,2,0) -> #N/A
A11: =ROW()-9 -> 2 | C11: 3.00x126X | D11: SAE1006 | E11: 0 | F11: 1670 | G11: =+W11 -> 77.674419 | H11: =+AH11 -> ±8 | I11: - | J11: - | K11: - | L11: ≤65 | M11: SAE1006-Al | N11: 65x1270 | P11: =+AA11 -> #N/A | Q11: =+AB11 -> #N/A | R11: 17-22 | S11: Tôn-Ống_Qua cán nguội | T11: MINH PHÚ | U11: QUA CÁN NGUỘI | V11: =RIGHT(R11,2)-0.5 -> 21.5 | W11: =SUM(E11:F11)/V11 -> 77.674419 | X11: =SUM(E11:F11)*0.9/V11 -> 69.906977 | Y11: =SUM(E11:F11)*1.1/V11 -> 85.44186 | Z11: ="Thép cuộn cán nóng "&C11&" "&D11&T11&U11 -> Thép cuộn cán nóng 3.00x126X SAE1006MINH PHÚQUA CÁN NGUỘI | AA11: =VLOOKUP(Z11,Order!F:H,2,FALSE) -> #N/A | AB11: =VLOOKUP(AA11,Order!G:H,2,FALSE) -> #N/A | AC11: =VLOOKUP(Z11,'ort9'!D:E,2,0) -> #N/A | AD11: =E11+F11 -> 1670 | AE11: =IF(SUM(E11:F11)>2000,((Y11-X11)/2)/2,(Y11-X11)/2) -> 7.7674419 | AF11: ± | AG11: =ROUND(AE11,0) -> 8 | AH11: =AF11&AG11 -> ±8 | AJ11: =VLOOKUP(Z11,'ort9'!H:I,2,0) -> #N/A | AK11: =VLOOKUP(AA11,'ort9'!I:J,2,0) -> #N/A
A12: =ROW()-9 -> 3 | C12: 3.00x126X | D12: SAE1006 | E12: 500 | F12: 0 | G12: =+W12 -> 25.641026 | H12: =+AH12 -> ±3 | I12: - | J12: - | K12: - | L12: ≤65 | M12: SAE1006-Al | N12: 65x1270 | P12: =+AA12 -> #N/A | Q12: =+AB12 -> #N/A | R12: 17-20 | S12: Tôn-Qua cán nguội | T12: THÉP VIỆT NHẬT | U12: QUA CÁN NGUỘI | V12: =RIGHT(R12,2)-0.5 -> 19.5 | W12: =SUM(E12:F12)/V12 -> 25.641026 | X12: =SUM(E12:F12)*0.9/V12 -> 23.076923 | Y12: =SUM(E12:F12)*1.1/V12 -> 28.205128 | Z12: ="Thép cuộn cán nóng "&C12&" "&D12&T12&U12 -> Thép cuộn cán nóng 3.00x126X SAE1006THÉP VIỆT NHẬTQUA CÁN NGUỘI | AA12: =VLOOKUP(Z12,Order!F:H,2,FALSE) -> #N/A | AB12: =VLOOKUP(AA12,Order!G:H,2,FALSE) -> #N/A | AC12: =VLOOKUP(Z12,'ort9'!D:E,2,0) -> #N/A | AD12: =E12+F12 -> 500 | AE12: =IF(SUM(E12:F12)>2000,((Y12-X12)/2)/2,(Y12-X12)/2) -> 2.5641026 | AF12: ± | AG12: =ROUND(AE12,0) -> 3 | AH12: =AF12&AG12 -> ±3 | AJ12: =VLOOKUP(Z12,'ort9'!H:I,2,0) -> #N/A | AK12: =VLOOKUP(AA12,'ort9'!I:J,2,0) -> #N/A
A13: =ROW()-9 -> 4 | C13: 2.75x126X | D13: SAE1006 | E13: 500 | F13: 0 | G13: =+W13 -> 25.641026 | H13: =+AH13 -> ±3 | I13: - | J13: - | K13: - | L13: ≤65 | M13: SAE1006-Al | N13: 65x1270 | P13: =+AA13 -> #N/A | Q13: =+AB13 -> #N/A | R13: 17-20 | S13: Tôn-Qua cán nguội | T13: THÉP VIỆT NHẬT | U13: QUA CÁN NGUỘI | V13: =RIGHT(R13,2)-0.5 -> 19.5 | W13: =SUM(E13:F13)/V13 -> 25.641026 | X13: =SUM(E13:F13)*0.9/V13 -> 23.076923 | Y13: =SUM(E13:F13)*1.1/V13 -> 28.205128 | Z13: ="Thép cuộn cán nóng "&C13&" "&D13&T13&U13 -> Thép cuộn cán nóng 2.75x126X SAE1006THÉP VIỆT NHẬTQUA CÁN NGUỘI | AA13: =VLOOKUP(Z13,Order!F:H,2,FALSE) -> #N/A | AB13: =VLOOKUP(AA13,Order!G:H,2,FALSE) -> #N/A | AC13: =VLOOKUP(Z13,'ort9'!D:E,2,0) -> #N/A | AD13: =E13+F13 -> 500 | AE13: =IF(SUM(E13:F13)>2000,((Y13-X13)/2)/2,(Y13-X13)/2) -> 2.5641026 | AF13: ± | AG13: =ROUND(AE13,0) -> 3 | AH13: =AF13&AG13 -> ±3 | AJ13: =VLOOKUP(Z13,'ort9'!H:I,2,0) -> #N/A | AK13: =VLOOKUP(AA13,'ort9'!I:J,2,0) -> #N/A
A14: =ROW()-9 -> 5 | C14: 2.50x126X | D14: SAE1006 | E14: 0 | F14: 1760 | G14: =+W14 -> 81.860465 | H14: =+AH14 -> ±8 | I14: - | J14: - | K14: - | L14: ≤65 | M14: SAE1006-Al | N14: 65x1270 | P14: =+AA14 -> #N/A | Q14: =+AB14 -> #N/A | R14: 17-22 | S14: Tôn-Ống_Qua cán nguội | T14: MINH PHÚ | U14: QUA CÁN NGUỘI | V14: =RIGHT(R14,2)-0.5 -> 21.5 | W14: =SUM(E14:F14)/V14 -> 81.860465 | X14: =SUM(E14:F14)*0.9/V14 -> 73.674419 | Y14: =SUM(E14:F14)*1.1/V14 -> 90.046512 | Z14: ="Thép cuộn cán nóng "&C14&" "&D14&T14&U14 -> Thép cuộn cán nóng 2.50x126X SAE1006MINH PHÚQUA CÁN NGUỘI | AA14: =VLOOKUP(Z14,Order!F:H,2,FALSE) -> #N/A | AB14: =VLOOKUP(AA14,Order!G:H,2,FALSE) -> #N/A | AC14: =VLOOKUP(Z14,'ort9'!D:E,2,0) -> #N/A | AD14: =E14+F14 -> 1760 | AE14: =IF(SUM(E14:F14)>2000,((Y14-X14)/2)/2,(Y14-X14)/2) -> 8.1860465 | AF14: ± | AG14: =ROUND(AE14,0) -> 8 | AH14: =AF14&AG14 -> ±8 | AJ14: =VLOOKUP(Z14,'ort9'!H:I,2,0) -> #N/A | AK14: =VLOOKUP(AA14,'ort9'!I:J,2,0) -> #N/A
A15: =ROW()-9 -> 6 | C15: 2.50x126X | D15: SAE1006 | E15: 1000 | F15: 0 | G15: =+W15 -> 51.282051 | H15: =+AH15 -> ±5 | I15: - | J15: - | K15: - | L15: ≤65 | M15: SAE1006-Al | N15: 65x1270 | P15: =+AA15 -> #N/A | Q15: =+AB15 -> #N/A | R15: 17-20 | S15: Tôn-Qua cán nguội | T15: THÉP VIỆT NHẬT | U15: QUA CÁN NGUỘI | V15: =RIGHT(R15,2)-0.5 -> 19.5 | W15: =SUM(E15:F15)/V15 -> 51.282051 | X15: =SUM(E15:F15)*0.9/V15 -> 46.153846 | Y15: =SUM(E15:F15)*1.1/V15 -> 56.410256 | Z15: ="Thép cuộn cán nóng "&C15&" "&D15&T15&U15 -> Thép cuộn cán nóng 2.50x126X SAE1006THÉP VIỆT NHẬTQUA CÁN NGUỘI | AA15: =VLOOKUP(Z15,Order!F:H,2,FALSE) -> #N/A | AB15: =VLOOKUP(AA15,Order!G:H,2,FALSE) -> #N/A | AC15: =VLOOKUP(Z15,'ort9'!D:E,2,0) -> #N/A | AD15: =E15+F15 -> 1000 | AE15: =IF(SUM(E15:F15)>2000,((Y15-X15)/2)/2,(Y15-X15)/2) -> 5.1282051 | AF15: ± | AG15: =ROUND(AE15,0) -> 5 | AH15: =AF15&AG15 -> ±5 | AJ15: =VLOOKUP(Z15,'ort9'!H:I,2,0) -> #N/A | AK15: =VLOOKUP(AA15,'ort9'!I:J,2,0) -> #N/A
A16: =ROW()-9 -> 7 | C16: 2.25x126X | D16: SAE1006 | E16: 0 | F16: 4500 | G16: =+W16 -> 183.67347 | H16: =+AH16 -> ±9 | I16: - | J16: - | K16: - | L16: ≤65 | M16: SAE1006-Al | N16: 65x1270 | P16: =+AA16 -> #N/A | Q16: =+AB16 -> #N/A | R16: 18-25 | S16: Ống-Qua cán nguội | T16: THÉP ASIA | U16: QUA CÁN NGUỘI | V16: =RIGHT(R16,2)-0.5 -> 24.5 | W16: =SUM(E16:F16)/V16 -> 183.67347 | X16: =SUM(E16:F16)*0.9/V16 -> 165.30612 | Y16: =SUM(E16:F16)*1.1/V16 -> 202.04082 | Z16: ="Thép cuộn cán nóng "&C16&" "&D16&T16&U16 -> Thép cuộn cán nóng 2.25x126X SAE1006THÉP ASIAQUA CÁN NGUỘI | AA16: =VLOOKUP(Z16,Order!F:H,2,FALSE) -> #N/A | AB16: =VLOOKUP(AA16,Order!G:H,2,FALSE) -> #N/A | AC16: =VLOOKUP(Z16,'ort9'!D:E,2,0) -> #N/A | AD16: =E16+F16 -> 4500 | AE16: =IF(SUM(E16:F16)>2000,((Y16-X16)/2)/2,(Y16-X16)/2) -> 9.1836735 | AF16: ± | AG16: =ROUND(AE16,0) -> 9 | AH16: =AF16&AG16 -> ±9 | AJ16: =VLOOKUP(Z16,'ort9'!H:I,2,0) -> #N/A | AK16: =VLOOKUP(AA16,'ort9'!I:J,2,0) -> #N/A
A17: =ROW()-9 -> 8 | C17: 4.00x123X | D17: SAE1006 | E17: 500 | F17: 0 | G17: =+W17 -> 22.222222 | H17: =+AH17 -> ±2 | I17: - | J17: - | K17: - | L17: ≤65 | M17: SAE1006-Al | N17: 65x1240 | P17: =+AA17 -> #N/A | Q17: =+AB17 -> #N/A | R17: 18-23 | S17: Tôn- Qua cán nguôi | T17: HOA SEN | U17: QUA CÁN NGUỘI | V17: =RIGHT(R17,2)-0.5 -> 22.5 | W17: =SUM(E17:F17)/V17 -> 22.222222 | X17: =SUM(E17:F17)*0.9/V17 -> 20 | Y17: =SUM(E17:F17)*1.1/V17 -> 24.444444 | Z17: ="Thép cuộn cán nóng "&C17&" "&D17&T17&U17 -> Thép cuộn cán nóng 4.00x123X SAE1006HOA SENQUA CÁN NGUỘI | AA17: =VLOOKUP(Z17,Order!F:H,2,FALSE) -> #N/A | AB17: =VLOOKUP(AA17,Order!G:H,2,FALSE) -> #N/A | AC17: =VLOOKUP(Z17,'ort9'!D:E,2,0) -> #N/A | AD17: =E17+F17 -> 500 | AE17: =IF(SUM(E17:F17)>2000,((Y17-X17)/2)/2,(Y17-X17)/2) -> 2.2222222 | AF17: ± | AG17: =ROUND(AE17,0) -> 2 | AH17: =AF17&AG17 -> ±2 | AJ17: =VLOOKUP(Z17,'ort9'!H:I,2,0) -> #N/A | AK17: =VLOOKUP(AA17,'ort9'!I:J,2,0) -> #N/A
A18: =ROW()-9 -> 9 | C18: 3.45x123X | D18: SAE1006 | E18: 0 | F18: 6000 | G18: =+W18 -> 244.89796 | H18: =+AH18 -> ±12 | I18: - | J18: - | K18: - | L18: ≤65 | M18: SAE1006-Al | N18: 65x1240 | O18: Si=<0.03%; Si+2.5P=<0.085%. | P18: =+AA18 -> #N/A | Q18: =+AB18 -> #N/A | R18: 18-25 | S18: Ống-Qua cán nguội | T18: ỐNG THÉP HƯNG YÊN | U18: QUA CÁN NGUỘI | V18: =RIGHT(R18,2)-0.5 -> 24.5 | W18: =SUM(E18:F18)/V18 -> 244.89796 | X18: =SUM(E18:F18)*0.9/V18 -> 220.40816 | Y18: =SUM(E18:F18)*1.1/V18 -> 269.38776 | Z18: ="Thép cuộn cán nóng "&C18&" "&D18&T18&U18 -> Thép cuộn cán nóng 3.45x123X SAE1006ỐNG THÉP HƯNG YÊNQUA CÁN NGUỘI | AA18: =VLOOKUP(Z18,Order!F:H,2,FALSE) -> #N/A | AB18: =VLOOKUP(AA18,Order!G:H,2,FALSE) -> #N/A | AC18: =VLOOKUP(Z18,'ort9'!D:E,2,0) -> #N/A | AD18: =E18+F18 -> 6000 | AE18: =IF(SUM(E18:F18)>2000,((Y18-X18)/2)/2,(Y18-X18)/2) -> 12.244898 | AF18: ± | AG18: =ROUND(AE18,0) -> 12 | AH18: =AF18&AG18 -> ±12 | AJ18: =VLOOKUP(Z18,'ort9'!H:I,2,0) -> #N/A | AK18: =VLOOKUP(AA18,'ort9'!I:J,2,0) -> #N/A
A19: =ROW()-9 -> 10 | C19: 3.45x123X | D19: SAE1006 | E19: 0 | F19: 800 | G19: =+W19 -> 32.653061 | H19: =+AH19 -> ±3 | I19: - | J19: - | K19: - | L19: ≤65 | M19: SAE1006-Al | N19: 65x1240 | O19: Si=<0.03%; Si+2.5P=<0.085%. | P19: =+AA19 -> #N/A | Q19: =+AB19 -> #N/A | R19: 18-25 | S19: Ống-Qua cán nguội | T19: ỐNG THÉP ĐÀ NẴNG | U19: QUA CÁN NGUỘI | V19: =RIGHT(R19,2)-0.5 -> 24.5 | W19: =SUM(E19:F19)/V19 -> 32.653061 | X19: =SUM(E19:F19)*0.9/V19 -> 29.387755 | Y19: =SUM(E19:F19)*1.1/V19 -> 35.918367 | Z19: ="Thép cuộn cán nóng "&C19&" "&D19&T19&U19 -> Thép cuộn cán nóng 3.45x123X SAE1006ỐNG THÉP ĐÀ NẴNGQUA CÁN NGUỘI | AA19: =VLOOKUP(Z19,Order!F:H,2,FALSE) -> #N/A | AB19: =VLOOKUP(AA19,Order!G:H,2,FALSE) -> #N/A | AC19: =VLOOKUP(Z19,'ort9'!D:E,2,0) -> #N/A | AD19: =E19+F19 -> 800 | AE19: =IF(SUM(E19:F19)>2000,((Y19-X19)/2)/2,(Y19-X19)/2) -> 3.2653061 | AF19: ± | AG19: =ROUND(AE19,0) -> 3 | AH19: =AF19&AG19 -> ±3 | AJ19: =VLOOKUP(Z19,'ort9'!H:I,2,0) -> #N/A | AK19: =VLOOKUP(AA19,'ort9'!I:J,2,0) -> #N/A
A20: =ROW()-9 -> 11 | C20: 3.00x123X | D20: SAE1006 | E20: 0 | F20: 700 | G20: =+W20 -> 29.787234 | H20: =+AH20 -> ±3 | I20: - | J20: - | K20: - | L20: ≤65 | M20: SAE1006-Al | N20: 65x1240 | P20: =+AA20 -> #N/A | Q20: =+AB20 -> #N/A | R20: 18-24 | S20: Tôn-Ống_Qua cán nguội | T20: MINH PHÚ | U20: QUA CÁN NGUỘI | V20: =RIGHT(R20,2)-0.5 -> 23.5 | W20: =SUM(E20:F20)/V20 -> 29.787234 | X20: =SUM(E20:F20)*0.9/V20 -> 26.808511 | Y20: =SUM(E20:F20)*1.1/V20 -> 32.765957 | Z20: ="Thép cuộn cán nóng "&C20&" "&D20&T20&U20 -> Thép cuộn cán nóng 3.00x123X SAE1006MINH PHÚQUA CÁN NGUỘI | AA20: =VLOOKUP(Z20,Order!F:H,2,FALSE) -> #N/A | AB20: =VLOOKUP(AA20,Order!G:H,2,FALSE) -> #N/A | AC20: =VLOOKUP(Z20,'ort9'!D:E,2,0) -> #N/A | AD20: =E20+F20 -> 700 | AE20: =IF(SUM(E20:F20)>2000,((Y20-X20)/2)/2,(Y20-X20)/2) -> 2.9787234 | AF20: ± | AG20: =ROUND(AE20,0) -> 3 | AH20: =AF20&AG20 -> ±3 | AJ20: =VLOOKUP(Z20,'ort9'!H:I,2,0) -> #N/A | AK20: =VLOOKUP(AA20,'ort9'!I:J,2,0) -> #N/A
A21: =ROW()-9 -> 12 | C21: 2.95x123X | D21: SAE1006 | E21: 0 | F21: 2600 | G21: =+W21 -> 106.12245 | H21: =+AH21 -> ±5 | I21: - | J21: - | K21: - | L21: ≤65 | M21: SAE1006-Al | N21: 65x1240 | O21: Si=<0.03%; Si+2.5P=<0.085%. | P21: =+AA21 -> #N/A | Q21: =+AB21 -> #N/A | R21: 18-25 | S21: Ống-Qua cán nguội | T21: ỐNG THÉP ĐÀ NẴNG | U21: QUA CÁN NGUỘI | V21: =RIGHT(R21,2)-0.5 -> 24.5 | W21: =SUM(E21:F21)/V21 -> 106.12245 | X21: =SUM(E21:F21)*0.9/V21 -> 95.510204 | Y21: =SUM(E21:F21)*1.1/V21 -> 116.73469 | Z21: ="Thép cuộn cán nóng "&C21&" "&D21&T21&U21 -> Thép cuộn cán nóng 2.95x123X SAE1006ỐNG THÉP ĐÀ NẴNGQUA CÁN NGUỘI | AA21: =VLOOKUP(Z21,Order!F:H,2,FALSE) -> #N/A | AB21: =VLOOKUP(AA21,Order!G:H,2,FALSE) -> #N/A | AC21: =VLOOKUP(Z21,'ort9'!D:E,2,0) -> #N/A | AD21: =E21+F21 -> 2600 | AE21: =IF(SUM(E21:F21)>2000,((Y21-X21)/2)/2,(Y21-X21)/2) -> 5.3061224 | AF21: ± | AG21: =ROUND(AE21,0) -> 5 | AH21: =AF21&AG21 -> ±5 | AJ21: =VLOOKUP(Z21,'ort9'!H:I,2,0) -> #N/A | AK21: =VLOOKUP(AA21,'ort9'!I:J,2,0) -> #N/A
A22: =ROW()-9 -> 13 | C22: 2.75x123X | D22: SAE1006 | E22: 0 | F22: 380 | G22: =+W22 -> 17.674419 | H22: =+AH22 -> ±2 | I22: - | J22: - | K22: - | L22: ≤65 | M22: SAE1006-Al | N22: 65x1240 | P22: =+AA22 -> #N/A | Q22: =+AB22 -> #N/A | R22: 17-22 | S22: Tôn-Ống_Qua cán nguội | T22: MINH PHÚ | U22: QUA CÁN NGUỘI | V22: =RIGHT(R22,2)-0.5 -> 21.5 | W22: =SUM(E22:F22)/V22 -> 17.674419 | X22: =SUM(E22:F22)*0.9/V22 -> 15.906977 | Y22: =SUM(E22:F22)*1.1/V22 -> 19.44186 | Z22: ="Thép cuộn cán nóng "&C22&" "&D22&T22&U22 -> Thép cuộn cán nóng 2.75x123X SAE1006MINH PHÚQUA CÁN NGUỘI | AA22: =VLOOKUP(Z22,Order!F:H,2,FALSE) -> #N/A | AB22: =VLOOKUP(AA22,Order!G:H,2,FALSE) -> #N/A | AC22: =VLOOKUP(Z22,'ort9'!D:E,2,0) -> #N/A | AD22: =E22+F22 -> 380 | AE22: =IF(SUM(E22:F22)>2000,((Y22-X22)/2)/2,(Y22-X22)/2) -> 1.7674419 | AF22: ± | AG22: =ROUND(AE22,0) -> 2 | AH22: =AF22&AG22 -> ±2 | AJ22: =VLOOKUP(Z22,'ort9'!H:I,2,0) -> #N/A | AK22: =VLOOKUP(AA22,'ort9'!I:J,2,0) -> #N/A
A23: =ROW()-9 -> 14 | C23: 2.75x123X | D23: SAE1006 | E23: 0 | F23: 2000 | G23: =+W23 -> 85.106383 | H23: =+AH23 -> ±9 | I23: - | J23: - | K23: - | L23: ≤65 | M23: SAE1006-Al | N23: 65x1240 | P23: =+AA23 -> #N/A | Q23: =+AB23 -> #N/A | R23: 18-24 | S23: Tôn-Ống_Qua cán nguội | T23: MINH PHÚ | U23: QUA CÁN NGUỘI | V23: =RIGHT(R23,2)-0.5 -> 23.5 | W23: =SUM(E23:F23)/V23 -> 85.106383 | X23: =SUM(E23:F23)*0.9/V23 -> 76.595745 | Y23: =SUM(E23:F23)*1.1/V23 -> 93.617021 | Z23: ="Thép cuộn cán nóng "&C23&" "&D23&T23&U23 -> Thép cuộn cán nóng 2.75x123X SAE1006MINH PHÚQUA CÁN NGUỘI | AA23: =VLOOKUP(Z23,Order!F:H,2,FALSE) -> #N/A | AB23: =VLOOKUP(AA23,Order!G:H,2,FALSE) -> #N/A | AC23: =VLOOKUP(Z23,'ort9'!D:E,2,0) -> #N/A | AD23: =E23+F23 -> 2000 | AE23: =IF(SUM(E23:F23)>2000,((Y23-X23)/2)/2,(Y23-X23)/2) -> 8.5106383 | AF23: ± | AG23: =ROUND(AE23,0) -> 9 | AH23: =AF23&AG23 -> ±9 | AJ23: =VLOOKUP(Z23,'ort9'!H:I,2,0) -> #N/A | AK23: =VLOOKUP(AA23,'ort9'!I:J,2,0) -> #N/A
A24: =ROW()-9 -> 15 | C24: 2.75x123X | D24: SAE1006 | E24: 0 | F24: 2000 | G24: =+W24 -> 81.632653 | H24: =+AH24 -> ±8 | I24: - | J24: - | K24: - | L24: ≤65 | M24: SAE1006-Al | N24: 65x1240 | O24: Si=<0.03%; Si+2.5P=<0.085%. | P24: =+AA24 -> #N/A | Q24: =+AB24 -> #N/A | R24: 18-25 | S24: Ống-Qua cán nguội | T24: ỐNG THÉP ĐÀ NẴNG | U24: QUA CÁN NGUỘI | V24: =RIGHT(R24,2)-0.5 -> 24.5 | W24: =SUM(E24:F24)/V24 -> 81.632653 | X24: =SUM(E24:F24)*0.9/V24 -> 73.469388 | Y24: =SUM(E24:F24)*1.1/V24 -> 89.795918 | Z24: ="Thép cuộn cán nóng "&C24&" "&D24&T24&U24 -> Thép cuộn cán nóng 2.75x123X SAE1006ỐNG THÉP ĐÀ NẴNGQUA CÁN NGUỘI | AA24: =VLOOKUP(Z24,Order!F:H,2,FALSE) -> #N/A | AB24: =VLOOKUP(AA24,Order!G:H,2,FALSE) -> #N/A | AC24: =VLOOKUP(Z24,'ort9'!D:E,2,0) -> #N/A | AD24: =E24+F24 -> 2000 | AE24: =IF(SUM(E24:F24)>2000,((Y24-X24)/2)/2,(Y24-X24)/2) -> 8.1632653 | AF24: ± | AG24: =ROUND(AE24,0) -> 8 | AH24: =AF24&AG24 -> ±8 | AJ24: =VLOOKUP(Z24,'ort9'!H:I,2,0) -> #N/A | AK24: =VLOOKUP(AA24,'ort9'!I:J,2,0) -> #N/A
A25: =ROW()-9 -> 16 | C25: 2.45x123X | D25: SAE1006 | E25: 0 | F25: 2500 | G25: =+W25 -> 106.38298 | H25: =+AH25 -> ±5 | I25: - | J25: - | K25: - | L25: ≤65 | M25: SAE1006-Al | N25: 65x1240 | P25: =+AA25 -> #N/A | Q25: =+AB25 -> #N/A | R25: 18-24 | S25: Tôn-Ống_Qua cán nguội | T25: MINH PHÚ | U25: QUA CÁN NGUỘI | V25: =RIGHT(R25,2)-0.5 -> 23.5 | W25: =SUM(E25:F25)/V25 -> 106.38298 | X25: =SUM(E25:F25)*0.9/V25 -> 95.744681 | Y25: =SUM(E25:F25)*1.1/V25 -> 117.02128 | Z25: ="Thép cuộn cán nóng "&C25&" "&D25&T25&U25 -> Thép cuộn cán nóng 2.45x123X SAE1006MINH PHÚQUA CÁN NGUỘI | AA25: =VLOOKUP(Z25,Order!F:H,2,FALSE) -> #N/A | AB25: =VLOOKUP(AA25,Order!G:H,2,FALSE) -> #N/A | AC25: =VLOOKUP(Z25,'ort9'!D:E,2,0) -> #N/A | AD25: =E25+F25 -> 2500 | AE25: =IF(SUM(E25:F25)>2000,((Y25-X25)/2)/2,(Y25-X25)/2) -> 5.3191489 | AF25: ± | AG25: =ROUND(AE25,0) -> 5 | AH25: =AF25&AG25 -> ±5 | AJ25: =VLOOKUP(Z25,'ort9'!H:I,2,0) -> #N/A | AK25: =VLOOKUP(AA25,'ort9'!I:J,2,0) -> #N/A
A26: =ROW()-9 -> 17 | C26: 2.45x123X | D26: SAE1006 | E26: 0 | F26: 1500 | G26: =+W26 -> 61.22449 | H26: =+AH26 -> ±6 | I26: - | J26: - | K26: - | L26: ≤65 | M26: SAE1006-Al | N26: 65x1240 | O26: Si=<0.03%; Si+2.5P=<0.085%. | P26: =+AA26 -> #N/A | Q26: =+AB26 -> #N/A | R26: 18-25 | S26: Ống-Qua cán nguội | T26: ỐNG THÉP ĐÀ NẴNG | U26: QUA CÁN NGUỘI | V26: =RIGHT(R26,2)-0.5 -> 24.5 | W26: =SUM(E26:F26)/V26 -> 61.22449 | X26: =SUM(E26:F26)*0.9/V26 -> 55.102041 | Y26: =SUM(E26:F26)*1.1/V26 -> 67.346939 | Z26: ="Thép cuộn cán nóng "&C26&" "&D26&T26&U26 -> Thép cuộn cán nóng 2.45x123X SAE1006ỐNG THÉP ĐÀ NẴNGQUA CÁN NGUỘI | AA26: =VLOOKUP(Z26,Order!F:H,2,FALSE) -> #N/A | AB26: =VLOOKUP(AA26,Order!G:H,2,FALSE) -> #N/A | AC26: =VLOOKUP(Z26,'ort9'!D:E,2,0) -> #N/A | AD26: =E26+F26 -> 1500 | AE26: =IF(SUM(E26:F26)>2000,((Y26-X26)/2)/2,(Y26-X26)/2) -> 6.122449 | AF26: ± | AG26: =ROUND(AE26,0) -> 6 | AH26: =AF26&AG26 -> ±6 | AJ26: =VLOOKUP(Z26,'ort9'!H:I,2,0) -> #N/A | AK26: =VLOOKUP(AA26,'ort9'!I:J,2,0) -> #N/A
A27: =ROW()-9 -> 18 | C27: 2.40x123X | D27: SAE1006 | E27: 0 | F27: 800 | G27: =+W27 -> 37.209302 | H27: =+AH27 -> ±4 | I27: - | J27: - | K27: - | L27: ≤65 | M27: SAE1006-Al | N27: 65x1240 | P27: =+AA27 -> #N/A | Q27: =+AB27 -> #N/A | R27: 17-22 | S27: Tôn-Ống_Qua cán nguội | T27: MINH PHÚ | U27: QUA CÁN NGUỘI | V27: =RIGHT(R27,2)-0.5 -> 21.5 | W27: =SUM(E27:F27)/V27 -> 37.209302 | X27: =SUM(E27:F27)*0.9/V27 -> 33.488372 | Y27: =SUM(E27:F27)*1.1/V27 -> 40.930233 | Z27: ="Thép cuộn cán nóng "&C27&" "&D27&T27&U27 -> Thép cuộn cán nóng 2.40x123X SAE1006MINH PHÚQUA CÁN NGUỘI | AA27: =VLOOKUP(Z27,Order!F:H,2,FALSE) -> #N/A | AB27: =VLOOKUP(AA27,Order!G:H,2,FALSE) -> #N/A | AC27: =VLOOKUP(Z27,'ort9'!D:E,2,0) -> #N/A | AD27: =E27+F27 -> 800 | AE27: =IF(SUM(E27:F27)>2000,((Y27-X27)/2)/2,(Y27-X27)/2) -> 3.7209302 | AF27: ± | AG27: =ROUND(AE27,0) -> 4 | AH27: =AF27&AG27 -> ±4 | AJ27: =VLOOKUP(Z27,'ort9'!H:I,2,0) -> #N/A | AK27: =VLOOKUP(AA27,'ort9'!I:J,2,0) -> #N/A
A28: =ROW()-9 -> 19 | C28: 2.35x123X | D28: SAE1006 | E28: 0 | F28: 1000 | G28: =+W28 -> 40.816327 | H28: =+AH28 -> ±4 | I28: - | J28: - | K28: - | L28: ≤65 | M28: SAE1006-Al | N28: 65x1240 | O28: Si=<0.03%; Si+2.5P=<0.085%. | P28: =+AA28 -> #N/A | Q28: =+AB28 -> #N/A | R28: 18-25 | S28: Ống-Qua cán nguội | T28: ỐNG THÉP ĐÀ NẴNG | U28: QUA CÁN NGUỘI | V28: =RIGHT(R28,2)-0.5 -> 24.5 | W28: =SUM(E28:F28)/V28 -> 40.816327 | X28: =SUM(E28:F28)*0.9/V28 -> 36.734694 | Y28: =SUM(E28:F28)*1.1/V28 -> 44.897959 | Z28: ="Thép cuộn cán nóng "&C28&" "&D28&T28&U28 -> Thép cuộn cán nóng 2.35x123X SAE1006ỐNG THÉP ĐÀ NẴNGQUA CÁN NGUỘI | AA28: =VLOOKUP(Z28,Order!F:H,2,FALSE) -> #N/A | AB28: =VLOOKUP(AA28,Order!G:H,2,FALSE) -> #N/A | AC28: =VLOOKUP(Z28,'ort9'!D:E,2,0) -> #N/A | AD28: =E28+F28 -> 1000 | AE28: =IF(SUM(E28:F28)>2000,((Y28-X28)/2)/2,(Y28-X28)/2) -> 4.0816327 | AF28: ± | AG28: =ROUND(AE28,0) -> 4 | AH28: =AF28&AG28 -> ±4 | AJ28: =VLOOKUP(Z28,'ort9'!H:I,2,0) -> #N/A | AK28: =VLOOKUP(AA28,'ort9'!I:J,2,0) -> #N/A
A29: =ROW()-9 -> 20 | C29: 3.00x121X | D29: SAE1006 | E29: 200 | F29: 0 | G29: =+W29 -> 8.5106383 | H29: =+AH29 -> ±1 | I29: - | J29: - | K29: - | L29: ≤65 | M29: SAE1006-Al | N29: 65x1220 | O29: Trung gian hạn chế | P29: =+AA29 -> #N/A | Q29: =+AB29 -> #N/A | R29: 18-24 | S29: Tôn-Qua cán nguội | T29: HOA SEN | U29: QUA CÁN NGUỘI | V29: =RIGHT(R29,2)-0.5 -> 23.5 | W29: =SUM(E29:F29)/V29 -> 8.5106383 | X29: =SUM(E29:F29)*0.9/V29 -> 7.6595745 | Y29: =SUM(E29:F29)*1.1/V29 -> 9.3617021 | Z29: ="Thép cuộn cán nóng "&C29&" "&D29&T29&U29 -> Thép cuộn cán nóng 3.00x121X SAE1006HOA SENQUA CÁN NGUỘI | AA29: =VLOOKUP(Z29,Order!F:H,2,FALSE) -> #N/A | AB29: =VLOOKUP(AA29,Order!G:H,2,FALSE) -> #N/A | AC29: =VLOOKUP(Z29,'ort9'!D:E,2,0) -> #N/A | AD29: =E29+F29 -> 200 | AE29: =IF(SUM(E29:F29)>2000,((Y29-X29)/2)/2,(Y29-X29)/2) -> 0.85106383 | AF29: ± | AG29: =ROUND(AE29,0) -> 1 | AH29: =AF29&AG29 -> ±1 | AJ29: =VLOOKUP(Z29,'ort9'!H:I,2,0) -> #N/A | AK29: =VLOOKUP(AA29,'ort9'!I:J,2,0) -> #N/A
A30: =ROW()-9 -> 21 | C30: 2.75x121Y | D30: SAE1006 | E30: 0 | F30: 1350 | G30: =+W30 -> 57.446809 | H30: =+AH30 -> ±6 | I30: - | J30: - | K30: - | L30: ≤65 | M30: SAE1006-Al | N30: 65x1220 | P30: =+AA30 -> #N/A | Q30: =+AB30 -> #N/A | R30: 18-24 | S30: Tôn-Ống_Qua cán nguội | T30: MINH PHÚ | U30: QUA CÁN NGUỘI | V30: =RIGHT(R30,2)-0.5 -> 23.5 | W30: =SUM(E30:F30)/V30 -> 57.446809 | X30: =SUM(E30:F30)*0.9/V30 -> 51.702128 | Y30: =SUM(E30:F30)*1.1/V30 -> 63.191489 | Z30: ="Thép cuộn cán nóng "&C30&" "&D30&T30&U30 -> Thép cuộn cán nóng 2.75x121Y SAE1006MINH PHÚQUA CÁN NGUỘI | AA30: =VLOOKUP(Z30,Order!F:H,2,FALSE) -> #N/A | AB30: =VLOOKUP(AA30,Order!G:H,2,FALSE) -> #N/A | AC30: =VLOOKUP(Z30,'ort9'!D:E,2,0) -> #N/A | AD30: =E30+F30 -> 1350 | AE30: =IF(SUM(E30:F30)>2000,((Y30-X30)/2)/2,(Y30-X30)/2) -> 5.7446809 | AF30: ± | AG30: =ROUND(AE30,0) -> 6 | AH30: =AF30&AG30 -> ±6 | AJ30: =VLOOKUP(Z30,'ort9'!H:I,2,0) -> #N/A | AK30: =VLOOKUP(AA30,'ort9'!I:J,2,0) -> #N/A
A31: =ROW()-9 -> 22 | C31: 2.75x121Y | D31: SAE1006 | E31: 0 | F31: 8700 | G31: =+W31 -> 370.21277 | H31: =+AH31 -> ±19 | I31: - | J31: - | K31: - | L31: ≤65 | M31: SAE1006-Al | N31: 65x1220 | P31: =+AA31 -> #N/A | Q31: =+AB31 -> #N/A | R31: 18-24 | S31: Ống-Qua cán nguội | T31: ỐNG THÉP MIỀN NAM | U31: QUA CÁN NGUỘI | V31: =RIGHT(R31,2)-0.5 -> 23.5 | W31: =SUM(E31:F31)/V31 -> 370.21277 | X31: =SUM(E31:F31)*0.9/V31 -> 333.19149 | Y31: =SUM(E31:F31)*1.1/V31 -> 407.23404 | Z31: ="Thép cuộn cán nóng "&C31&" "&D31&T31&U31 -> Thép cuộn cán nóng 2.75x121Y SAE1006ỐNG THÉP MIỀN NAMQUA CÁN NGUỘI | AA31: =VLOOKUP(Z31,Order!F:H,2,FALSE) -> #N/A | AB31: =VLOOKUP(AA31,Order!G:H,2,FALSE) -> #N/A | AC31: =VLOOKUP(Z31,'ort9'!D:E,2,0) -> #N/A | AD31: =E31+F31 -> 8700 | AE31: =IF(SUM(E31:F31)>2000,((Y31-X31)/2)/2,(Y31-X31)/2) -> 18.510638 | AF31: ± | AG31: =ROUND(AE31,0) -> 19 | AH31: =AF31&AG31 -> ±19 | AJ31: =VLOOKUP(Z31,'ort9'!H:I,2,0) -> #N/A | AK31: =VLOOKUP(AA31,'ort9'!I:J,2,0) -> #N/A
A32: =ROW()-9 -> 23 | C32: 2.45x121Y | D32: SAE1006 | E32: 0 | F32: 2500 | G32: =+W32 -> 106.38298 | H32: =+AH32 -> ±5 | I32: - | J32: - | K32: - | L32: ≤65 | M32: SAE1006-Al | N32: 65x1220 | P32: =+AA32 -> #N/A | Q32: =+AB32 -> #N/A | R32: 18-24 | S32: Tôn-Ống_Qua cán nguội | T32: MINH PHÚ | U32: QUA CÁN NGUỘI | V32: =RIGHT(R32,2)-0.5 -> 23.5 | W32: =SUM(E32:F32)/V32 -> 106.38298 | X32: =SUM(E32:F32)*0.9/V32 -> 95.744681 | Y32: =SUM(E32:F32)*1.1/V32 -> 117.02128 | Z32: ="Thép cuộn cán nóng "&C32&" "&D32&T32&U32 -> Thép cuộn cán nóng 2.45x121Y SAE1006MINH PHÚQUA CÁN NGUỘI | AA32: =VLOOKUP(Z32,Order!F:H,2,FALSE) -> #N/A | AB32: =VLOOKUP(AA32,Order!G:H,2,FALSE) -> #N/A | AC32: =VLOOKUP(Z32,'ort9'!D:E,2,0) -> #N/A | AD32: =E32+F32 -> 2500 | AE32: =IF(SUM(E32:F32)>2000,((Y32-X32)/2)/2,(Y32-X32)/2) -> 5.3191489 | AF32: ± | AG32: =ROUND(AE32,0) -> 5 | AH32: =AF32&AG32 -> ±5 | AJ32: =VLOOKUP(Z32,'ort9'!H:I,2,0) -> #N/A | AK32: =VLOOKUP(AA32,'ort9'!I:J,2,0) -> #N/A
A33: =ROW()-9 -> 24 | C33: 2.30x121Y | D33: SAE1006 | E33: 1500 | F33: 0 | G33: =+W33 -> 76.923077 | H33: =+AH33 -> ±8 | I33: - | J33: - | K33: - | L33: ≤65 | M33: SAE1006-Al | N33: 65x1220 | O33: Dùng sản xuất tôn màu | P33: =+AA33 -> #N/A | Q33: =+AB33 -> #N/A | R33: 17-20 | S33: Tôn-Qua cán nguội | T33: THÉP VIỆT NHẬT | U33: QUA CÁN NGUỘI | V33: =RIGHT(R33,2)-0.5 -> 19.5 | W33: =SUM(E33:F33)/V33 -> 76.923077 | X33: =SUM(E33:F33)*0.9/V33 -> 69.230769 | Y33: =SUM(E33:F33)*1.1/V33 -> 84.615385 | Z33: ="Thép cuộn cán nóng "&C33&" "&D33&T33&U33 -> Thép cuộn cán nóng 2.30x121Y SAE1006THÉP VIỆT NHẬTQUA CÁN NGUỘI | AA33: =VLOOKUP(Z33,Order!F:H,2,FALSE) -> #N/A | AB33: =VLOOKUP(AA33,Order!G:H,2,FALSE) -> #N/A | AC33: =VLOOKUP(Z33,'ort9'!D:E,2,0) -> #N/A | AD33: =E33+F33 -> 1500 | AE33: =IF(SUM(E33:F33)>2000,((Y33-X33)/2)/2,(Y33-X33)/2) -> 7.6923077 | AF33: ± | AG33: =ROUND(AE33,0) -> 8 | AH33: =AF33&AG33 -> ±8 | AJ33: =VLOOKUP(Z33,'ort9'!H:I,2,0) -> #N/A | AK33: =VLOOKUP(AA33,'ort9'!I:J,2,0) -> #N/A
A34: =ROW()-9 -> 25 | B34: Tổng | E34: =SUM(E10:E33) -> 5200 | F34: =SUM(F10:F33) -> 40760 | G34: =SUM(G11:G28) -> 1311.5019 | AE34: =IF(SUM(E34:F34)>2000,((Y34-X34)/2)/2,(Y34-X34)/2) -> 0 | AF34: ± | AG34: =ROUND(AE34,0) -> 0 | AH34: =AF34&AG34 -> ±0 | AJ34: =VLOOKUP(Z34,'ort9'!H:I,2,TRUE) -> #N/A | AK34: =VLOOKUP(AA34,'ort9'!I:J,2,0) -> #N/A
A35: Ghi chú: - Cho phép cán lại phôi hồi lò đạt TPHH và không có các khuyết tật đúc nghiêm trọng như: ngậm xỉ sâu, nứt ngang, cong vênh ... - Các chỉ tiêu chất lượng khác đánh giá theo TCNB. MẶC ĐỊNH GIÁ TRỊ X=2, Y=7. - Các sản phẩm với mục đích làm Tôn, ống, Ống Gi sản xuất đủ loại I theo LSX. Phân loại chất lượng sản phẩm theo phiếu YCCN số 264.2024 NM.HRC1 / phiếu YCCN số 430.2025/YCCN- P.CN./. - Các sản phẩm với mục đích làm Cut sheet, kết cấu sản xuất đủ loại I theo LSX. Phân loại chất lượng sản phẩm theo phiếu YCCN số 248.2024 NM.HRC1 / phiếu YCCN số 431.2025/YCCN- P.CN./. | AE35: =(5-4)/2 -> 0.5 | AG35: =ROUND(AE35,0) -> 1
N36: Quảng Ngãi, ngày 16 tháng 10 năm 2025
E37: BGĐ | O37: T/P P.KH
A38: Nơi nhận:
A39: - BGĐ (thay BC);
A40: - Các BP/NM;
A41: - Lưu P.KH (EO).

Sheet mvt
A1: Material Description | B1: Quy cách | C1: Ngày hết hạng đăng ký | D1: Material
A2: Thép cuộn cán nóng 3.95x123X SS400 II | B2: 3.95×1232×C | C2: JIS G3101-2017 | D2: 1251121972977
A3: Thép cuộn cán nóng 3.95x123X SS400 | B3: 3.95×1232×C | C3: JIS G3101-2017 | D3: 1251121972960
A4: Thép cuộn cán nóng 3.50x123X SS400 II | B4: 3.50×1232×C | C4: JIS G3101-2017 | D4: 1251121972953
A5: Thép cuộn cán nóng 3.50x123X SS400 | B5: 3.50×1232×C | C5: JIS G3101-2017 | D5: 1251121972946
A6: Thép cuộn cán nóng 5.00x150X ASTM A36 II | B6: 5.00×1502×C | C6: ASTM A36/A36M | D6: 1251121972939
A7: Thép cuộn cán nóng 5.00x150X ASTM A36 | B7: 5.00×1502×C | C7: ASTM A36/A36M | D7: 1251121972922
A8: Thép cuộn cán nóng 2.70x150X SS400 II | B8: 2.70×1502×C | C8: JIS G3101-2017 | D8: 1251121972915
A9: Thép cuộn cán nóng 2.70x150X SS400 | B9: 2.70×1502×C | C9: JIS G3101-2017 | D9: 1251121972908
A10: Thép cuộn cán nóng 2.40x150X SS400 II | B10: 2.40×1502×C | C10: JIS G3101-2017 | D10: 1251121972892
A11: Thép cuộn cán nóng 2.40x150X SS400 | B11: 2.40×1502×C | C11: JIS G3101-2017 | D11: 1251121972885
A12: Thép cuộn cán nóng 2.20x125X SS400 II | B12: 2.20×1252×C | C12: JIS G3101-2017 | D12: 1251121972878
... A8471: Thép cuộn cán nóng 1.95x1197 SAE1006 | B8471: 1.95×1197×C | C8471: SAE J403-2014 | D8471: 1251121440025
A8472: Thép cuộn cán nóng | D8472: 1259999999995
A8473: Thép cuộn cán nóng 3.45x1200 SAE1006 II | B8473: 3.45×1200×C | C8473: SAE J403-2014 | D8473: 1251121470701
A8474: Thép cuộn cán nóng 3.45x1200 SAE1006 | B8474: 3.45×1200×C | C8474: SAE J403-2014 | D8474: 1251121470695
A8475: Thép cuộn cán nóng 2.45x1214 SS400 II | B8475: 2.45×1214×C | C8475: JIS G3101-2017 | D8475: 1251121470473
A8476: Thép cuộn cán nóng 2.45x1214 SS400 | B8476: 2.45×1214×C | C8476: JIS G3101-2017 | D8476: 1251121470466
A8477: Thép cuộn cán nóng 2.25x1214 SS400 II | B8477: 2.25×1214×C | C8477: JIS G3101-2017 | D8477: 1251121470459
A8478: Thép cuộn cán nóng 2.25x1214 SS400 | B8478: 2.25×1214×C | C8478: JIS G3101-2017 | D8478: 1251121470442
A8479: Thép cuộn cán nóng 5.30x1214 SS400 II | B8479: 5.30×1214×C | C8479: JIS G3101-2017 | D8479: 1251121470435
A8480: Thép cuộn cán nóng 5.30x1214 SS400 | B8480: 5.30×1214×C | C8480: JIS G3101-2017 | D8480: 1251121470428
A8481: Thép cuộn cán nóng 4.90x1214 SS400 II | B8481: 4.90×1214×C | C8481: JIS G3101-2017 | D8481: 1251121470411
A8482: Thép cuộn cán nóng 4.90x1214 SS400 | B8482: 4.90×1214×C | C8482: JIS G3101-2017 | D8482: 1251121470404
A8483: Thép cuộn cán nóng 4.60x1214 SS400 II | B8483: 4.60×1214×C | C8483: JIS G3101-2017 | D8483: 1251121470398
A8484: Thép cuộn cán nóng 4.60x1214 SS400 | B8484: 4.60×1214×C | C8484: JIS G3101-2017 | D8484: 1251121470381
... A9067: Thép cuộn cán nóng 1.5x1250mm SAE1006 | B9067: 1.5×1250×C | C9067: TCCS | D9067: 1251120490489
A9068: Thép cuộn cán nóng 1.8x1100mm SPHC, II | C9068: TCCS | D9068: 1251120490250
A9069: Thép cuộn cán nóng 1.8x1300mm SPHC, II | C9069: TCCS | D9069: 1251120490243
A9070: Thép cuộn cán nóng 2.0x1300mm SPHC, II | C9070: TCCS | D9070: 1251120490236
A9071: Thép cuộn cán nóng 2.2x1300mm SPHC, II | C9071: TCCS | D9071: 1251120490229
A9072: Thép cuộn cán nóng 1.8x1250mm SPHC, II | C9072: TCCS | D9072: 1251120490212
A9073: Thép cuộn cán nóng 2.0x1250mm SPHC, II | C9073: TCCS | D9073: 1251120490205
A9074: Thép cuộn cán nóng 2.2x1250mm SPHC, II | C9074: TCCS | D9074: 1251120490199
A9075: Thép cuộn cán nóng 2.4x1250mm SPHC, II | C9075: TCCS | D9075: 1251120490182
A9076: Thép cuộn cán nóng 2.6x1250mm SPHC, II | C9076: TCCS | D9076: 1251120490175
A9077: Thép cuộn cán nóng 3.0x1250mm SPHC, II | C9077: TCCS | D9077: 1251120490168
A9078: Thép cuộn cán nóng 2.0x1100mm SS400, II | C9078: TCCS | D9078: 1251120490151
A9079: Thép cuộn cán nóng 2.2x1100mm SS400, II | C9079: TCCS | D9079: 1251120490144
... A9111: [D]Thép cuộn cán nóng 5.0x1250mm SS400 | C9111: TCCS | D9111: 1251120489827
A9112: Thép cuộn cán nóng 2.40x1260 SAE1006 II | B9112: 2.40×1260×C | C9112: SAE J403-2014 | D9112: 1251121460962
A9113: Thép cuộn cán nóng 2.40x1260 SAE1006 | B9113: 2.40×1260×C | C9113: SAE J403-2014 | D9113: 1251121460955
A9114: Thép cuộn cán nóng 2.00x1264 SAE1006 II | B9114: 2.00×1264×C | C9114: SAE J403-2014 | D9114: 1251121460948
A9115: Thép cuộn cán nóng 2.00x1264 SAE1006 | B9115: 2.00×1264×C | C9115: SAE J403-2014 | D9115: 1251121460931
A9116: Thép cuộn cán nóng 2.30x1290 SAE1006 II | B9116: 2.30×1290×C | C9116: SAE J403-2014 | D9116: 1251121460924
A9117: Thép cuộn cán nóng 2.30x1290 SAE1006 | B9117: 2.30×1290×C | C9117: SAE J403-2014 | D9117: 1251121460917
A9118: Thép cuộn cán nóng 3.40x1250 SS400 II | B9118: 3.40×1250×C | C9118: JIS G3101-2017 | D9118: 1251121460481
A9119: Thép cuộn cán nóng 3.40x1250 SS400 | B9119: 3.40×1250×C | C9119: JIS G3101-2017 | D9119: 1251121460474
A9120: Thép cuộn cán nóng 4.30x1500 SS400 II | B9120: 4.30×1500×C | C9120: JIS G3101-2017 | D9120: 1251121460214
A9121: Thép cuộn cán nóng 4.30x1500 SS400 | B9121: 4.30×1500×C | C9121: JIS G3101-2017 | D9121: 1251121460207
A9122: Thép cuộn cán nóng 2.70x1500 SS400 II | B9122: 2.70×1500×C | C9122: JIS G3101-2017 | D9122: 1251121460191
A9123: Thép cuộn cán nóng 2.70x1500 SS400 | B9123: 2.70×1500×C | C9123: JIS G3101-2017 | D9123: 1251121460184
... A9301: Thép cuộn cán nóng 3.45x1250 Q195 II | B9301: 3.45×1250×C | C9301: GB/T 700-2006 | D9301: 1251121450475
A9302: Thép cuộn cán nóng 2.50x1250 Type A II | B9302: 2.50×1250×C | D9302: 1251121450468
A9303: Thép cuộn cán nóng 2.75x1250 Type A II | B9303: 2.75×1250×C | D9303: 1251121450451
A9304: Thép cuộn cán nóng 2.50x1250 SPHT1 II | B9304: 2.50×1250×C | C9304: JIS G3132-2018 | D9304: 1251121450444
A9305: Thép cuộn cán nóng 2.75x1250 SPHT1 II | B9305: 2.75×1250×C | C9305: JIS G3132-2018 | D9305: 1251121450437
A9306: Thép cuộn cán nóng 2.50x1250 SPHC II | B9306: 2.50×1250×C | C9306: JIS G3131-2018 | D9306: 1251121450420
A9307: Thép cuộn cán nóng 2.75x1250 SPHC II | B9307: 2.75×1250×C | C9307: JIS G3131-2018 | D9307: 1251121450413
A9308: Thép cuộn cán nóng 2.95x1250 SM400A | B9308: 2.95×1250×C | C9308: JIS G3106-2017 | D9308: 1251121450406
A9309: Thép cuộn cán nóng 3.45x1250 SM400A | B9309: 3.45×1250×C | C9309: JIS G3106-2017 | D9309: 1251121450390
A9310: Thép cuộn cán nóng 2.75x1250 Q195 | B9310: 2.75×1250×C | C9310: GB/T 700-2006 | D9310: 1251121450383
A9311: Thép cuộn cán nóng 3.45x1250 Q195 | B9311: 3.45×1250×C | C9311: GB/T 700-2006 | D9311: 1251121450376
A9312: Thép cuộn cán nóng 2.50x1250 Type A | B9312: 2.50×1250×C | D9312: 1251121450369
A9313: Thép cuộn cán nóng 2.75x1250 Type A | B9313: 2.75×1250×C | D9313: 1251121450352
A9314: Thép cuộn cán nóng 2.50x1250 SPHT1 | B9314: 2.50×1250×C | C9314: JIS G3132-2018 | D9314: 1251121450345
A9315: Thép cuộn cán nóng 2.75x1250 SPHT1 | B9315: 2.75×1250×C | C9315: JIS G3132-2018 | D9315: 1251121450338
A9316: Thép cuộn cán nóng 2.50x1250 SPHC | B9316: 2.50×1250×C | C9316: JIS G3131-2018 | D9316: 1251121450321
A9317: Thép cuộn cán nóng 2.75x1250 SPHC | B9317: 2.75×1250×C | C9317: JIS G3131-2018 | D9317: 1251121450314
A9318: Thép cuộn cán nóng 4.90x1250 SS400 II | B9318: 4.90×1250×C | C9318: JIS G3101-2017 | D9318: 1251121449905
A9319: Thép cuộn cán nóng 4.90x1250 SS400 | B9319: 4.90×1250×C | C9319: JIS G3101-2017 | D9319: 1251121449899
A9320: Thép cuộn cán nóng 2.35x1230 SAE1006 II | B9320: 2.35×1230×C | C9320: SAE J403-2014 | D9320: 1251121449646
A9321: Thép cuộn cán nóng 3.90x1290 SAE1006 II | B9321: 3.90×1290×C | C9321: SAE J403-2014 | D9321: 1251121449639
A9322: Thép cuộn cán nóng 2.35x1230 SAE1006 | B9322: 2.35×1230×C | C9322: SAE J403-2014 | D9322: 1251121449622
A9323: Thép cuộn cán nóng 3.90x1290 SAE1006 | B9323: 3.90×1290×C | C9323: SAE J403-2014 | D9323: 1251121449615
A9324: Thép cuộn cán nóng 1.48x1219 SAE1006 II | B9324: 1.48×1219×C | C9324: SAE J403-2014 | D9324: 1251121449417
A9325: Thép cuộn cán nóng 1.48x1219 SAE1006 | B9325: 1.48×1219×C | C9325: SAE J403-2014 | D9325: 1251121449400
... A10155: Thép cuộn cán nóng 9.40x1219 ASTM A36 | B10155: 9.40×1219×C | C10155: ASTM A36/A36M | D10155: 1251121465615
A10156: [D]Thép cuộn cán nóng 8.0x1250mm SAE1006 | C10156: TCCS | D10156: 1251120406268
A10157: [D]Thép cuộn cán nóng 5.0x1250mm SS400 | C10157: TCCS | D10157: 1251120406251
A10158: [D]Thép cuộn cán nóng 5.0x1250mm SAE1006 | C10158: TCCS | D10158: 1251120406244
A10159: [D]Thép cuộn cán nóng 4.0x1250mm SS400 | C10159: TCCS | D10159: 1251120406237
A10160: [D]Thép cuộn cán nóng 4.0x1250mm SAE1006 | C10160: TCCS | D10160: 1251120406220
A10161: [D]Thép cuộn cán nóng 3.0x1250mm SS400 | C10161: TCCS | D10161: 1251120406213
A10162: [D]Thép cuộn cán nóng 3.0x1250mm SAE1006 | C10162: TCCS | D10162: 1251120406206
A10163: [D]Thép cuộn cán nóng 2.3x1500mm SS400 | C10163: TCCS | D10163: 1251120406190
A10164: [D]Thép cuộn cán nóng 2.3x1500mm SAE1006 | C10164: TCCS | D10164: 1251120406183
A10165: [D]Thép cuộn cán nóng 2.3x1250mm SS400 | C10165: TCCS | D10165: 1251120406176
A10166: [D]Thép cuộn cán nóng 2.3x1250mm SAE1006 | C10166: TCCS | D10166: 1251120406169
A10167: [D]Thép cuộn cán nóng 2.0x1500mm SS400 | C10167: TCCS | D10167: 1251120406152
... A10173: [D]Thép cuộn cán nóng 1.5x1250mm SAE1006 | C10173: TCCS | D10173: 1251120406091
A10174: Thép cuộn cán nóng 4.55x125X S235JR II | B10174: 4.55×1252×C | C10174: EN10025-2 | D10174: 1251121978511
A10175: Thép cuộn cán nóng 2.42x126X SAE1006 II | B10175: 2.42×1262×C | C10175: SAE J403-2014 | D10175: 1251121978535
A10176: Thép HRC HSPM 4.55x125X S235JR II | B10176: 4.55×1252×C | C10176: EN10025-2 | D10176: 1251122114086
A10177: Thép HRC HSPM 4.55x125X S235JR | B10177: 4.55×1252×C | C10177: EN10025-2 | D10177: 1251122114079
A10178: Thép cuộn cán nóng 4.55x125X S235JR | B10178: 4.55×1252×C | C10178: EN10025-2 | D10178: 1251121978504
A10179: Thép cuộn cán nóng 2.42x126X SAE1006 | B10179: 2.42×1262×C | C10179: SAE J403-2014 | D10179: 1251121978528
A10180: Thép cuộn cán nóng 11.70x1500 SS400 | B10180: 11.70×1500×C | C10180: JIS G3101-2017 | D10180: 1251121469088
A10181: Thép cuộn cán nóng 4.90x1500 SS400 II | B10181: 4.90×1500×C | C10181: JIS G3101-2017 | D10181: 1251121453001
A10182: Thép cuộn cán nóng 4.90x1500 SS400 | B10182: 4.90×1500×C | C10182: JIS G3101-2017 | D10182: 1251121452943
...

Sheet Theo dõi thực tế
U1: BM.04D/QT.05 Ngày hiệu lực: 06/06/2025 Lần sửa đổi: 02
B3: Số: 02.06.2025/LSX-PXC-NM.HRC1
A4: LỆNH SẢN XUẤT
A5: - Bộ phận thực hiện: PXC-NM.HRC1
A6: - Thời gian hiệu lực: Từ 08h00, ngày 05/06/2025 đến 08h00, ngày 12/06/2025
A7: TT | B7: Thời gian dự kiến SX Time/Date | C7: Sản phẩm/Product | R7: Phôi cán/Slab | T7: Yêu cầu đặc biệt | U7: Số Order number | V7: Số lô/ Batch | W7: KL Cuộn (Tấn) | X7: Mục đích sử dụng | Z7: Khối lượng cuộn trung bình | AA7: Số lượng cuộn yêu cầu | AB7: Số cuộn tối thiểu | AC7: Số cuộn tối đa
C8: Kích cỡ Dimension T x W (mmxmm) | D8: Mác thép Steel grade | E8: Sản lượng Quantity (tấn) | G8: Sản lượng Quantity (cuộn) | I8: Sản lượng thực tế Quantity (tấn) | J8: Sản lượng thực tế Quantity (cuộn) | K8: Chênh lệch (tấn) | L8: Chênh lệch (cuộn) | M8: Đánh giá | N8: Cơ tính/Mechanical properties
E9: 1A | F9: 1B | G9: Yêu cầu | H9: Dung sai | I9: 1A | J9: Yêu cầu | N9: GHC Re (MPa) | O9: GHB Rm (Mpa) | P9: Giãn dài El (%) | Q9: Độ cứng Hardnes (HRB) | R9: Mác phôi Steel grade | S9: Kích thước (mmxmm)
A10: =ROW()-9 -> 1 | B10: 08h00 05/06/2025 - 08h00 07/06/2025 | C10: 2.75x132Y | D10: SAE1006 | E10: 50 | F10: 0 | G10: =+AA10 -> 2.1276596 | H10: ±0 | I10: 1106 | J10: 48 | K10: =I10-E10 -> 1056 | L10: =+J10-G10 -> 45.87234 | M10: Đạt | N10: - | O10: - | P10: - | Q10: ≤65 | R10: SAE1006-Al | S10: 85x1330 | T10: Mục tiêu <62HRB, đang khiếu nại rạn nứt khi uốn - Trung gian (hạn chế) | U10: =+AF10 -> #N/A | V10: =+AG10 -> #N/A | W10: 20-24 | X10: Tôn-Qua cán nguội | Z10: =RIGHT(W10,2)-0.5 -> 23.5 | AA10: =SUM(E10:F10)/Z10 -> 2.1276596 | AB10: =SUM(E10:F10)*0.9/Z10 -> 1.9148936 | AC10: =SUM(E10:F10)*1.1/Z10 -> 2.3404255 | AD10: ="Thép cuộn cán nóng "&C10&" "&D10 -> Thép cuộn cán nóng 2.75x132Y SAE1006 | AE10: =VLOOKUP(AD10,mvt!A:D,4,0) -> 1251121969953 | AF10: =VLOOKUP('Theo dõi thực tế'!AD10,'ort9'!A:B,2,0) -> #N/A | AG10: =VLOOKUP(AD10,'ort9'!D:E,2,0) -> #N/A | AI10: =(AC10-AB10)/2 -> 0.21276596 | AJ10: ± | AK10: =ROUND(AI10,0) -> 0 | AL10: =AJ10&AK10 -> ±0
A11: =ROW()-9 -> 2 | C11: 2.50x132Y | D11: SAE1006 | E11: 1000 | F11: 0 | G11: =+AA11 -> 42.553191 | H11: ±4 | I11: 1083 | J11: 47 | K11: =I11-E11 -> 83 | L11: =+J11-G11 -> 4.4468085 | M11: Đạt | N11: - | O11: - | P11: - | Q11: ≤65 | R11: SAE1006-Al | S11: 85x1330 | T11: Mục tiêu <62HRB, đang khiếu nại rạn nứt khi uốn | U11: =+AF11 -> #N/A | V11: =+AG11 -> #N/A | W11: 20-24 | X11: Tôn-Qua cán nguội | Z11: =RIGHT(W11,2)-0.5 -> 23.5 | AA11: =SUM(E11:F11)/Z11 -> 42.553191 | AB11: =SUM(E11:F11)*0.9/Z11 -> 38.297872 | AC11: =SUM(E11:F11)*1.1/Z11 -> 46.808511 | AD11: ="Thép cuộn cán nóng "&C11&" "&D11 -> Thép cuộn cán nóng 2.50x132Y SAE1006 | AE11: =VLOOKUP(AD11,mvt!A:D,4,0) -> 1251121969939 | AF11: =VLOOKUP('Theo dõi thực tế'!AD11,'ort9'!A:B,2,0) -> #N/A | AG11: =VLOOKUP(AD11,'ort9'!D:E,2,0) -> #N/A | AI11: =(AC11-AB11)/2 -> 4.2553191 | AJ11: ± | AK11: =ROUND(AI11,0) -> 4 | AL11: =AJ11&AK11 -> ±4
A12: =ROW()-9 -> 3 | C12: 4.00x126X | D12: SAE1006 | E12: 500 | F12: 0 | G12: =+AA12 -> 22.222222 | H12: ±2 | N12: - | O12: - | P12: - | Q12: ≤65 | R12: SAE1006-Al | S12: 85x1270 | T12: Chú ý rỗ xước bề mặt | U12: =+AF12 -> #N/A | V12: =+AG12 -> #N/A | W12: 18-23 | X12: Tôn-Qua cán nguội | Z12: =RIGHT(W12,2)-0.5 -> 22.5 | AA12: =SUM(E12:F12)/Z12 -> 22.222222 | AB12: =SUM(E12:F12)*0.9/Z12 -> 20 | AC12: =SUM(E12:F12)*1.1/Z12 -> 24.444444 | AD12: ="Thép cuộn cán nóng "&C12&" "&D12 -> Thép cuộn cán nóng 4.00x126X SAE1006 | AE12: =VLOOKUP(AD12,mvt!A:D,4,0) -> 1251121920305 | AF12: =VLOOKUP('Theo dõi thực tế'!AD12,'ort9'!A:B,2,0) -> #N/A | AG12: =VLOOKUP(AD12,'ort9'!D:E,2,0) -> #N/A | AI12: =(AC12-AB12)/2 -> 2.2222222 | AJ12: ± | AK12: =ROUND(AI12,0) -> 2 | AL12: =AJ12&AK12 -> ±2
A13: =ROW()-9 -> 4 | C13: 3.80x126X | D13: SAE1006 | E13: 500 | F13: 0 | G13: =+AA13 -> 22.222222 | H13: ±2 | N13: - | O13: - | P13: - | Q13: ≤65 | R13: SAE1006-Al | S13: 85x1270 | T13: Chú ý rỗ xước bề mặt | U13: =+AF13 -> #N/A | V13: =+AG13 -> #N/A | W13: 18-23 | X13: Tôn-Qua cán nguội | Z13: =RIGHT(W13,2)-0.5 -> 22.5 | AA13: =SUM(E13:F13)/Z13 -> 22.222222 | AB13: =SUM(E13:F13)*0.9/Z13 -> 20 | AC13: =SUM(E13:F13)*1.1/Z13 -> 24.444444 | AD13: ="Thép cuộn cán nóng "&C13&" "&D13 -> Thép cuộn cán nóng 3.80x126X SAE1006 | AE13: =VLOOKUP(AD13,mvt!A:D,4,0) -> 1251121920961 | AF13: =VLOOKUP('Theo dõi thực tế'!AD13,'ort9'!A:B,2,0) -> #N/A | AG13: =VLOOKUP(AD13,'ort9'!D:E,2,0) -> #N/A | AI13: =(AC13-AB13)/2 -> 2.2222222 | AJ13: ± | AK13: =ROUND(AI13,0) -> 2 | AL13: =AJ13&AK13 -> ±2
A14: =ROW()-9 -> 5 | C14: 3.20x126X | D14: SAE1006 | E14: 2000 | F14: 0 | G14: =+AA14 -> 88.888889 | H14: ±9 | N14: - | O14: - | P14: - | Q14: ≤65 | R14: SAE1006-Al | S14: 85x1270 | T14: Chú ý rỗ xước bề mặt | U14: =+AF14 -> #N/A | V14: =+AG14 -> #N/A | W14: 18-23 | X14: Tôn-Qua cán nguội | Z14: =RIGHT(W14,2)-0.5 -> 22.5 | AA14: =SUM(E14:F14)/Z14 -> 88.888889 | AB14: =SUM(E14:F14)*0.9/Z14 -> 80 | AC14: =SUM(E14:F14)*1.1/Z14 -> 97.777778 | AD14: ="Thép cuộn cán nóng "&C14&" "&D14 -> Thép cuộn cán nóng 3.20x126X SAE1006 | AE14: =VLOOKUP(AD14,mvt!A:D,4,0) -> 1251121919538 | AF14: =VLOOKUP('Theo dõi thực tế'!AD14,'ort9'!A:B,2,0) -> #N/A | AG14: =VLOOKUP(AD14,'ort9'!D:E,2,0) -> #N/A | AI14: =(AC14-AB14)/2 -> 8.8888889 | AJ14: ± | AK14: =ROUND(AI14,0) -> 9 | AL14: =AJ14&AK14 -> ±9
A15: =ROW()-9 -> 6 | C15: 3.00x126X | D15: SAE1006 | E15: 150 | F15: 0 | G15: =+AA15 -> 6.3829787 | H15: ±1 | N15: - | O15: - | P15: - | Q15: ≤65 | R15: SAE1006-Al | S15: 85x1270 | U15: =+AF15 -> #N/A | V15: =+AG15 -> #N/A | W15: 18-24 | X15: Tôn-Qua cán nguội | Z15: =RIGHT(W15,2)-0.5 -> 23.5 | AA15: =SUM(E15:F15)/Z15 -> 6.3829787 | AB15: =SUM(E15:F15)*0.9/Z15 -> 5.7446809 | AC15: =SUM(E15:F15)*1.1/Z15 -> 7.0212766 | AD15: ="Thép cuộn cán nóng "&C15&" "&D15 -> Thép cuộn cán nóng 3.00x126X SAE1006 | AE15: =VLOOKUP(AD15,mvt!A:D,4,0) -> 1251121915400 | AF15: =VLOOKUP('Theo dõi thực tế'!AD15,'ort9'!A:B,2,0) -> #N/A | AG15: =VLOOKUP(AD15,'ort9'!D:E,2,0) -> #N/A | AI15: =(AC15-AB15)/2 -> 0.63829787 | AJ15: ± | AK15: =ROUND(AI15,0) -> 1 | AL15: =AJ15&AK15 -> ±1
A16: =ROW()-9 -> 7 | C16: 2.80x126X | D16: SAE1006 | E16: 1000 | F16: 0 | G16: =+AA16 -> 44.444444 | H16: ±4 | N16: - | O16: - | P16: - | Q16: ≤65 | R16: SAE1006-Al | S16: 85x1270 | T16: Chú ý rỗ xước bề mặt | U16: =+AF16 -> #N/A | V16: =+AG16 -> #N/A | W16: 18-23 | X16: Tôn-Qua cán nguội | Z16: =RIGHT(W16,2)-0.5 -> 22.5 | AA16: =SUM(E16:F16)/Z16 -> 44.444444 | AB16: =SUM(E16:F16)*0.9/Z16 -> 40 | AC16: =SUM(E16:F16)*1.1/Z16 -> 48.888889 | AD16: ="Thép cuộn cán nóng "&C16&" "&D16 -> Thép cuộn cán nóng 2.80x126X SAE1006 | AE16: =VLOOKUP(AD16,mvt!A:D,4,0) -> 1251121919552 | AF16: =VLOOKUP('Theo dõi thực tế'!AD16,'ort9'!A:B,2,0) -> #N/A | AG16: =VLOOKUP(AD16,'ort9'!D:E,2,0) -> #N/A | AI16: =(AC16-AB16)/2 -> 4.4444444 | AJ16: ± | AK16: =ROUND(AI16,0) -> 4 | AL16: =AJ16&AK16 -> ±4
A17: =ROW()-9 -> 8 | C17: 2.75x126Y | D17: SAE1006 | E17: 1000 | F17: 0 | G17: =+AA17 -> 42.553191 | H17: ±4 | N17: - | O17: - | P17: - | Q17: ≤65 | R17: SAE1006-Al | S17: 85x1270 | T17: Mục tiêu <62HRB, đang khiếu nại rạn nứt khi uốn | U17: =+AF17 -> #N/A | V17: =+AG17 -> #N/A | W17: 20-24 | X17: Tôn-Qua cán nguội | Z17: =RIGHT(W17,2)-0.5 -> 23.5 | AA17: =SUM(E17:F17)/Z17 -> 42.553191 | AB17: =SUM(E17:F17)*0.9/Z17 -> 38.297872 | AC17: =SUM(E17:F17)*1.1/Z17 -> 46.808511 | AD17: ="Thép cuộn cán nóng "&C17&" "&D17 -> Thép cuộn cán nóng 2.75x126Y SAE1006 | AE17: =VLOOKUP(AD17,mvt!A:D,4,0) -> 1251121961698 | AF17: =VLOOKUP('Theo dõi thực tế'!AD17,'ort9'!A:B,2,0) -> #N/A | AG17: =VLOOKUP(AD17,'ort9'!D:E,2,0) -> #N/A | AI17: =(AC17-AB17)/2 -> 4.2553191 | AJ17: ± | AK17: =ROUND(AI17,0) -> 4 | AL17: =AJ17&AK17 -> ±4
A18: =ROW()-9 -> 9 | C18: 2.50x126X | D18: SAE1006 | E18: 0 | F18: 3560 | G18: =+AA18 -> 165.5814 | H18: ±17 | N18: - | O18: - | P18: - | Q18: ≤65 | R18: SAE1006-Al | S18: 85x1270 | T18: Ưu tiên sx đầu chu kỳ | U18: =+AF18 -> #N/A | V18: =+AG18 -> #N/A | W18: 19-22 | X18: Ống-Qua cán nguội | Z18: =RIGHT(W18,2)-0.5 -> 21.5 | AA18: =SUM(E18:F18)/Z18 -> 165.5814 | AB18: =SUM(E18:F18)*0.9/Z18 -> 149.02326 | AC18: =SUM(E18:F18)*1.1/Z18 -> 182.13953 | AD18: ="Thép cuộn cán nóng "&C18&" "&D18 -> Thép cuộn cán nóng 2.50x126X SAE1006 | AE18: =VLOOKUP(AD18,mvt!A:D,4,0) -> 1251121918340 | AF18: =VLOOKUP('Theo dõi thực tế'!AD18,'ort9'!A:B,2,0) -> #N/A | AG18: =VLOOKUP(AD18,'ort9'!D:E,2,0) -> #N/A | AI18: =(AC18-AB18)/2 -> 16.55814 | AJ18: ± | AK18: =ROUND(AI18,0) -> 17 | AL18: =AJ18&AK18 -> ±17
A19: =ROW()-9 -> 10 | C19: 2.50x126X | D19: SAE1006 | E19: 1000 | F19: 0 | G19: =+AA19 -> 44.444444 | H19: ±4 | N19: - | O19: - | P19: - | Q19: ≤65 | R19: SAE1006-Al | S19: 85x1270 | T19: Chú ý rỗ xước bề mặt | U19: =+AF19 -> #N/A | V19: =+AG19 -> #N/A | W19: 18-23 | X19: Tôn-Qua cán nguội | Z19: =RIGHT(W19,2)-0.5 -> 22.5 | AA19: =SUM(E19:F19)/Z19 -> 44.444444 | AB19: =SUM(E19:F19)*0.9/Z19 -> 40 | AC19: =SUM(E19:F19)*1.1/Z19 -> 48.888889 | AD19: ="Thép cuộn cán nóng "&C19&" "&D19 -> Thép cuộn cán nóng 2.50x126X SAE1006 | AE19: =VLOOKUP(AD19,mvt!A:D,4,0) -> 1251121918340 | AF19: =VLOOKUP('Theo dõi thực tế'!AD19,'ort9'!A:B,2,0) -> #N/A | AG19: =VLOOKUP(AD19,'ort9'!D:E,2,0) -> #N/A | AI19: =(AC19-AB19)/2 -> 4.4444444 | AJ19: ± | AK19: =ROUND(AI19,0) -> 4 | AL19: =AJ19&AK19 -> ±4
A20: =ROW()-9 -> 11 | C20: 2.30x126Y | D20: SAE1006 | E20: 1000 | F20: 0 | G20: =+AA20 -> 42.553191 | H20: ±4 | N20: - | O20: - | P20: - | Q20: ≤65 | R20: SAE1006-Al | S20: 85x1270 | T20: Mục tiêu <62HRB, đang khiếu nại rạn nứt khi uốn | U20: =+AF20 -> #N/A | V20: =+AG20 -> #N/A | W20: 20-24 | X20: Tôn-Qua cán nguội | Z20: =RIGHT(W20,2)-0.5 -> 23.5 | AA20: =SUM(E20:F20)/Z20 -> 42.553191 | AB20: =SUM(E20:F20)*0.9/Z20 -> 38.297872 | AC20: =SUM(E20:F20)*1.1/Z20 -> 46.808511 | AD20: ="Thép cuộn cán nóng "&C20&" "&D20 -> Thép cuộn cán nóng 2.30x126Y SAE1006 | AE20: =VLOOKUP(AD20,mvt!A:D,4,0) -> 1251121915462 | AF20: =VLOOKUP('Theo dõi thực tế'!AD20,'ort9'!A:B,2,0) -> #N/A | AG20: =VLOOKUP(AD20,'ort9'!D:E,2,0) -> #N/A | AI20: =(AC20-AB20)/2 -> 4.2553191 | AJ20: ± | AK20: =ROUND(AI20,0) -> 4 | AL20: =AJ20&AK20 -> ±4
A21: =ROW()-9 -> 12 | C21: 2.30x126X | D21: SAE1006 | E21: 2000 | F21: 0 | G21: =+AA21 -> 88.888889 | H21: ±9 | N21: - | O21: - | P21: - | Q21: ≤65 | R21: SAE1006-Al | S21: 85x1270 | T21: Chú ý rỗ xước bề mặt | U21: =+AF21 -> #N/A | V21: =+AG21 -> #N/A | W21: 18-23 | X21: Tôn-Qua cán nguội | Z21: =RIGHT(W21,2)-0.5 -> 22.5 | AA21: =SUM(E21:F21)/Z21 -> 88.888889 | AB21: =SUM(E21:F21)*0.9/Z21 -> 80 | AC21: =SUM(E21:F21)*1.1/Z21 -> 97.777778 | AD21: ="Thép cuộn cán nóng "&C21&" "&D21 -> Thép cuộn cán nóng 2.30x126X SAE1006 | AE21: =VLOOKUP(AD21,mvt!A:D,4,0) -> 1251121915387 | AF21: =VLOOKUP('Theo dõi thực tế'!AD21,'ort9'!A:B,2,0) -> #N/A | AG21: =VLOOKUP(AD21,'ort9'!D:E,2,0) -> #N/A | AI21: =(AC21-AB21)/2 -> 8.8888889 | AJ21: ± | AK21: =ROUND(AI21,0) -> 9 | AL21: =AJ21&AK21 -> ±9
A22: =ROW()-9 -> 13 | C22: 2.00x126Y | D22: SAE1006 | E22: 1000 | F22: 0 | G22: =+AA22 -> 42.553191 | H22: ±4 | N22: - | O22: - | P22: - | Q22: ≤65 | R22: SAE1006-Al | S22: 85x1270 | T22: Mục tiêu <62HRB, đang khiếu nại rạn nứt khi uốn | U22: =+AF22 -> #N/A | V22: =+AG22 -> #N/A | W22: 20-24 | X22: Tôn-Qua cán nguội | Z22: =RIGHT(W22,2)-0.5 -> 23.5 | AA22: =SUM(E22:F22)/Z22 -> 42.553191 | AB22: =SUM(E22:F22)*0.9/Z22 -> 38.297872 | AC22: =SUM(E22:F22)*1.1/Z22 -> 46.808511 | AD22: ="Thép cuộn cán nóng "&C22&" "&D22 -> Thép cuộn cán nóng 2.00x126Y SAE1006 | AE22: =VLOOKUP(AD22,mvt!A:D,4,0) -> 1251121915721 | AF22: =VLOOKUP('Theo dõi thực tế'!AD22,'ort9'!A:B,2,0) -> #N/A | AG22: =VLOOKUP(AD22,'ort9'!D:E,2,0) -> #N/A | AI22: =(AC22-AB22)/2 -> 4.2553191 | AJ22: ± | AK22: =ROUND(AI22,0) -> 4 | AL22: =AJ22&AK22 -> ±4
A23: =ROW()-9 -> 14 | C23: 2.00x126X | D23: SAE1006 | E23: 1470 | F23: 0 | G23: =+AA23 -> 65.333333 | H23: ±7 | N23: - | O23: - | P23: - | Q23: ≤65 | R23: SAE1006-Al | S23: 85x1270 | T23: Chú ý rỗ xước bề mặt | U23: =+AF23 -> #N/A | V23: =+AG23 -> #N/A | W23: 18-23 | X23: Tôn-Qua cán nguội | Z23: =RIGHT(W23,2)-0.5 -> 22.5 | AA23: =SUM(E23:F23)/Z23 -> 65.333333 | AB23: =SUM(E23:F23)*0.9/Z23 -> 58.8 | AC23: =SUM(E23:F23)*1.1/Z23 -> 71.866667 | AD23: ="Thép cuộn cán nóng "&C23&" "&D23 -> Thép cuộn cán nóng 2.00x126X SAE1006 | AE23: =VLOOKUP(AD23,mvt!A:D,4,0) -> 1251121919057 | AF23: =VLOOKUP('Theo dõi thực tế'!AD23,'ort9'!A:B,2,0) -> #N/A | AG23: =VLOOKUP(AD23,'ort9'!D:E,2,0) -> #N/A | AI23: =(AC23-AB23)/2 -> 6.5333333 | AJ23: ± | AK23: =ROUND(AI23,0) -> 7 | AL23: =AJ23&AK23 -> ±7
A24: =ROW()-9 -> 15 | C24: 2.00x126X | D24: SAE1006 | E24: 530 | F24: 0 | G24: =+AA24 -> 23.555556 | H24: ±2 | N24: - | O24: - | P24: - | Q24: ≤65 | R24: SAE1006-Al | S24: 85x1270 | T24: Chú ý rỗ xước bề mặt, Skin | U24: =+AF24 -> #N/A | V24: =+AG24 -> #N/A | W24: 18-23 | X24: Tôn-Qua cán nguội | Z24: =RIGHT(W24,2)-0.5 -> 22.5 | AA24: =SUM(E24:F24)/Z24 -> 23.555556 | AB24: =SUM(E24:F24)*0.9/Z24 -> 21.2 | AC24: =SUM(E24:F24)*1.1/Z24 -> 25.911111 | AD24: ="Thép cuộn cán nóng "&C24&" "&D24 -> Thép cuộn cán nóng 2.00x126X SAE1006 | AE24: =VLOOKUP(AD24,mvt!A:D,4,0) -> 1251121919057 | AF24: =VLOOKUP('Theo dõi thực tế'!AD24,'ort9'!A:B,2,0) -> #N/A | AG24: =VLOOKUP(AD24,'ort9'!D:E,2,0) -> #N/A | AI24: =(AC24-AB24)/2 -> 2.3555556 | AJ24: ± | AK24: =ROUND(AI24,0) -> 2 | AL24: =AJ24&AK24 -> ±2
A25: =ROW()-9 -> 16 | B25: 08h00 07/06/2025 - 08h00 12/06/2025 | C25: 2.75x125X | D25: SAE1006 | E25: 0 | F25: 50 | G25: =+AA25 -> 2.0408163 | H25: ±0 | N25: - | O25: - | P25: - | Q25: ≤65 | R25: SAE1006-Al | S25: 85x1260 | T25: Trung gian (hạn chế) | U25: =+AF25 -> #N/A | V25: =+AG25 -> #N/A | W25: 21-25 | X25: Ống-Qua cán nguội | Z25: =RIGHT(W25,2)-0.5 -> 24.5 | AA25: =SUM(E25:F25)/Z25 -> 2.0408163 | AB25: =SUM(E25:F25)*0.9/Z25 -> 1.8367347 | AC25: =SUM(E25:F25)*1.1/Z25 -> 2.244898 | AD25: ="Thép cuộn cán nóng "&C25&" "&D25 -> Thép cuộn cán nóng 2.75x125X SAE1006 | AE25: =VLOOKUP(AD25,mvt!A:D,4,0) -> 1251121928226 | AF25: =VLOOKUP('Theo dõi thực tế'!AD25,'ort9'!A:B,2,0) -> #N/A | AG25: =VLOOKUP(AD25,'ort9'!D:E,2,0) -> #N/A | AI25: =(AC25-AB25)/2 -> 0.20408163 | AJ25: ± | AK25: =ROUND(AI25,0) -> 0 | AL25: =AJ25&AK25 -> ±0
A26: =ROW()-9 -> 17 | C26: 2.50x125X | D26: SAE1006 | E26: 0 | F26: 1000 | G26: =+AA26 -> 40.816327 | H26: ±4 | N26: - | O26: - | P26: - | Q26: ≤65 | R26: SAE1006-Al | S26: 85x1260 | U26: =+AF26 -> #N/A | V26: =+AG26 -> #N/A | W26: 21-25 | X26: Ống-Qua cán nguội | Z26: =RIGHT(W26,2)-0.5 -> 24.5 | AA26: =SUM(E26:F26)/Z26 -> 40.816327 | AB26: =SUM(E26:F26)*0.9/Z26 -> 36.734694 | AC26: =SUM(E26:F26)*1.1/Z26 -> 44.897959 | AD26: ="Thép cuộn cán nóng "&C26&" "&D26 -> Thép cuộn cán nóng 2.50x125X SAE1006 | AE26: =VLOOKUP(AD26,mvt!A:D,4,0) -> 1251121918005 | AF26: =VLOOKUP('Theo dõi thực tế'!AD26,'ort9'!A:B,2,0) -> #N/A | AG26: =VLOOKUP(AD26,'ort9'!D:E,2,0) -> #N/A | AI26: =(AC26-AB26)/2 -> 4.0816327 | AJ26: ± | AK26: =ROUND(AI26,0) -> 4 | AL26: =AJ26&AK26 -> ±4
A27: =ROW()-9 -> 18 | C27: 2.30x125X | D27: SAE1006 | E27: 0 | F27: 1000 | G27: =+AA27 -> 40.816327 | H27: ±4 | N27: - | O27: - | P27: - | Q27: ≤65 | R27: SAE1006-Al | S27: 85x1260 | U27: =+AF27 -> #N/A | V27: =+AG27 -> #N/A | W27: 21-25 | X27: Ống-Qua cán nguội | Z27: =RIGHT(W27,2)-0.5 -> 24.5 | AA27: =SUM(E27:F27)/Z27 -> 40.816327 | AB27: =SUM(E27:F27)*0.9/Z27 -> 36.734694 | AC27: =SUM(E27:F27)*1.1/Z27 -> 44.897959 | AD27: ="Thép cuộn cán nóng "&C27&" "&D27 -> Thép cuộn cán nóng 2.30x125X SAE1006 | AE27: =VLOOKUP(AD27,mvt!A:D,4,0) -> 1251121917985 | AF27: =VLOOKUP('Theo dõi thực tế'!AD27,'ort9'!A:B,2,0) -> #N/A | AG27: =VLOOKUP(AD27,'ort9'!D:E,2,0) -> #N/A | AI27: =(AC27-AB27)/2 -> 4.0816327 | AJ27: ± | AK27: =ROUND(AI27,0) -> 4 | AL27: =AJ27&AK27 -> ±4
A28: =ROW()-9 -> 19 | C28: 2.00x125X | D28: SAE1006 | E28: 0 | F28: 2000 | G28: =+AA28 -> 81.632653 | H28: ±8 | N28: - | O28: - | P28: - | Q28: ≤65 | R28: SAE1006-Al | S28: 85x1260 | U28: =+AF28 -> #N/A | V28: =+AG28 -> #N/A | W28: 21-25 | X28: Ống-Qua cán nguội | Z28: =RIGHT(W28,2)-0.5 -> 24.5 | AA28: =SUM(E28:F28)/Z28 -> 81.632653 | AB28: =SUM(E28:F28)*0.9/Z28 -> 73.469388 | AC28: =SUM(E28:F28)*1.1/Z28 -> 89.795918 | AD28: ="Thép cuộn cán nóng "&C28&" "&D28 -> Thép cuộn cán nóng 2.00x125X SAE1006 | AE28: =VLOOKUP(AD28,mvt!A:D,4,0) -> 1251121917961 | AF28: =VLOOKUP('Theo dõi thực tế'!AD28,'ort9'!A:B,2,0) -> #N/A | AG28: =VLOOKUP(AD28,'ort9'!D:E,2,0) -> #N/A | AI28: =(AC28-AB28)/2 -> 8.1632653 | AJ28: ± | AK28: =ROUND(AI28,0) -> 8 | AL28: =AJ28&AK28 -> ±8
A29: =ROW()-9 -> 20 | C29: 3.95x123X | D29: SAE1006 | E29: 200 | F29: 0 | G29: =+AA29 -> 8.8888889 | H29: ±1 | N29: - | O29: - | P29: - | Q29: ≤65 | R29: SAE1006-Al | S29: 85x1240 | U29: =+AF29 -> #N/A | V29: =+AG29 -> #N/A | W29: ≤23 | X29: Tôn-Qua cán nguội | Z29: =RIGHT(W29,2)-0.5 -> 22.5 | AA29: =SUM(E29:F29)/Z29 -> 8.8888889 | AB29: =SUM(E29:F29)*0.9/Z29 -> 8 | AC29: =SUM(E29:F29)*1.1/Z29 -> 9.7777778 | AD29: ="Thép cuộn cán nóng "&C29&" "&D29 -> Thép cuộn cán nóng 3.95x123X SAE1006 | AE29: =VLOOKUP(AD29,mvt!A:D,4,0) -> 1251121938942 | AF29: =VLOOKUP('Theo dõi thực tế'!AD29,'ort9'!A:B,2,0) -> #N/A | AG29: =VLOOKUP(AD29,'ort9'!D:E,2,0) -> #N/A | AI29: =(AC29-AB29)/2 -> 0.88888889 | AJ29: ± | AK29: =ROUND(AI29,0) -> 1 | AL29: =AJ29&AK29 -> ±1
A30: =ROW()-9 -> 21 | C30: 3.95x123X | D30: SAE1006 | E30: 200 | F30: 0 | G30: =+AA30 -> 57.142857 | H30: ±6 | N30: - | O30: - | P30: - | Q30: ≤65 | R30: SAE1006-Al | S30: 85x1240 | U30: =+AF30 -> #N/A | V30: =+AG30 -> #N/A | W30: 18-24 | X30: Tôn-Qua cán nguội | Z30: =RIGHT(W30,2)-0.5 -> 3.5 | AA30: =SUM(E30:F30)/Z30 -> 57.142857 | AB30: =SUM(E30:F30)*0.9/Z30 -> 51.428571 | AC30: =SUM(E30:F30)*1.1/Z30 -> 62.857143 | AD30: ="Thép cuộn cán nóng "&C30&" "&D30 -> Thép cuộn cán nóng 3.95x123X SAE1006 | AE30: =VLOOKUP(AD30,mvt!A:D,4,0) -> 1251121938942 | AF30: =VLOOKUP('Theo dõi thực tế'!AD30,'ort9'!A:B,2,0) -> #N/A | AG30: =VLOOKUP(AD30,'ort9'!D:E,2,0) -> #N/A | AI30: =(AC30-AB30)/2 -> 5.7142857 | AJ30: ± | AK30: =ROUND(AI30,0) -> 6 | AL30: =AJ30&AK30 -> ±6
A31: =ROW()-9 -> 22 | C31: 2.50x123X | D31: SAE1006 | E31: 0 | F31: 5900 | G31: =+AA31 -> 274.4186 | H31: ±27 | N31: - | O31: - | P31: - | Q31: ≤65 | R31: SAE1006-Al | S31: 85x1240 | U31: =+AF31 -> #N/A | V31: =+AG31 -> #N/A | W31: 19-22 | X31: Ống-Qua cán nguội | Z31: =RIGHT(W31,2)-0.5 -> 21.5 | AA31: =SUM(E31:F31)/Z31 -> 274.4186 | AB31: =SUM(E31:F31)*0.9/Z31 -> 246.97674 | AC31: =SUM(E31:F31)*1.1/Z31 -> 301.86047 | AD31: ="Thép cuộn cán nóng "&C31&" "&D31 -> Thép cuộn cán nóng 2.50x123X SAE1006 | AE31: =VLOOKUP(AD31,mvt!A:D,4,0) -> 1251121918081 | AF31: =VLOOKUP('Theo dõi thực tế'!AD31,'ort9'!A:B,2,0) -> #N/A | AG31: =VLOOKUP(AD31,'ort9'!D:E,2,0) -> #N/A | AI31: =(AC31-AB31)/2 -> 27.44186 | AJ31: ± | AK31: =ROUND(AI31,0) -> 27 | AL31: =AJ31&AK31 -> ±27
C32: 2.30x123X | D32: SAE1006 | E32: 50 | F32: 0 | G32: =+AA32 -> 2.2222222 | H32: ±0 | N32: - | O32: - | P32: - | Q32: ≤65 | R32: SAE1006-Al | S32: 85x1240 | T32: Trung gian (hạn chế) | U32: =+AF32 -> #N/A | V32: =+AG32 -> #N/A | W32: 18-23 | X32: Tôn-Qua cán nguội | Z32: =RIGHT(W32,2)-0.5 -> 22.5 | AA32: =SUM(E32:F32)/Z32 -> 2.2222222 | AB32: =SUM(E32:F32)*0.9/Z32 -> 2 | AC32: =SUM(E32:F32)*1.1/Z32 -> 2.4444444 | AD32: ="Thép cuộn cán nóng "&C32&" "&D32 -> Thép cuộn cán nóng 2.30x123X SAE1006 | AE32: =VLOOKUP(AD32,mvt!A:D,4,0) -> 1251121917640 | AF32: =VLOOKUP('Theo dõi thực tế'!AD32,'ort9'!A:B,2,0) -> #N/A | AG32: =VLOOKUP(AD32,'ort9'!D:E,2,0) -> #N/A | AI32: =(AC32-AB32)/2 -> 0.22222222 | AJ32: ± | AK32: =ROUND(AI32,0) -> 0 | AL32: =AJ32&AK32 -> ±0
A33: =ROW()-9 -> 24 | C33: 2.00x123X | D33: SAE1006 | E33: 715 | F33: 0 | G33: =+AA33 -> 31.086957 | H33: ±3 | N33: - | O33: - | P33: - | Q33: ≤65 | R33: SAE1006-Al | S33: 85x1240 | T33: Chú ý rỗ xước bề mặt | U33: =+AF33 -> #N/A | V33: =+AG33 -> #N/A | W33: 18-23 | X33: Tôn-Qua cán nguội | Z33: =RIGHT(W33,2) -> 23 | AA33: =SUM(E33:F33)/Z33 -> 31.086957 | AB33: =SUM(E33:F33)*0.9/Z33 -> 27.978261 | AC33: =SUM(E33:F33)*1.1/Z33 -> 34.195652 | AD33: ="Thép cuộn cán nóng "&C33&" "&D33 -> Thép cuộn cán nóng 2.00x123X SAE1006 | AE33: =VLOOKUP(AD33,mvt!A:D,4,0) -> 1251121917749 | AF33: =VLOOKUP('Theo dõi thực tế'!AD33,'ort9'!A:B,2,0) -> #N/A | AG33: =VLOOKUP(AD33,'ort9'!D:E,2,0) -> #N/A | AI33: =(AC33-AB33)/2 -> 3.1086957 | AJ33: ± | AK33: =ROUND(AI33,0) -> 3 | AL33: =AJ33&AK33 -> ±3
A34: =ROW()-9 -> 25 | C34: 3.00x122X | D34: SAE1006 | E34: 0 | F34: 2322 | G34: =+AA34 -> 96.75 | H34: ±10 | N34: - | O34: - | P34: - | Q34: ≤65 | R34: SAE1006-Al | S34: 85x1230 | T34: Không sản xuất vượt khối lượng | U34: =+AF34 -> #N/A | V34: =+AG34 -> #N/A | W34: 21-24 | X34: Ống -Qua cán nguội | Z34: =RIGHT(W34,2) -> 24 | AA34: =SUM(E34:F34)/Z34 -> 96.75 | AB34: =SUM(E34:F34)*0.9/Z34 -> 87.075 | AC34: =SUM(E34:F34)*1.1/Z34 -> 106.425 | AD34: ="Thép cuộn cán nóng "&C34&" "&D34 -> Thép cuộn cán nóng 3.00x122X SAE1006 | AE34: =VLOOKUP(AD34,mvt!A:D,4,0) -> 1251121939512 | AF34: =VLOOKUP('Theo dõi thực tế'!AD34,'ort9'!A:B,2,0) -> #N/A | AG34: =VLOOKUP(AD34,'ort9'!D:E,2,0) -> #N/A | AI34: =(AC34-AB34)/2 -> 9.675 | AJ34: ± | AK34: =ROUND(AI34,0) -> 10 | AL34: =AJ34&AK34 -> ±10
A35: =ROW()-9 -> 26 | C35: 3.00x122X | D35: SAE1006 | E35: 0 | F35: 1900 | G35: =+AA35 -> 79.166667 | H35: ±8 | N35: - | O35: - | P35: - | Q35: ≤65 | R35: SAE1006-Al | S35: 85x1230 | T35: Không sản xuất vượt khối lượng | U35: =+AF35 -> #N/A | V35: =+AG35 -> #N/A | W35: 21-24 | X35: Ống -Qua cán nguội | Z35: =RIGHT(W35,2) -> 24 | AA35: =SUM(E35:F35)/Z35 -> 79.166667 | AB35: =SUM(E35:F35)*0.9/Z35 -> 71.25 | AC35: =SUM(E35:F35)*1.1/Z35 -> 87.083333 | AD35: ="Thép cuộn cán nóng "&C35&" "&D35 -> Thép cuộn cán nóng 3.00x122X SAE1006 | AE35: =VLOOKUP(AD35,mvt!A:D,4,0) -> 1251121939512 | AF35: =VLOOKUP('Theo dõi thực tế'!AD35,'ort9'!A:B,2,0) -> #N/A | AG35: =VLOOKUP(AD35,'ort9'!D:E,2,0) -> #N/A | AI35: =(AC35-AB35)/2 -> 7.9166667 | AJ35: ± | AK35: =ROUND(AI35,0) -> 8 | AL35: =AJ35&AK35 -> ±8
A36: =ROW()-9 -> 27 | C36: 2.75x122X | D36: SAE1006 | E36: 0 | F36: 1500 | G36: =+AA36 -> 62.5 | H36: ±6 | N36: - | O36: - | P36: - | Q36: ≤65 | R36: SAE1006-Al | S36: 85x1230 | T36: Không sản xuất vượt khối lượng | U36: =+AF36 -> #N/A | V36: =+AG36 -> #N/A | W36: 21-24 | X36: Ống -Qua cán nguội | Z36: =RIGHT(W36,2) -> 24 | AA36: =SUM(E36:F36)/Z36 -> 62.5 | AB36: =SUM(E36:F36)*0.9/Z36 -> 56.25 | AC36: =SUM(E36:F36)*1.1/Z36 -> 68.75 | AD36: ="Thép cuộn cán nóng "&C36&" "&D36 -> Thép cuộn cán nóng 2.75x122X SAE1006 | AE36: =VLOOKUP(AD36,mvt!A:D,4,0) -> 1251121976814 | AF36: =VLOOKUP('Theo dõi thực tế'!AD36,'ort9'!A:B,2,0) -> #N/A | AG36: =VLOOKUP(AD36,'ort9'!D:E,2,0) -> #N/A | AI36: =(AC36-AB36)/2 -> 6.25 | AJ36: ± | AK36: =ROUND(AI36,0) -> 6 | AL36: =AJ36&AK36 -> ±6
A37: =ROW()-9 -> 28 | C37: 2.75x122X | D37: SAE1006 | E37: 0 | F37: 1000 | G37: =+AA37 -> 41.666667 | H37: ±4 | N37: - | O37: - | P37: - | Q37: ≤65 | R37: SAE1006-Al | S37: 85x1230 | T37: Không sản xuất vượt khối lượng | U37: =+AF37 -> #N/A | V37: =+AG37 -> #N/A | W37: 21-24 | X37: Ống -Qua cán nguội | Z37: =RIGHT(W37,2) -> 24 | AA37: =SUM(E37:F37)/Z37 -> 41.666667 | AB37: =SUM(E37:F37)*0.9/Z37 -> 37.5 | AC37: =SUM(E37:F37)*1.1/Z37 -> 45.833333 | AD37: ="Thép cuộn cán nóng "&C37&" "&D37 -> Thép cuộn cán nóng 2.75x122X SAE1006 | AE37: =VLOOKUP(AD37,mvt!A:D,4,0) -> 1251121976814 | AF37: =VLOOKUP('Theo dõi thực tế'!AD37,'ort9'!A:B,2,0) -> #N/A | AG37: =VLOOKUP(AD37,'ort9'!D:E,2,0) -> #N/A | AI37: =(AC37-AB37)/2 -> 4.1666667 | AJ37: ± | AK37: =ROUND(AI37,0) -> 4 | AL37: =AJ37&AK37 -> ±4
A38: =ROW()-9 -> 29 | C38: 2.50x122X | D38: SAE1006 | E38: 0 | F38: 500 | G38: =+AA38 -> 20.833333 | H38: ±2 | N38: - | O38: - | P38: - | Q38: ≤65 | R38: SAE1006-Al | S38: 85x1230 | T38: Không sản xuất vượt khối lượng | U38: =+AF38 -> #N/A | V38: =+AG38 -> #N/A | W38: 21-24 | X38: Ống -Qua cán nguội | Z38: =RIGHT(W38,2) -> 24 | AA38: =SUM(E38:F38)/Z38 -> 20.833333 | AB38: =SUM(E38:F38)*0.9/Z38 -> 18.75 | AC38: =SUM(E38:F38)*1.1/Z38 -> 22.916667 | AD38: ="Thép cuộn cán nóng "&C38&" "&D38 -> Thép cuộn cán nóng 2.50x122X SAE1006 | AE38: =VLOOKUP(AD38,mvt!A:D,4,0) -> 1251121954737 | AF38: =VLOOKUP('Theo dõi thực tế'!AD38,'ort9'!A:B,2,0) -> #N/A | AG38: =VLOOKUP(AD38,'ort9'!D:E,2,0) -> #N/A | AI38: =(AC38-AB38)/2 -> 2.0833333 | AJ38: ± | AK38: =ROUND(AI38,0) -> 2 | AL38: =AJ38&AK38 -> ±2
A39: =ROW()-9 -> 30 | C39: 2.50x122X | D39: SAE1006 | E39: 0 | F39: 1500 | G39: =+AA39 -> 62.5 | H39: ±6 | N39: - | O39: - | P39: - | Q39: ≤65 | R39: SAE1006-Al | S39: 85x1230 | T39: Không sản xuất vượt khối lượng | U39: =+AF39 -> #N/A | V39: =+AG39 -> #N/A | W39: 21-24 | X39: Ống -Qua cán nguội | Z39: =RIGHT(W39,2) -> 24 | AA39: =SUM(E39:F39)/Z39 -> 62.5 | AB39: =SUM(E39:F39)*0.9/Z39 -> 56.25 | AC39: =SUM(E39:F39)*1.1/Z39 -> 68.75 | AD39: ="Thép cuộn cán nóng "&C39&" "&D39 -> Thép cuộn cán nóng 2.50x122X SAE1006 | AE39: =VLOOKUP(AD39,mvt!A:D,4,0) -> 1251121954737 | AF39: =VLOOKUP('Theo dõi thực tế'!AD39,'ort9'!A:B,2,0) -> #N/A | AG39: =VLOOKUP(AD39,'ort9'!D:E,2,0) -> #N/A | AI39: =(AC39-AB39)/2 -> 6.25 | AJ39: ± | AK39: =ROUND(AI39,0) -> 6 | AL39: =AJ39&AK39 -> ±6
A40: =ROW()-9 -> 31 | B40: Tổng | E40: =SUM(E10:E39) -> 14365 | F40: =SUM(F10:F39) -> 22232 | G40: =SUM(G10:G39) -> 1646.7871 | H40: =SUM(H10:H39) -> 0 | AD40: ="Thép cuộn cán nóng "&C40&" "&D40 -> Thép cuộn cán nóng | AE40: =VLOOKUP(AD40,mvt!A:D,4,0) -> #N/A | AF40: =VLOOKUP('Theo dõi thực tế'!AD40,'ort9'!A:B,2,0) -> #N/A | AG40: =VLOOKUP(AD40,'ort9'!D:E,2,0) -> #N/A
A41: Ghi chú: - Cho phép cán lại phôi hồi lò đạt TPHH và không có các khuyết tật đúc nghiêm trọng như: ngậm xỉ sâu, nứt ngang, cong vênh ... - Các chỉ tiêu chất lượng khác đánh giá theo TCNB. MẶC ĐỊNH GIÁ TRỊ X=2, Y=7. - Các sản phẩm với mục đích làm Tôn,ống-không cán lại, Ống Gi sản xuất đủ loại I theo LSX. Phân loại chất lượng sản phẩm theo phiếu YCCN số 264.2024 NM.HRC1./. - Các sản phẩm với mục đích làm Cut sheet, kết cấu sản xuất đủ loại I theo LSX. Phân loại chất lượng sản phẩm theo phiếu YCCN số 248.2024 NM.HRC1./.
S42: Quảng Ngãi, ngày 04 tháng 06 năm 2025
E43: BGĐ | T43: T/P P.KH
A44: Nơi nhận:
A45: - BGĐ (thay BC);
A46: - Các BP/NM;
A47: - Lưu P.KH (EO).

Sheet PXC 05.10.25
P1: BM.04D/QT.05 Ngày hiệu lực: 06/06/2025 Lần sửa đổi: 02
B3: Số: 05.10.2025/LSX-XC-NM.HRC1
A4: LỆNH SẢN XUẤT
A5: - Bộ phận thực hiện: XC-NM.HRC1
A6: - Thời gian hiệu lực: Từ 08h00, ngày 23/10/2025 đến 08h00, ngày 30/10/2025
A7: TT | B7: Thời gian dự kiến SX Time/Date | C7: Sản phẩm/Product | M7: Phôi cán/Slab | O7: Yêu cầu đặc biệt | P7: Số Order number | Q7: Số lô/ Batch | R7: KL Cuộn (Tấn) | S7: Mục đích sử dụng | T7: KHÁCH HÀNG
C8: Kích cỡ Dimension T x W (mmxmm) | D8: Mác thép Steel grade | E8: Sản lượng Quantity (tấn) | G8: Sản lượng Quantity (cuộn) | I8: Cơ tính/Mechanical properties
E9: 1A | F9: 1B | G9: Yêu cầu | H9: Dung sai | I9: GHC Re (MPa) | J9: GHB Rm (Mpa) | K9: Giãn dài El (%) | L9: Độ cứng Hardnes (HRB) | M9: Mác phôi Steel grade | N9: Kích thước (mmxmm)
A10: 1
A11: =ROW()-9 -> 2 | B11: Tổng | E11: =SUM(E10:E10) -> 0 | F11: =SUM(F10:F10) -> 0 | G11: =SUM(G10:G10) -> 0
N13: Quảng Ngãi, ngày 22 tháng 10 năm 2025
E14: BGĐ | O14: T/P P.KH
A15: Nơi nhận:
A16: - BGĐ (thay BC);
A17: - Các BP/NM;
A18: - Lưu P.KH (EO).

Sheet Order
E1: =MAX(H:H) -> 2125100135
A3: =B3*1000 -> 1600000 | B3: 1600 | C3: ỐNG THÉP HƯNG YÊN | D3: 582A.T09.2025/HPDQ-OTHY-KH | I3: 1251121958797 | J3: Thép cuộn cán nóng 2.95x123X SAE1006
A4: =B4*1000 -> 200000 | B4: 200 | C4: ỐNG THÉP HƯNG YÊN | D4: 582A.T09.2025/HPDQ-OTHY-KH | I4: 1251121959053 | J4: Thép cuộn cán nóng 3.15x123X SAE1006
A5: =B5*1000 -> 700000 | B5: 700 | C5: ỐNG THÉP BÌNH DƯƠNG | D5: 582D.T09.2025/HPDQ-OTBD-KH | I5: 1251121917787 | J5: Thép cuộn cán nóng 2.45x123X SAE1006
A6: =B6*1000 -> 700000 | B6: 700 | C6: ỐNG THÉP BÌNH DƯƠNG | D6: 582D.T09.2025/HPDQ-OTBD-KH | I6: 1251121920268 | J6: Thép cuộn cán nóng 2.45x126X SAE1006
A7: =B7*1000 -> 800000 | B7: 800 | C7: ỐNG THÉP BÌNH DƯƠNG | D7: 582D.T09.2025/HPDQ-OTBD-KH | I7: 1251121934975 | J7: Thép cuộn cán nóng 2.75x123X SAE1006
A8: =B8*1000 -> 860000 | B8: 860 | C8: ỐNG THÉP BÌNH DƯƠNG | D8: 582D.T09.2025/HPDQ-OTBD-KH | I8: 1251121928226 | J8: Thép cuộn cán nóng 2.75x125X SAE1006
A9: =B9*1000 -> 800000 | B9: 800 | C9: ỐNG THÉP BÌNH DƯƠNG | D9: 582D.T09.2025/HPDQ-OTBD-KH | I9: 1251121958797 | J9: Thép cuộn cán nóng 2.95x123X SAE1006
A10: =B10*1000 -> 520000 | B10: 520 | C10: ỐNG THÉP BÌNH DƯƠNG | D10: 582D.T09.2025/HPDQ-OTBD-KH | I10: 1251121924655 | J10: Thép cuộn cán nóng 3.00x125X SAE1006
A11: =B11*1000 -> 700000 | B11: 700 | C11: ỐNG THÉP BÌNH DƯƠNG | D11: 582D.T09.2025/HPDQ-OTBD-KH | I11: 1251121959053 | J11: Thép cuộn cán nóng 3.15x123X SAE1006
A12: =B12*1000 -> 350000 | B12: 350 | C12: ỐNG THÉP BÌNH DƯƠNG | D12: 582D.T09.2025/HPDQ-OTBD-KH | I12: 1251121924518 | J12: Thép cuộn cán nóng 3.45x125X SAE1006
A13: =B13*1000 -> 500000 | B13: 500 | C13: ỐNG THÉP BÌNH DƯƠNG | D13: 582D.T09.2025/HPDQ-OTBD-KH | I13: 1251121920909 | J13: Thép cuộn cán nóng 3.80x123X SAE1006
A14: =B14*1000 -> 450000 | B14: 450 | C14: ỐNG THÉP BÌNH DƯƠNG | D14: 582D.T09.2025/HPDQ-OTBD-KH | I14: 1251121988565 | J14: Thép cuộn cán nóng 3.80x125X SAE1006
... A41: =B41*1000 -> 100000 | B41: 100 | C41: TRUNG GIAN | D41: TRUNG GIAN | I41: 1251121954492 | J41: Thép cuộn cán nóng 3.00x121Y SAE1006
D43: cán phôi sự cố.
J44: 1 cuộn tiến cân
C45: ĐỢT T10.3 | D45: 564.T09.2025/HPDQ-NK-KH | G45: 1050013796 | H45: 2125100043 | J45: CÁN TRƯỚC MẤY CUỘN NHỚ TRỪ TỒN
A48: =B48*1000 -> 6500000 | B48: 6500 | C48: ỐNG THÉP HƯNG YÊN | D48: 582A.T09.2025/HPDQ-OTHY-KH | G48: 1050013768 | H48: 2125100044 | I48: 1050013768 | J48: Thép cuộn cán nóng 3.45x123X SAE1006 | K48: Thép cuộn cán nóng 3.45x123X SAE1006
A49: =B49*1000 -> 4700000 | B49: 4700 | C49: ỐNG THÉP HƯNG YÊN | D49: 582A.T09.2025/HPDQ-OTHY-KH | G49: 1050013769 | H49: 2125100045 | I49: 1050013769 | J49: Thép cuộn cán nóng 3.80x123X SAE1006 | K49: Thép cuộn cán nóng 3.80x123X SAE1006
A50: =B50*1000 -> 100000 | B50: 100 | C50: NAM KIM | D50: 564.T09.2025/HPDQ-NK-KH | G50: 1050013770 | H50: 2125100046 | I50: 1050013770 | J50: Thép cuộn cán nóng 3.00x126X SAE1006 | K50: Thép cuộn cán nóng 3.00x126X SAE1006
A51: =B51*1000 -> 1620000 | B51: 1620 | C51: NAM KIM | D51: 564.T09.2025/HPDQ-NK-KH | G51: 1050013771 | H51: 2125100047 | I51: 1050013771 | J51: Thép cuộn cán nóng 3.40x126X SAE1006 | K51: Thép cuộn cán nóng 3.40x126X SAE1006
A52: =B52*1000 -> 350000 | B52: 350 | C52: NAM KIM | D52: 564.T09.2025/HPDQ-NK-KH | G52: 1050013796 | H52: 2125100043 | J52: Thép cuộn cán nóng 4.50x126X SAE1006
A53: =B53*1000 -> 1500000 | B53: 1500 | C53: NAM KIM | D53: 564.T09.2025/HPDQ-NK-KH | G53: 1050013772 | H53: 2125100048 | I53: 1050013772 | J53: Thép cuộn cán nóng 5.00x126X SAE1006 | K53: Thép cuộn cán nóng 5.00x126X SAE1006
A54: =B54*1000 -> 260000 | B54: 260 | C54: NAM KIM | D54: 564.T09.2025/HPDQ-NK-KH | G54: 1050013773 | H54: 2125100049 | I54: 1050013773 | J54: Thép cuộn cán nóng 2.20x121Y SAE1006 | K54: Thép cuộn cán nóng 2.20x121Y SAE1006
A55: =B55*1000 -> 160000 | B55: 160 | C55: NAM KIM | D55: 564.T09.2025/HPDQ-NK-KH | G55: 1050013774 | H55: 2125100050 | I55: 1050013774 | J55: Thép cuộn cán nóng 2.40x121Y SAE1006 | K55: Thép cuộn cán nóng 2.40x121Y SAE1006
A56: =B56*1000 -> 650000 | B56: 650 | C56: NAM KIM | D56: 564.T09.2025/HPDQ-NK-KH | G56: 1050013775 | H56: 2125100051 | I56: 1050013775 | J56: Thép cuộn cán nóng 2.20x126X SAE1006 | K56: Thép cuộn cán nóng 2.20x126X SAE1006
A57: =B57*1000 -> 2400000 | B57: 2400 | C57: NAM KIM | D57: 564.T09.2025/HPDQ-NK-KH | G57: 1050013776 | H57: 2125100052 | I57: 1050013776 | J57: Thép cuộn cán nóng 2.40x126X SAE1006 | K57: Thép cuộn cán nóng 2.40x126X SAE1006
A58: =B58*1000 -> 100000 | B58: 100 | C58: NAM KIM | D58: 564.T09.2025/HPDQ-NK-KH | G58: 1050013777 | H58: 2125100053 | I58: 1050013777 | J58: Thép cuộn cán nóng 2.75x126X SAE1006 | K58: Thép cuộn cán nóng 2.75x126X SAE1006
A59: =B59*1000 -> 1000000 | B59: 1000 | C59: THÉP VIỆT NHẬT | D59: 481F.T07.2025/HPDQ-TVN-KH | G59: 1050013778 | H59: 2125100054 | I59: 1050013778 | J59: Thép cuộn cán nóng 2.30x126Y SAE1006 | K59: Thép cuộn cán nóng 2.30x126Y SAE1006
A60: =B60*1000 -> 1000000 | B60: 1000 | C60: THÉP VIỆT NHẬT | D60: 481F.T07.2025/HPDQ-TVN-KH | G60: 1050013779 | H60: 2125100055 | I60: 1050013779 | J60: Thép cuộn cán nóng 2.75x126Y SAE1006 | K60: Thép cuộn cán nóng 2.75x126Y SAE1006
A61: =B61*1000 -> 950000 | B61: 950 | C61: NAM HƯNG | D61: 544C.T07.2025/HPDQ-KKNH-KH | G61: 1050013840 | H61: 2125100056 | I61: 1050013840 | J61: Thép cuộn cán nóng 2.50x126Y SAE1006 | K61: Thép cuộn cán nóng 2.50x126Y SAE1006
A62: =B62*1000 -> 1000000 | B62: 1000 | C62: NAM HƯNG | D62: 544C.T07.2025/HPDQ-KKNH-KH | G62: 1050013841 | H62: 2125100057 | I62: 1050013841 | J62: Thép cuộn cán nóng 2.50x128Y SAE1006 | K62: Thép cuộn cán nóng 2.50x128Y SAE1006
A63: =B63*1000 -> 1000000 | B63: 1000 | C63: NAM HƯNG | D63: 544C.T07.2025/HPDQ-KKNH-KH | G63: 1050013842 | H63: 2125100058 | I63: 1050013842 | J63: Thép cuộn cán nóng 3.00x128Y SAE1006 | K63: Thép cuộn cán nóng 3.00x128Y SAE1006
A64: =B64*1000 -> 1000000 | B64: 1000 | C64: NAM KIM | D64: 520.T08.2025/HPDQ-NK-KH | G64: 1050013773 | H64: 2125100049 | J64: Thép cuộn cán nóng 2.20x121Y SAE1006
A65: =B65*1000 -> 360000 | B65: 360 | C65: NAM KIM | D65: 520B.T08.2025/HPDQ-NK-KH | G65: 1050013632 | H65: 2125100059 | J65: Thép cuộn cán nóng 3.00x108Y SAE1006 | K65: Thép cuộn cán nóng 3.00x108Y SAE1006
A66: =B66*1000 -> 260000 | B66: 260 | C66: NAM KIM | D66: 520B.T08.2025/HPDQ-NK-KH | G66: 1050013633 | H66: 2125100060 | J66: Thép cuộn cán nóng 3.70x108Y SAE1006 | K66: Thép cuộn cán nóng 3.70x108Y SAE1006
A67: =B67*1000 -> 940000 | B67: 940 | C67: NAM KIM | D67: 520B.T08.2025/HPDQ-NK-KH | G67: 1050013634 | H67: 2125100061 | J67: Thép cuộn cán nóng 5.00x108Y SAE1006 | K67: Thép cuộn cán nóng 5.00x108Y SAE1006
A68: =B68*1000 -> 1000000 | B68: 1000 | C68: HOA SEN | D68: 561B.T09.2025/HPDQ-HSQN-KH | G68: 1050013843 | H68: 2125100062 | I68: 1050013843 | J68: Thép cuộn cán nóng 2.30x123X SAE1006 | K68: Thép cuộn cán nóng 2.30x123X SAE1006
A69: =B69*1000 -> 1000000 | B69: 1000 | C69: HOA SEN | D69: 561B.T09.2025/HPDQ-HSQN-KH | G69: 1050013844 | H69: 2125100063 | I69: 1050013844 | J69: Thép cuộn cán nóng 2.50x123X SAE1006 | K69: Thép cuộn cán nóng 2.50x123X SAE1006
A70: =B70*1000 -> 1000000 | B70: 1000 | C70: HOA SEN | D70: 561B.T09.2025/HPDQ-HSQN-KH | G70: 1050013845 | H70: 2125100064 | I70: 1050013845 | J70: Thép cuộn cán nóng 2.80x123X SAE1006 | K70: Thép cuộn cán nóng 2.80x123X SAE1006
A71: =B71*1000 -> 440000 | B71: 440 | C71: HOA SEN | D71: 561B.T09.2025/HPDQ-HSQN-KH | G71: 1050013846 | H71: 2125100065 | I71: 1050013846 | J71: Thép cuộn cán nóng 3.20x123X SAE1006 | K71: Thép cuộn cán nóng 3.20x123X SAE1006
A72: =B72*1000 -> 360000 | B72: 360 | C72: HOA SEN | D72: 561B.T09.2025/HPDQ-HSQN-KH | G72: 1050013847 | H72: 2125100066 | I72: 1050013847 | J72: Thép cuộn cán nóng 3.50x123X SAE1006 | K72: Thép cuộn cán nóng 3.50x123X SAE1006
A73: =B73*1000 -> 800000 | B73: 800 | C73: HOA SEN | D73: 560B.T09.2025/HPDQ-HSNS-KH | G73: 1050013848 | H73: 2125100067 | I73: 1050013848 | J73: Thép cuộn cán nóng 2.30x126X SAE1006 | K73: Thép cuộn cán nóng 2.30x126X SAE1006
A74: =B74*1000 -> 920000 | B74: 920 | C74: HOA SEN | D74: 560B.T09.2025/HPDQ-HSNS-KH | G74: 1050013849 | H74: 2125100068 | I74: 1050013849 | J74: Thép cuộn cán nóng 2.80x126X SAE1006 | K74: Thép cuộn cán nóng 2.80x126X SAE1006
A75: =B75*1000 -> 920000 | B75: 920 | C75: HOA SEN | D75: 560B.T09.2025/HPDQ-HSNS-KH | G75: 1050013850 | H75: 2125100069 | I75: 1050013850 | J75: Thép cuộn cán nóng 3.50x126X SAE1006 | K75: Thép cuộn cán nóng 3.50x126X SAE1006
A76: =B76*1000 -> 1500000 | B76: 1500 | C76: HOA SEN | D76: 560B.T09.2025/HPDQ-HSNS-KH | G76: 1050013851 | H76: 2125100070 | I76: 1050013851 | J76: Thép cuộn cán nóng 2.30x121X SAE1006 | K76: Thép cuộn cán nóng 2.30x121X SAE1006
A77: =B77*1000 -> 800000 | B77: 800 | C77: HOA SEN | D77: 560B.T09.2025/HPDQ-HSNS-KH | G77: 1050013852 | H77: 2125100071 | I77: 1050013852 | J77: Thép cuộn cán nóng 2.50x121X SAE1006 | K77: Thép cuộn cán nóng 2.50x121X SAE1006
A78: =B78*1000 -> 4000000 | B78: 4000 | C78: ỐNG THÉP HƯNG YÊN | D78: 582A.T09.2025/HPDQ-OTHY-KH | G78: 1050013769 | H78: 2125100045 | J78: Thép cuộn cán nóng 3.80x123X SAE1006
A79: =B79*1000 -> 500000 | B79: 500 | C79: ỐNG THÉP HƯNG YÊN | D79: 582B.T09.2025/HPDQ-OTHY-KH | G79: 1050013853 | H79: 2125100072 | I79: 1050013853 | J79: Thép cuộn cán nóng 2.60x124X SAE1006 | K79: Thép cuộn cán nóng 2.60x124X SAE1006
A80: =B80*1000 -> 500000 | B80: 500 | C80: ỐNG THÉP HƯNG YÊN | D80: 582B.T09.2025/HPDQ-OTHY-KH | G80: 1050013854 | H80: 2125100073 | I80: 1050013854 | J80: Thép cuộn cán nóng 3.30x126X SAE1006 | K80: Thép cuộn cán nóng 3.30x126X SAE1006
A81: =B81*1000 -> 200000 | B81: 200 | C81: ỐNG THÉP HƯNG YÊN | D81: 582B.T09.2025/HPDQ-OTHY-KH | G81: 1050013855 | H81: 2125100074 | I81: 1050013855 | J81: Thép cuộn cán nóng 3.80x125X SAE1006 | K81: Thép cuộn cán nóng 3.80x125X SAE1006
A82: =B82*1000 -> 300000 | B82: 300 | C82: ỐNG THÉP HƯNG YÊN | D82: 582B.T09.2025/HPDQ-OTHY-KH | G82: 1050013856 | H82: 2125100075 | I82: 1050013856 | J82: Thép cuộn cán nóng 4.80x123X SAE1006 | K82: Thép cuộn cán nóng 4.80x123X SAE1006
A83: =B83*1000 -> 200000 | B83: 200 | C83: ỐNG THÉP HƯNG YÊN | D83: 582B.T09.2025/HPDQ-OTHY-KH | G83: 1050013635 | H83: 2125100076 | J83: Thép cuộn cán nóng 5.70x105X SAE1006 | K83: Thép cuộn cán nóng 5.70x105X SAE1006
A84: =B84*1000 -> 400000 | B84: 400 | C84: ỐNG THÉP HƯNG YÊN | D84: 582B.T09.2025/HPDQ-OTHY-KH | G84: 1050013636 | H84: 2125100077 | J84: Thép cuộn cán nóng 5.30x124X SAE1006 | K84: Thép cuộn cán nóng 5.30x124X SAE1006
A85: =B85*1000 -> 300000 | B85: 300 | C85: ỐNG THÉP HƯNG YÊN | D85: 582B.T09.2025/HPDQ-OTHY-KH | G85: 1050013637 | H85: 2125100078 | J85: Thép cuộn cán nóng 6.50x104X SAE1006 | K85: Thép cuộn cán nóng 6.50x104X SAE1006
A86: =B86*1000 -> 100000 | B86: 100 | G86: 1050013857 | H86: 2125100079 | I86: 1050013857 | J86: Thép cuộn cán nóng 2.75x121Y SAE1006 | K86: Thép cuộn cán nóng 2.75x121Y SAE1006
A87: =B87*1000 -> 100000 | B87: 100 | G87: 1050013858 | H87: 2125100080 | I87: 1050013858 | J87: Thép cuộn cán nóng 3.00x121Y SAE1006 | K87: Thép cuộn cán nóng 3.00x121Y SAE1006
G88: 1050013638 | H88: 2125100081
A92: =B92*1000 -> 6000000 | B92: 6000 | C92: ỐNG THÉP HƯNG YÊN | D92: 582A.T09.2025/HPDQ-OTHY-KH | E92: T10 4b | G92: 1050013859 | H92: 2125100083 | I92: 1251121959312 | J92: Thép cuộn cán nóng 3.45x123X SAE1006 | K92: 1050013859
A93: =B93*1000 -> 2500000 | B93: 2500 | C93: MINH PHÚ | D93: 548A.T09.2025/HPDQ-OTMP-KH | E93: T10 4b | G93: 1050013860 | H93: 2125100084 | I93: 1251121927007 | J93: Thép cuộn cán nóng 2.45x121Y SAE1006 | K93: 1050013860
A94: =B94*1000 -> 2500000 | B94: 2500 | C94: MINH PHÚ | D94: 548A.T09.2025/HPDQ-OTMP-KH | E94: T10 4b | G94: 1050013861 | H94: 2125100085 | I94: 1251121917787 | J94: Thép cuộn cán nóng 2.45x123X SAE1006 | K94: 1050013861
A95: =B95*1000 -> 800000 | B95: 800 | C95: MINH PHÚ | D95: 548H.T09.2025/HPDQ-TMPHD-KH | E95: T10 4b | G95: 1050013862 | H95: 2125100086 | I95: 1251121920381 | J95: Thép cuộn cán nóng 2.40x123X SAE1006 | K95: 1050013862
A96: =B96*1000 -> 1760000 | B96: 1760 | C96: MINH PHÚ | D96: 548H.T09.2025/HPDQ-TMPHD-KH | E96: T10 4b | G96: 1050013863 | H96: 2125100087 | I96: 1251121918340 | J96: Thép cuộn cán nóng 2.50x126X SAE1006 | K96: 1050013863
C97: MINH PHÚ | D97: 548H.T09.2025/HPDQ-TMPHD-KH | E97: T10 4b | G97: 1050013866 | H97: 2125100091 | I97: 1251121934975 | J97: Thép cuộn cán nóng 2.75x123X SAE1006
A98: =B98*1000 -> 1670000 | B98: 1670 | C98: MINH PHÚ | D98: 548H.T09.2025/HPDQ-TMPHD-KH | E98: T10 4b | G98: 1050013864 | H98: 2125100089 | I98: 1251121915400 | J98: Thép cuộn cán nóng 3.00x126X SAE1006 | K98: 1050013864
A99: =B99*1000 -> 1350000 | B99: 1350 | C99: MINH PHÚ | D99: 548B.T09.2025/HPDQ-TMPHD-KH | E99: T10 4b | G99: 1050013865 | H99: 2125100090 | I99: 1251121967898 | J99: Thép cuộn cán nóng 2.75x121Y SAE1006 | K99: 1050013865
A100: =B100*1000 -> 2380000 | B100: 2380 | C100: MINH PHÚ | D100: 548B.T09.2025/HPDQ-TMPHD-KH | E100: T10 4b | G100: 1050013866 | H100: 2125100091 | I100: 1251121934975 | J100: Thép cuộn cán nóng 2.75x123X SAE1006 | K100: 1050013866
A101: =B101*1000 -> 700000 | B101: 700 | C101: MINH PHÚ | D101: 548B.T09.2025/HPDQ-TMPHD-KH | E101: T10 4b | G101: 1050013867 | H101: 2125100092 | I101: 1251121918128 | J101: Thép cuộn cán nóng 3.00x123X SAE1006 | K101: 1050013867
A102: =B102*1000 -> 8700000 | B102: 8700 | C102: ỐNG THÉP MIỀN NAM | D102: 498.T10.2025/HPDQ-OTMN-NKH | E102: T10 4b | G102: 1050013857 | H102: 2125100079 | I102: 1251121967898 | J102: Thép cuộn cán nóng 2.75x121Y SAE1006
A103: =B103*1000 -> 1000000 | B103: 1000 | C103: ỐNG THÉP ĐÀ NẴNG | D103: 582C.T09.2025/HPDQ-OTDN-KH | E103: T10 4b | G103: 1050013868 | H103: 2125100094 | I103: 1251121996836 | J103: Thép cuộn cán nóng 2.35x123X SAE1006 | K103: 1050013868
A104: =B104*1000 -> 1500000 | B104: 1500 | C104: ỐNG THÉP ĐÀ NẴNG | D104: 582C.T09.2025/HPDQ-OTDN-KH | E104: T10 4b | G104: 1050013869 | H104: 2125100095 | I104: 1251121917787 | J104: Thép cuộn cán nóng 2.45x123X SAE1006 | K104: 1050013869
A105: =B105*1000 -> 2000000 | B105: 2000 | C105: ỐNG THÉP ĐÀ NẴNG | D105: 582C.T09.2025/HPDQ-OTDN-KH | E105: T10 4b | G105: 1050013870 | H105: 2125100096 | I105: 1251121934975 | J105: Thép cuộn cán nóng 2.75x123X SAE1006 | K105: 1050013870
A106: =B106*1000 -> 2600000 | B106: 2600 | C106: ỐNG THÉP ĐÀ NẴNG | D106: 582C.T09.2025/HPDQ-OTDN-KH | E106: T10 4b | G106: 1050013871 | H106: 2125100097 | I106: 1251121958797 | J106: Thép cuộn cán nóng 2.95x123X SAE1006 | K106: 1050013871
A107: =B107*1000 -> 800000 | B107: 800 | C107: ỐNG THÉP ĐÀ NẴNG | D107: 582C.T09.2025/HPDQ-OTDN-KH | E107: T10 4b | G107: 1050013872 | H107: 2125100098 | I107: 1251121959312 | J107: Thép cuộn cán nóng 3.45x123X SAE1006 | K107: 1050013872
A108: =B108*1000 -> 1500000 | B108: 1500 | C108: THÉP VIỆT NHẬT | D108: 530A.T08.2025/HPDQ-TVN-KH | E108: T10 4b | G108: 1050013873 | H108: 2125100099 | I108: 1251121924372 | J108: Thép cuộn cán nóng 2.30x121Y SAE1006 | K108: 1050013873
A109: =B109*1000 -> 1000000 | B109: 1000 | C109: THÉP VIỆT NHẬT | D109: 530A.T08.2025/HPDQ-TVN-KH | E109: T10 4b | G109: 1050013874 | H109: 2125100100 | I109: 1251121918340 | J109: Thép cuộn cán nóng 2.50x126X SAE1006 | K109: 1050013874
A110: =B110*1000 -> 500000 | B110: 500 | C110: THÉP VIỆT NHẬT | D110: 530A.T08.2025/HPDQ-TVN-KH | E110: T10 4b | G110: 1050013875 | H110: 2125100101 | I110: 1251121924556 | J110: Thép cuộn cán nóng 2.75x126X SAE1006 | K110: 1050013875
A111: =B111*1000 -> 500000 | B111: 500 | C111: THÉP VIỆT NHẬT | D111: 530A.T08.2025/HPDQ-TVN-KH | E111: T10 4b | G111: 1050013876 | H111: 2125100102 | I111: 1251121915400 | J111: Thép cuộn cán nóng 3.00x126X SAE1006 | K111: 1050013876
A112: =B112*1000 -> 4500000 | B112: 4500 | C112: THÉP ASIA | D112: 579B.T09.2025/HPDQ-ASIA-KH | E112: T10 4b | G112: 1050013877 | H112: 2125100103 | I112: 1251121920442 | J112: Thép cuộn cán nóng 2.25x126X SAE1006 | K112: 1050013877
A113: =B113*1000 -> 500000 | B113: 500 | C113: HOA SEN | D113: 600B.T10.2025/HPDQ-HSPM-KH | E113: T11 1b | F113: Thép cuộn cán nóng 4.00x123X SAE1006trung gianqua cán nguội | G113: 1050013878 | H113: 2125100104 | I113: 1251121918166 | J113: Thép cuộn cán nóng 4.00x123X SAE1006 | K113: 1050013878
A114: =B114*1000 -> 1000000 | B114: 1000 | C114: HOA SEN | D114: 600A.T10.2025/HPDQ-HSPM-KH | E114: T10 5b | F114: Thép cuộn cán nóng 4.00x126X SAE1006trung gianqua cán nguội | G114: 1050013879 | H114: 2125100105 | I114: 1251121920305 | J114: Thép cuộn cán nóng 4.00x126X SAE1006 | K114: 1050013879
A115: =B115*1000 -> 100000 | B115: 100 | C115: HOA SEN | D115: trung gian | G115: 1050013880 | H115: 2125100106 | I115: 1251121944523 | J115: Thép cuộn cán nóng 3.00x121X SAE1006 | K115: 1050013880
A116: =B116*1000 -> 1800000 | B116: 1800 | D116: 548B.T09.2025/HPDQ-TMP-KH | G116: 1050013639 | H116: 2125100107 | I116: 1251121926949 | J116: Thép cuộn cán nóng 2.90x121Y SAE1006
A117: =B117*1000 -> 500000 | B117: 500 | D117: 599.T10.2025/HPDQ-HSQN-KH | G117: 1050013900 | H117: 2125100108 | I117: 1251121917626 | J117: Thép cuộn cán nóng 2.50x121X SAE1006
A118: =B118*1000 -> 3500000 | B118: 3500 | D118: 503D.T08.2025/HPDQ-TMPHD-KH | G118: 1050013901 | H118: 2125100109 | I118: 1251121916186 | J118: Thép cuộn cán nóng 2.30x121X SAE1006
C119: sự cố | G119: 1050013902 | H119: 2125100110
A123: =(B123+7000)*1000 -> 22000000 | B123: 15000 | C123: MINH NGỌC | D123: 498.T10.2025/HPDQ-OTMN-NKH | F123: Thép cuộn cán nóng 2.75x121Y SAE1006MINH NGỌCQua cán nguội | G123: 1050013903 | H123: 2125100111 | J123: Thép cuộn cán nóng 2.75x121Y SAE1006
A124: =B124*1000 -> 600000 | B124: 600 | C124: TÔN HÒA PHÁT | D124: 587B.T10.2025/HPDQ-THP-KH | F124: Thép cuộn cán nóng 3.95x126X SAE1006TÔN HÒA PHÁTQua cán nguội | G124: 1050013904 | H124: 2125100112 | J124: Thép cuộn cán nóng 3.95x126X SAE1006
A125: =B125*1000 -> 1050000 | B125: 1050 | C125: HOA SEN | D125: 600A.T10.2025/HPDQ-HSPM-KH | F125: Thép cuộn cán nóng 2.80x126X SAE1006HOA SENQua cán nguội | G125: 1050013905 | H125: 2125100113 | J125: Thép cuộn cán nóng 2.80x126X SAE1006
A126: =B126*1000 -> 1110000 | B126: 1110 | C126: HOA SEN | D126: 600A.T10.2025/HPDQ-HSPM-KH | F126: Thép cuộn cán nóng 3.20x126X SAE1006HOA SENQua cán nguội | G126: 1050013906 | H126: 2125100114 | J126: Thép cuộn cán nóng 3.20x126X SAE1006
A127: =B127*1000 -> 560000 | B127: 560 | C127: HOA SEN | D127: 600A.T10.2025/HPDQ-HSPM-KH | F127: Thép cuộn cán nóng 3.80x126X SAE1006HOA SENQua cán nguội | G127: 1050013907 | H127: 2125100115 | J127: Thép cuộn cán nóng 3.80x126X SAE1006
A128: =B128*1000 -> 140000 | B128: 140 | C128: HOA SEN | D128: 600A.T10.2025/HPDQ-HSPM-KH | F128: Thép cuộn cán nóng 2.80x120X SAE1006HOA SENQua cán nguội | G128: 1050013908 | H128: 2125100116 | J128: Thép cuộn cán nóng 2.80x120X SAE1006
A129: =B129*1000 -> 310000 | B129: 310 | C129: HOA SEN | D129: 600A.T10.2025/HPDQ-HSPM-KH | F129: Thép cuộn cán nóng 3.50x120X SAE1006HOA SENQua cán nguội | G129: 1050013909 | H129: 2125100117 | J129: Thép cuộn cán nóng 3.50x120X SAE1006
A130: =B130*1000 -> 75000 | B130: 75 | C130: HOA SEN | D130: 600A.T10.2025/HPDQ-HSPM-KH | F130: Thép cuộn cán nóng 3.00x120X SAE1006HOA SENQua cán nguội | G130: 1050013910 | H130: 2125100118 | J130: Thép cuộn cán nóng 3.00x120X SAE1006
A131: =B131*1000 -> 700000 | B131: 700 | C131: ỐNG THÉP BÌNH DƯƠNG | D131: 537G.T08.2025/HPDQ-OTBD-KH | F131: Thép cuộn cán nóng 2.45x123X SAE1006ỐNG THÉP BÌNH DƯƠNGQua cán nguội | G131: 1050013911 | H131: 2125100119 | J131: Thép cuộn cán nóng 2.45x123X SAE1006
A132: =B132*1000 -> 800000 | B132: 800 | C132: ỐNG THÉP BÌNH DƯƠNG | D132: 537G.T08.2025/HPDQ-OTBD-KH | F132: Thép cuộn cán nóng 2.45x125X SAE1006ỐNG THÉP BÌNH DƯƠNGQua cán nguội | G132: 1050013912 | H132: 2125100120 | J132: Thép cuộn cán nóng 2.45x125X SAE1006
A133: =B133*1000 -> 500000 | B133: 500 | C133: ỐNG THÉP BÌNH DƯƠNG | D133: 537G.T08.2025/HPDQ-OTBD-KH | F133: Thép cuộn cán nóng 2.75x123X SAE1006ỐNG THÉP BÌNH DƯƠNGQua cán nguội | G133: 1050013913 | H133: 2125100121 | J133: Thép cuộn cán nóng 2.75x123X SAE1006
A134: =B134*1000 -> 300000 | B134: 300 | C134: ỐNG THÉP BÌNH DƯƠNG | D134: 537G.T08.2025/HPDQ-OTBD-KH | F134: Thép cuộn cán nóng 2.75x125X SAE1006ỐNG THÉP BÌNH DƯƠNGQua cán nguội | G134: 1050013914 | H134: 2125100122 | J134: Thép cuộn cán nóng 2.75x125X SAE1006
A135: =B135*1000 -> 700000 | B135: 700 | C135: ỐNG THÉP BÌNH DƯƠNG | D135: 537G.T08.2025/HPDQ-OTBD-KH | F135: Thép cuộn cán nóng 2.95x123X SAE1006ỐNG THÉP BÌNH DƯƠNGQua cán nguội | G135: 1050013915 | H135: 2125100123 | J135: Thép cuộn cán nóng 2.95x123X SAE1006
... A141: =B141*1000 -> 160000 | B141: 160 | C141: ỐNG THÉP BÌNH DƯƠNG | D141: 537G.T08.2025/HPDQ-OTBD-KH | F141: Thép cuộn cán nóng 3.80x125X SAE1006ỐNG THÉP BÌNH DƯƠNGQua cán nguội | G141: 1050013921 | H141: 2125100129 | J141: Thép cuộn cán nóng 3.80x125X SAE1006
...

Sheet DH_T10.5
B3: 1 | C3: 2 | D3: 3 | E3: 4 | F3: 6 | G3: 7 | H3: 8 | I3: 9 | J3: 10 | K3: 11 | L3: 12 | M3: 13 | N3: 14 | O3: 15 | P3: 16 | Q3: 18
A4: cũ | B4: ỐNG THÉP HƯNG YÊN | C4: T10 4b | D4: 582A.T09.2025/HPDQ-OTHY-KH | E4: 18 - 25 | F4: No | G4: No | H4: Si=<0.03%; Si+2.5P=<0.085%. | I4: Thép cuộn cán nóng 3.45x123X SAE1006 | J4: SAE1006 | K4: 3.45 | L4: 1230 | M4: 123X | O4: 6000 | P4: 6000 | Q4: Ống-Qua cán nguội | R4: Qua cán nguội | S4: =I4&B4&R4 -> Thép cuộn cán nóng 3.45x123X SAE1006ỐNG THÉP HƯNG YÊNQua cán nguội
A5: cũ | B5: MINH PHÚ | C5: T10 4b | D5: 548A.T09.2025/HPDQ-OTMP-KH | E5: 18-24 | F5: no | G5: No | I5: Thép cuộn cán nóng 2.45x121Y SAE1006 | J5: SAE1006 | K5: 2.45 | L5: 1219 | M5: 121Y | N5: 0 | O5: 2500 | P5: 2500 | Q5: Tôn-Ống_Qua cán nguội | R5: Qua cán nguội | S5: =I5&B5&R5 -> Thép cuộn cán nóng 2.45x121Y SAE1006MINH PHÚQua cán nguội
A6: cũ | B6: MINH PHÚ | C6: T10 4b | D6: 548A.T09.2025/HPDQ-OTMP-KH | E6: 18-24 | F6: no | G6: No | I6: Thép cuộn cán nóng 2.45x123X SAE1006 | J6: SAE1006 | K6: 2.45 | L6: 1230 | M6: 123X | N6: 0 | O6: 2500 | P6: 2500 | Q6: Tôn-Ống_Qua cán nguội | R6: Qua cán nguội | S6: =I6&B6&R6 -> Thép cuộn cán nóng 2.45x123X SAE1006MINH PHÚQua cán nguội
A7: cũ | B7: MINH PHÚ | C7: T10 4b | D7: 548H.T09.2025/HPDQ-TMPHD-KH | E7: 17-22 | F7: No | G7: No | I7: Thép cuộn cán nóng 2.40x123X SAE1006 | J7: SAE1006 | K7: 2.40 | L7: 1230 | M7: 123X | O7: 800 | P7: 800 | Q7: Tôn-Ống_Qua cán nguội | R7: Qua cán nguội | S7: =I7&B7&R7 -> Thép cuộn cán nóng 2.40x123X SAE1006MINH PHÚQua cán nguội
A8: cũ | B8: MINH PHÚ | C8: T10 4b | D8: 548H.T09.2025/HPDQ-TMPHD-KH | E8: 17-22 | F8: No | G8: No | I8: Thép cuộn cán nóng 2.50x126X SAE1006 | J8: SAE1006 | K8: 2.50 | L8: 1260 | M8: 126X | O8: 1760 | P8: 1760 | Q8: Tôn-Ống_Qua cán nguội | R8: Qua cán nguội | S8: =I8&B8&R8 -> Thép cuộn cán nóng 2.50x126X SAE1006MINH PHÚQua cán nguội
A9: cũ | B9: MINH PHÚ | C9: T10 4b | D9: 548H.T09.2025/HPDQ-TMPHD-KH | E9: 17-22 | F9: No | G9: No | I9: Thép cuộn cán nóng 2.75x123X SAE1006 | J9: SAE1006 | K9: 2.75 | L9: 1230 | M9: 123X | O9: 380 | P9: 380 | Q9: Tôn-Ống_Qua cán nguội | R9: Qua cán nguội | S9: =I9&B9&R9 -> Thép cuộn cán nóng 2.75x123X SAE1006MINH PHÚQua cán nguội
A10: cũ | B10: MINH PHÚ | C10: T10 4b | D10: 548H.T09.2025/HPDQ-TMPHD-KH | E10: 17-22 | F10: No | G10: No | I10: Thép cuộn cán nóng 3.00x126X SAE1006 | J10: SAE1006 | K10: 3.00 | L10: 1260 | M10: 126X | O10: 1670 | P10: 1670 | Q10: Tôn-Ống_Qua cán nguội | R10: Qua cán nguội | S10: =I10&B10&R10 -> Thép cuộn cán nóng 3.00x126X SAE1006MINH PHÚQua cán nguội
A11: cũ | B11: MINH PHÚ | C11: T10 4b | D11: 548B.T09.2025/HPDQ-TMPHD-KH | E11: 18-24 | F11: no | G11: No | I11: Thép cuộn cán nóng 2.75x121Y SAE1006 | J11: SAE1006 | K11: 2.75 | L11: 1219 | M11: 121Y | N11: 0 | O11: 1350 | P11: 1350 | Q11: Tôn-Ống_Qua cán nguội | R11: Qua cán nguội | S11: =I11&B11&R11 -> Thép cuộn cán nóng 2.75x121Y SAE1006MINH PHÚQua cán nguội
A12: cũ | B12: MINH PHÚ | C12: T10 4b | D12: 548B.T09.2025/HPDQ-TMPHD-KH | E12: 18-24 | F12: no | G12: No | I12: Thép cuộn cán nóng 2.75x123X SAE1006 | J12: SAE1006 | K12: 2.75 | L12: 1230 | M12: 123X | N12: 0 | O12: 2000 | P12: 2000 | Q12: Tôn-Ống_Qua cán nguội | R12: Qua cán nguội | S12: =I12&B12&R12 -> Thép cuộn cán nóng 2.75x123X SAE1006MINH PHÚQua cán nguội
A13: cũ | B13: MINH PHÚ | C13: T10 4b | D13: 548B.T09.2025/HPDQ-TMPHD-KH | E13: 18-24 | F13: no | G13: No | I13: Thép cuộn cán nóng 3.00x123X SAE1006 | J13: SAE1006 | K13: 3.00 | L13: 1230 | M13: 123X | N13: 0 | O13: 700 | P13: 700 | Q13: Tôn-Ống_Qua cán nguội | R13: Qua cán nguội | S13: =I13&B13&R13 -> Thép cuộn cán nóng 3.00x123X SAE1006MINH PHÚQua cán nguội
A14: cũ | B14: ỐNG THÉP MIỀN NAM | C14: T10 4b | D14: 498.T10.2025/HPDQ-OTMN-NKH | E14: 18-24 | F14: No | G14: No | I14: Thép cuộn cán nóng 2.75x121Y SAE1006 | J14: SAE1006 | K14: 2.75 | L14: 1219 | M14: 121Y | O14: 8700 | P14: 8700 | Q14: Ống-Qua cán nguội | R14: Qua cán nguội | S14: =I14&B14&R14 -> Thép cuộn cán nóng 2.75x121Y SAE1006ỐNG THÉP MIỀN NAMQua cán nguội
A15: cũ | B15: ỐNG THÉP ĐÀ NẴNG | C15: T10 4b | D15: 582C.T09.2025/HPDQ-OTDN-KH | E15: 18 - 25 | F15: No | G15: No | H15: Si=<0.03%; Si+2.5P=<0.085%. | I15: Thép cuộn cán nóng 2.35x123X SAE1006 | J15: SAE1006 | K15: 2.35 | L15: 1230 | M15: 123X | O15: 1000 | P15: 1000 | Q15: Ống-Qua cán nguội | R15: Qua cán nguội | S15: =I15&B15&R15 -> Thép cuộn cán nóng 2.35x123X SAE1006ỐNG THÉP ĐÀ NẴNGQua cán nguội
A16: cũ | B16: ỐNG THÉP ĐÀ NẴNG | C16: T10 4b | D16: 582C.T09.2025/HPDQ-OTDN-KH | E16: 18 - 25 | F16: No | G16: No | H16: Si=<0.03%; Si+2.5P=<0.085%. | I16: Thép cuộn cán nóng 2.45x123X SAE1006 | J16: SAE1006 | K16: 2.45 | L16: 1230 | M16: 123X | O16: 1500 | P16: 1500 | Q16: Ống-Qua cán nguội | R16: Qua cán nguội | S16: =I16&B16&R16 -> Thép cuộn cán nóng 2.45x123X SAE1006ỐNG THÉP ĐÀ NẴNGQua cán nguội
A17: cũ | B17: ỐNG THÉP ĐÀ NẴNG | C17: T10 4b | D17: 582C.T09.2025/HPDQ-OTDN-KH | E17: 18 - 25 | F17: No | G17: No | H17: Si=<0.03%; Si+2.5P=<0.085%. | I17: Thép cuộn cán nóng 2.75x123X SAE1006 | J17: SAE1006 | K17: 2.75 | L17: 1230 | M17: 123X | O17: 2000 | P17: 2000 | Q17: Ống-Qua cán nguội | R17: Qua cán nguội | S17: =I17&B17&R17 -> Thép cuộn cán nóng 2.75x123X SAE1006ỐNG THÉP ĐÀ NẴNGQua cán nguội
A18: cũ | B18: ỐNG THÉP ĐÀ NẴNG | C18: T10 4b | D18: 582C.T09.2025/HPDQ-OTDN-KH | E18: 18 - 25 | F18: No | G18: No | H18: Si=<0.03%; Si+2.5P=<0.085%. | I18: Thép cuộn cán nóng 2.95x123X SAE1006 | J18: SAE1006 | K18: 2.95 | L18: 1230 | M18: 123X | O18: 2600 | P18: 2600 | Q18: Ống-Qua cán nguội | R18: Qua cán nguội | S18: =I18&B18&R18 -> Thép cuộn cán nóng 2.95x123X SAE1006ỐNG THÉP ĐÀ NẴNGQua cán nguội
A19: cũ | B19: ỐNG THÉP ĐÀ NẴNG | C19: T10 4b | D19: 582C.T09.2025/HPDQ-OTDN-KH | E19: 18 - 25 | F19: No | G19: No | H19: Si=<0.03%; Si+2.5P=<0.085%. | I19: Thép cuộn cán nóng 3.45x123X SAE1006 | J19: SAE1006 | K19: 3.45 | L19: 1230 | M19: 123X | O19: 800 | P19: 800 | Q19: Ống-Qua cán nguội | R19: Qua cán nguội | S19: =I19&B19&R19 -> Thép cuộn cán nóng 3.45x123X SAE1006ỐNG THÉP ĐÀ NẴNGQua cán nguội
A20: cũ | B20: THÉP VIỆT NHẬT | C20: T10 4b | D20: 530A.T08.2025/HPDQ-TVN-KH | E20: 17-20 (aming 18-19) | F20: No | G20: No | H20: Dùng sản xuất tôn màu | I20: Thép cuộn cán nóng 2.30x121Y SAE1006 | J20: SAE1006 | K20: 2.30 | L20: 1217 | M20: 121Y | N20: 1500 | P20: 1500 | Q20: Tôn-Qua cán nguội | R20: Qua cán nguội | S20: =I20&B20&R20 -> Thép cuộn cán nóng 2.30x121Y SAE1006THÉP VIỆT NHẬTQua cán nguội
A21: cũ | B21: THÉP VIỆT NHẬT | C21: T10 4b | D21: 530A.T08.2025/HPDQ-TVN-KH | E21: 17-20 (aming 18-19) | F21: No | G21: No | I21: Thép cuộn cán nóng 2.50x126X SAE1006 | J21: SAE1006 | K21: 2.50 | L21: 1262 | M21: 126X | N21: 1000 | P21: 1000 | Q21: Tôn-Qua cán nguội | R21: Qua cán nguội | S21: =I21&B21&R21 -> Thép cuộn cán nóng 2.50x126X SAE1006THÉP VIỆT NHẬTQua cán nguội
A22: cũ | B22: THÉP VIỆT NHẬT | C22: T10 4b | D22: 530A.T08.2025/HPDQ-TVN-KH | E22: 17-20 (aming 18-19) | F22: No | G22: No | I22: Thép cuộn cán nóng 2.75x126X SAE1006 | J22: SAE1006 | K22: 2.75 | L22: 1262 | M22: 126X | N22: 500 | P22: 500 | Q22: Tôn-Qua cán nguội | R22: Qua cán nguội | S22: =I22&B22&R22 -> Thép cuộn cán nóng 2.75x126X SAE1006THÉP VIỆT NHẬTQua cán nguội
A23: cũ | B23: THÉP VIỆT NHẬT | C23: T10 4b | D23: 530A.T08.2025/HPDQ-TVN-KH | E23: 17-20 (aming 18-19) | F23: No | G23: No | I23: Thép cuộn cán nóng 3.00x126X SAE1006 | J23: SAE1006 | K23: 3.00 | L23: 1262 | M23: 126X | N23: 500 | P23: 500 | Q23: Tôn-Qua cán nguội | R23: Qua cán nguội | S23: =I23&B23&R23 -> Thép cuộn cán nóng 3.00x126X SAE1006THÉP VIỆT NHẬTQua cán nguội
A24: cũ | B24: THÉP ASIA | C24: T10 4b | D24: 579B.T09.2025/HPDQ-ASIA-KH | E24: 18-25 | F24: no | G24: No | I24: Thép cuộn cán nóng 2.25x126X SAE1006 | J24: SAE1006 | K24: 2.25 | L24: 1260 | M24: 126X | N24: 0 | O24: 4500 | P24: 4500 | Q24: Ống-Qua cán nguội | R24: Qua cán nguội | S24: =I24&B24&R24 -> Thép cuộn cán nóng 2.25x126X SAE1006THÉP ASIAQua cán nguội
A25: cũ | B25: HOA SEN | C25: T11 1b | D25: 600B.T10.2025/HPDQ-HSPM-KH | E25: 18-23 | F25: No | G25: No | H25: Dung sai tổng khối lượng khi Mapping +/-10% | I25: Thép cuộn cán nóng 4.00x123X SAE1006 | J25: SAE1006 | K25: 4.00 | L25: 1230 | M25: 123X | N25: 500 | P25: 500 | Q25: Ống-Qua cán nguội | R25: Qua cán nguội | S25: =I25&B25&R25 -> Thép cuộn cán nóng 4.00x123X SAE1006HOA SENQua cán nguội
A26: cũ | B26: HOA SEN | C26: T10 5b | D26: 600A.T10.2025/HPDQ-HSPM-KH | E26: 18-23 | F26: No | G26: No | I26: Thép cuộn cán nóng 4.00x126X SAE1006 | J26: SAE1006 | K26: 4.00 | L26: 1260 | M26: 126X | N26: 1000 | P26: 1000 | Q26: Ống-Qua cán nguội | R26: Qua cán nguội | S26: =I26&B26&R26 -> Thép cuộn cán nóng 4.00x126X SAE1006HOA SENQua cán nguội
A27: cũ | B27: HOA SEN | I27: Thép cuộn cán nóng 3.00x121X SAE1006 | J27: SAE1006 | K27: 3.00 | L27: 1212 | M27: 121X | N27: 100 | O27: 0 | P27: 100 | Q27: Ống-Qua cán nguội | R27: Qua cán nguội | S27: =I27&B27&R27 -> Thép cuộn cán nóng 3.00x121X SAE1006HOA SENQua cán nguội
C31: ỐNG THÉP HƯNG YÊN | D31: 582A.T09.2025/HPDQ-OTHY-KH | E31: 18 - 25 | F31: No | G31: No | H31: Si=<0.03%; Si+2.5P=<0.085%. | I31: Thép cuộn cán nóng 3.45x123X SAE1006 | J31: SAE1006 | K31: 3.45 | L31: 1230 | M31: 123X | N31: 0 | O31: 6000 | P31: 6000 | Q31: Ống-Qua cán nguội | R31: Qua cán nguội | S31: =I31&C31&R31 -> Thép cuộn cán nóng 3.45x123X SAE1006ỐNG THÉP HƯNG YÊNQua cán nguội
C32: MINH PHÚ | D32: 548B.T09.2025/HPDQ-TMP-KH | E32: 18-24 | F32: no | G32: No | H32: sản xuất đầu nhịp | I32: Thép cuộn cán nóng 2.45x123X SAE1006 | J32: SAE1006 | K32: 2.45 | L32: 1230 | M32: 123X | N32: 0 | O32: 1000 | P32: 1000 | Q32: Tôn-Ống_Qua cán nguội | R32: Qua cán nguội | S32: =I32&C32&R32 -> Thép cuộn cán nóng 2.45x123X SAE1006MINH PHÚQua cán nguội
C33: MINH PHÚ | D33: 548B.T09.2025/HPDQ-TMP-KH | E33: 18-24 | F33: no | G33: No | H33: sản xuất đầu nhịp | I33: Thép cuộn cán nóng 2.90x121Y SAE1006 | J33: SAE1006 | K33: 2.90 | L33: 1219 | M33: 121Y | N33: 0 | O33: 1800 | P33: 1800 | Q33: Tôn-Ống_Qua cán nguội | R33: Qua cán nguội | S33: =I33&C33&R33 -> Thép cuộn cán nóng 2.90x121Y SAE1006MINH PHÚQua cán nguội
C34: MINH PHÚ | D34: 548H.T09.2025/HPDQ-TMPHD-KH | E34: 17-22 | F34: No | G34: No | I34: Thép cuộn cán nóng 2.40x123X SAE1006 | J34: SAE1006 | K34: 2.40 | L34: 1230 | M34: 123X | N34: 0 | O34: 800 | P34: 800 | Q34: Tôn-Ống_Qua cán nguội | R34: Qua cán nguội | S34: =I34&C34&R34 -> Thép cuộn cán nóng 2.40x123X SAE1006MINH PHÚQua cán nguội
C35: MINH PHÚ | D35: 548H.T09.2025/HPDQ-TMPHD-KH | E35: 17-22 | F35: No | G35: No | I35: Thép cuộn cán nóng 2.50x126X SAE1006 | J35: SAE1006 | K35: 2.50 | L35: 1260 | M35: 126X | N35: 0 | O35: 1760 | P35: 1760 | Q35: Tôn-Ống_Qua cán nguội | R35: Qua cán nguội | S35: =I35&C35&R35 -> Thép cuộn cán nóng 2.50x126X SAE1006MINH PHÚQua cán nguội
C36: MINH PHÚ | D36: 548H.T09.2025/HPDQ-TMPHD-KH | E36: 17-22 | F36: No | G36: No | I36: Thép cuộn cán nóng 2.75x123X SAE1006 | J36: SAE1006 | K36: 2.75 | L36: 1230 | M36: 123X | N36: 0 | O36: 380 | P36: 380 | Q36: Tôn-Ống_Qua cán nguội | R36: Qua cán nguội | S36: =I36&C36&R36 -> Thép cuộn cán nóng 2.75x123X SAE1006MINH PHÚQua cán nguội
C37: MINH PHÚ | D37: 548H.T09.2025/HPDQ-TMPHD-KH | E37: 17-22 | F37: No | G37: No | I37: Thép cuộn cán nóng 3.00x126X SAE1006 | J37: SAE1006 | K37: 3.00 | L37: 1260 | M37: 126X | N37: 0 | O37: 1670 | P37: 1670 | Q37: Tôn-Ống_Qua cán nguội | R37: Qua cán nguội | S37: =I37&C37&R37 -> Thép cuộn cán nóng 3.00x126X SAE1006MINH PHÚQua cán nguội
C38: ỐNG THÉP MIỀN NAM | D38: 498.T10.2025/HPDQ-OTMN-NKH | E38: 18-24 | F38: No | G38: No | I38: Thép cuộn cán nóng 2.75x121Y SAE1006 | J38: SAE1006 | K38: 2.75 | L38: 1219 | M38: 121Y | N38: 0 | O38: 8700 | P38: 8700 | Q38: Ống-Qua cán nguội | R38: Qua cán nguội | S38: =I38&C38&R38 -> Thép cuộn cán nóng 2.75x121Y SAE1006ỐNG THÉP MIỀN NAMQua cán nguội
C39: ỐNG THÉP ĐÀ NẴNG | D39: 582C.T09.2025/HPDQ-OTDN-KH | E39: 18 - 25 | F39: No | G39: No | H39: Si=<0.03%; Si+2.5P=<0.085%. | I39: Thép cuộn cán nóng 2.35x123X SAE1006 | J39: SAE1006 | K39: 2.35 | L39: 1230 | M39: 123X | N39: 0 | O39: 1000 | P39: 1000 | Q39: Ống-Qua cán nguội | R39: Qua cán nguội | S39: =I39&C39&R39 -> Thép cuộn cán nóng 2.35x123X SAE1006ỐNG THÉP ĐÀ NẴNGQua cán nguội
C40: ỐNG THÉP ĐÀ NẴNG | D40: 582C.T09.2025/HPDQ-OTDN-KH | E40: 18 - 25 | F40: No | G40: No | H40: Si=<0.03%; Si+2.5P=<0.085%. | I40: Thép cuộn cán nóng 2.45x123X SAE1006 | J40: SAE1006 | K40: 2.45 | L40: 1230 | M40: 123X | N40: 0 | O40: 1500 | P40: 1500 | Q40: Ống-Qua cán nguội | R40: Qua cán nguội | S40: =I40&C40&R40 -> Thép cuộn cán nóng 2.45x123X SAE1006ỐNG THÉP ĐÀ NẴNGQua cán nguội
C41: ỐNG THÉP ĐÀ NẴNG | D41: 582C.T09.2025/HPDQ-OTDN-KH | E41: 18 - 25 | F41: No | G41: No | H41: Si=<0.03%; Si+2.5P=<0.085%. | I41: Thép cuộn cán nóng 2.75x123X SAE1006 | J41: SAE1006 | K41: 2.75 | L41: 1230 | M41: 123X | N41: 0 | O41: 2000 | P41: 2000 | Q41: Ống-Qua cán nguội | R41: Qua cán nguội | S41: =I41&C41&R41 -> Thép cuộn cán nóng 2.75x123X SAE1006ỐNG THÉP ĐÀ NẴNGQua cán nguội
C42: ỐNG THÉP ĐÀ NẴNG | D42: 582C.T09.2025/HPDQ-OTDN-KH | E42: 18 - 25 | F42: No | G42: No | H42: Si=<0.03%; Si+2.5P=<0.085%. | I42: Thép cuộn cán nóng 2.95x123X SAE1006 | J42: SAE1006 | K42: 2.95 | L42: 1230 | M42: 123X | N42: 0 | O42: 2600 | P42: 2600 | Q42: Ống-Qua cán nguội | R42: Qua cán nguội | S42: =I42&C42&R42 -> Thép cuộn cán nóng 2.95x123X SAE1006ỐNG THÉP ĐÀ NẴNGQua cán nguội
C43: ỐNG THÉP ĐÀ NẴNG | D43: 582C.T09.2025/HPDQ-OTDN-KH | E43: 18 - 25 | F43: No | G43: No | H43: Si=<0.03%; Si+2.5P=<0.085%. | I43: Thép cuộn cán nóng 3.45x123X SAE1006 | J43: SAE1006 | K43: 3.45 | L43: 1230 | M43: 123X | N43: 0 | O43: 800 | P43: 800 | Q43: Ống-Qua cán nguội | R43: Qua cán nguội | S43: =I43&C43&R43 -> Thép cuộn cán nóng 3.45x123X SAE1006ỐNG THÉP ĐÀ NẴNGQua cán nguội
C44: THÉP ASIA | D44: 579B.T09.2025/HPDQ-ASIA-KH | E44: 18-25 | F44: no | G44: No | I44: Thép cuộn cán nóng 2.25x126X SAE1006 | J44: SAE1006 | K44: 2.25 | L44: 1260 | M44: 126X | N44: 0 | O44: 4500 | P44: 4500 | Q44: Ống-Qua cán nguội | R44: Qua cán nguội | S44: =I44&C44&R44 -> Thép cuộn cán nóng 2.25x126X SAE1006THÉP ASIAQua cán nguội
C45: HOA SEN | D45: 600B.T10.2025/HPDQ-HSPM-KH | E45: 18-23 | F45: No | G45: No | H45: Dung sai tổng khối lượng khi Mapping +/-10% | I45: Thép cuộn cán nóng 4.00x123X SAE1006 | J45: SAE1006 | K45: 4.00 | L45: 1230 | M45: 123X | N45: 500 | O45: 0 | P45: 500 | Q45: Tôn- Qua cán nguôi | R45: Qua cán nguội | S45: =I45&C45&R45 -> Thép cuộn cán nóng 4.00x123X SAE1006HOA SENQua cán nguội
C46: HOA SEN | D46: 600A.T10.2025/HPDQ-HSPM-KH | E46: 18-23 | F46: No | G46: No | H46: Dung sai tổng khối lượng khi Mapping +/-5% | I46: Thép cuộn cán nóng 4.00x126X SAE1006 | J46: SAE1006 | K46: 4.00 | L46: 1260 | M46: 126X | N46: 1000 | O46: 0 | P46: 1000 | Q46: Tôn- Qua cán nguôi | R46: Qua cán nguội | S46: =I46&C46&R46 -> Thép cuộn cán nóng 4.00x126X SAE1006HOA SENQua cán nguội
C47: MINH PHÚ | D47: 503D.T08.2025/HPDQ-TMPHD-KH | E47: 18-24 | I47: Thép cuộn cán nóng 2.30x121X SAE1006 | J47: SAE1006 | K47: 2.30 | L47: 1212 | M47: 121X | N47: 0 | O47: 3500 | P47: 3500 | Q47: Tôn-Ống_Qua cán nguội | R47: Qua cán nguội | S47: =I47&C47&R47 -> Thép cuộn cán nóng 2.30x121X SAE1006MINH PHÚQua cán nguội
C48: MINH PHÚ | D48: 503D.T08.2025/HPDQ-TMPHD-KH | E48: 18-24 | I48: Thép cuộn cán nóng 3.00x126X SAE1006 | J48: SAE1006 | K48: 3.00 | L48: 1260 | M48: 126X | N48: 0 | O48: 1100 | P48: 1100 | Q48: Tôn-Ống_Qua cán nguội | R48: Qua cán nguội | S48: =I48&C48&R48 -> Thép cuộn cán nóng 3.00x126X SAE1006MINH PHÚQua cán nguội
C49: THÉP ASIA | D49: 579B.T09.2025/HPDQ-ASIA-KH | E49: 18-25 | F49: no | G49: No | I49: Thép cuộn cán nóng 2.50x126X SAE1006 | J49: SAE1006 | K49: 2.50 | L49: 1260 | M49: 126X | N49: 0 | O49: 3500 | P49: 3500 | Q49: Ống-Qua cán nguội | R49: Qua cán nguội | S49: =I49&C49&R49 -> Thép cuộn cán nóng 2.50x126X SAE1006THÉP ASIAQua cán nguội
C50: THÉP ASIA | D50: 579B.T09.2025/HPDQ-ASIA-KH | E50: 18-25 | F50: no | G50: No | I50: Thép cuộn cán nóng 2.75x126X SAE1006 | J50: SAE1006 | K50: 2.75 | L50: 1260 | M50: 126X | N50: 0 | O50: 1200 | P50: 1200 | Q50: Ống-Qua cán nguội | R50: Qua cán nguội | S50: =I50&C50&R50 -> Thép cuộn cán nóng 2.75x126X SAE1006THÉP ASIAQua cán nguội
S51: =I51&C51&R51
B52: Trung gian | C52: Hoa sen | D52: 599.T10.2025/HPDQ-HSQN-KH | E52: 18-23 | I52: Thép cuộn cán nóng 2.50x121X SAE1006 | O52: 500 | Q52: Tôn- Qua cán nguôi | R52: Qua cán nguội | S52: =I52&C52&R52 -> Thép cuộn cán nóng 2.50x121X SAE1006Hoa senQua cán nguội
C59: MINH NGỌC | D59: 498.T10.2025/HPDQ-OTMN-NKH | E59: 18-24 | F59: No | G59: No | I59: Thép cuộn cán nóng 2.75x121Y SAE1006 | J59: SAE1006 | K59: 2.75 | L59: 1219 | M59: 121Y | O59: 15000 | P59: 15000 | Q59: Ống-Qua cán nguội | R59: Qua cán nguội | S59: =I59&C59&R59 -> Thép cuộn cán nóng 2.75x121Y SAE1006MINH NGỌCQua cán nguội
C60: TÔN HÒA PHÁT | D60: 587B.T10.2025/HPDQ-THP-KH | E60: 17-25 | F60: No | G60: No | H60: yêu cầu không ngấn ngang, rỗ sâu | I60: Thép cuộn cán nóng 3.95x126X SAE1006 | J60: SAE1006 | K60: 3.95 | L60: 1260 | M60: 126X | N60: 600 | P60: 600 | Q60: Tôn- Qua cán nguôi | R60: Qua cán nguội | S60: =I60&C60&R60 -> Thép cuộn cán nóng 3.95x126X SAE1006TÔN HÒA PHÁTQua cán nguội
C61: HOA SEN | D61: 600A.T10.2025/HPDQ-HSPM-KH | E61: 18-23 | F61: No | G61: No | H61: Dung sai tổng khối lượng khi Mapping +/-5% | I61: Thép cuộn cán nóng 2.80x126X SAE1006 | J61: SAE1006 | K61: 2.80 | L61: 1260 | M61: 126X | N61: 1050 | P61: 1050 | Q61: Tôn- Qua cán nguôi | R61: Qua cán nguội | S61: =I61&C61&R61 -> Thép cuộn cán nóng 2.80x126X SAE1006HOA SENQua cán nguội
C62: HOA SEN | D62: 600A.T10.2025/HPDQ-HSPM-KH | E62: 18-23 | F62: No | G62: No | H62: Dung sai tổng khối lượng khi Mapping +/-5% | I62: Thép cuộn cán nóng 3.20x126X SAE1006 | J62: SAE1006 | K62: 3.20 | L62: 1260 | M62: 126X | N62: 1110 | P62: 1110 | Q62: Tôn- Qua cán nguôi | R62: Qua cán nguội | S62: =I62&C62&R62 -> Thép cuộn cán nóng 3.20x126X SAE1006HOA SENQua cán nguội
C63: HOA SEN | D63: 600A.T10.2025/HPDQ-HSPM-KH | E63: 18-23 | F63: No | G63: No | H63: Dung sai tổng khối lượng khi Mapping +/-10% | I63: Thép cuộn cán nóng 3.80x126X SAE1006 | J63: SAE1006 | K63: 3.80 | L63: 1260 | M63: 126X | N63: 560 | P63: 560 | Q63: Tôn- Qua cán nguôi | R63: Qua cán nguội | S63: =I63&C63&R63 -> Thép cuộn cán nóng 3.80x126X SAE1006HOA SENQua cán nguội
C64: HOA SEN | D64: 600A.T10.2025/HPDQ-HSPM-KH | E64: 18-23 | F64: No | G64: No | H64: Dung sai tổng khối lượng khi Mapping +/-10% | I64: Thép cuộn cán nóng 2.80x120X SAE1006 | J64: SAE1006 | K64: 2.80 | L64: 1200 | M64: 120X | N64: 140 | P64: 140 | Q64: Tôn- Qua cán nguôi | R64: Qua cán nguội | S64: =I64&C64&R64 -> Thép cuộn cán nóng 2.80x120X SAE1006HOA SENQua cán nguội
C65: HOA SEN | D65: 600A.T10.2025/HPDQ-HSPM-KH | E65: 18-23 | F65: No | G65: No | H65: Dung sai tổng khối lượng khi Mapping +/-10%; CW 17-<18t max 30% | I65: Thép cuộn cán nóng 3.50x120X SAE1006 | J65: SAE1006 | K65: 3.50 | L65: 1200 | M65: 120X | N65: 310 | P65: 310 | Q65: Tôn- Qua cán nguôi | R65: Qua cán nguội | S65: =I65&C65&R65 -> Thép cuộn cán nóng 3.50x120X SAE1006HOA SENQua cán nguội
C66: HOA SEN | D66: 600A.T10.2025/HPDQ-HSPM-KH | E66: 18-23 | F66: No | G66: No | H66: Dung sai tổng khối lượng khi Mapping +/-10% | I66: Thép cuộn cán nóng 3.00x120X SAE1006 | J66: SAE1006 | K66: 3.00 | L66: 1200 | M66: 120X | N66: 75 | P66: 75 | Q66: Tôn- Qua cán nguôi | R66: Qua cán nguội | S66: =I66&C66&R66 -> Thép cuộn cán nóng 3.00x120X SAE1006HOA SENQua cán nguội
C67: ỐNG THÉP BÌNH DƯƠNG | D67: 537G.T08.2025/HPDQ-OTBD-KH | E67: 18 - 25 | F67: No | G67: No | I67: Thép cuộn cán nóng 2.45x123X SAE1006 | J67: SAE1006 | K67: 2.45 | L67: 1230 | M67: 123X | O67: 700 | P67: 700 | Q67: Ống-Qua cán nguội | R67: Qua cán nguội | S67: =I67&C67&R67 -> Thép cuộn cán nóng 2.45x123X SAE1006ỐNG THÉP BÌNH DƯƠNGQua cán nguội
C68: ỐNG THÉP BÌNH DƯƠNG | D68: 537G.T08.2025/HPDQ-OTBD-KH | E68: 18 - 25 | F68: No | G68: No | I68: Thép cuộn cán nóng 2.45x125X SAE1006 | J68: SAE1006 | K68: 2.45 | L68: 1250 | M68: 125X | O68: 800 | P68: 800 | Q68: Ống-Qua cán nguội | R68: Qua cán nguội | S68: =I68&C68&R68 -> Thép cuộn cán nóng 2.45x125X SAE1006ỐNG THÉP BÌNH DƯƠNGQua cán nguội
C69: ỐNG THÉP BÌNH DƯƠNG | D69: 537G.T08.2025/HPDQ-OTBD-KH | E69: 18 - 25 | F69: No | G69: No | I69: Thép cuộn cán nóng 2.75x123X SAE1006 | J69: SAE1006 | K69: 2.75 | L69: 1230 | M69: 123X | O69: 500 | P69: 500 | Q69: Ống-Qua cán nguội | R69: Qua cán nguội | S69: =I69&C69&R69 -> Thép cuộn cán nóng 2.75x123X SAE1006ỐNG THÉP BÌNH DƯƠNGQua cán nguội
C70: ỐNG THÉP BÌNH DƯƠNG | D70: 537G.T08.2025/HPDQ-OTBD-KH | E70: 18 - 25 | F70: No | G70: No | I70: Thép cuộn cán nóng 2.75x125X SAE1006 | J70: SAE1006 | K70: 2.75 | L70: 1250 | M70: 125X | O70: 300 | P70: 300 | Q70: Ống-Qua cán nguội | R70: Qua cán nguội | S70: =I70&C70&R70 -> Thép cuộn cán nóng 2.75x125X SAE1006ỐNG THÉP BÌNH DƯƠNGQua cán nguội
C71: ỐNG THÉP BÌNH DƯƠNG | D71: 537G.T08.2025/HPDQ-OTBD-KH | E71: 18 - 25 | F71: No | G71: No | I71: Thép cuộn cán nóng 2.95x123X SAE1006 | J71: SAE1006 | K71: 2.95 | L71: 1230 | M71: 123X | O71: 700 | P71: 700 | Q71: Ống-Qua cán nguội | R71: Qua cán nguội | S71: =I71&C71&R71 -> Thép cuộn cán nóng 2.95x123X SAE1006ỐNG THÉP BÌNH DƯƠNGQua cán nguội
C72: ỐNG THÉP BÌNH DƯƠNG | D72: 537G.T08.2025/HPDQ-OTBD-KH | E72: 18 - 25 | F72: No | G72: No | I72: Thép cuộn cán nóng 3.00x125X SAE1006 | J72: SAE1006 | K72: 3.00 | L72: 1250 | M72: 125X | O72: 600 | P72: 600 | Q72: Ống-Qua cán nguội | R72: Qua cán nguội | S72: =I72&C72&R72 -> Thép cuộn cán nóng 3.00x125X SAE1006ỐNG THÉP BÌNH DƯƠNGQua cán nguội
C73: ỐNG THÉP BÌNH DƯƠNG | D73: 537G.T08.2025/HPDQ-OTBD-KH | E73: 18 - 25 | F73: No | G73: No | I73: Thép cuộn cán nóng 3.15x123X SAE1006 | J73: SAE1006 | K73: 3.15 | L73: 1230 | M73: 123X | O73: 300 | P73: 300 | Q73: Ống-Qua cán nguội | R73: Qua cán nguội | S73: =I73&C73&R73 -> Thép cuộn cán nóng 3.15x123X SAE1006ỐNG THÉP BÌNH DƯƠNGQua cán nguội
C74: ỐNG THÉP BÌNH DƯƠNG | D74: 537G.T08.2025/HPDQ-OTBD-KH | E74: 18 - 25 | F74: No | G74: No | I74: Thép cuộn cán nóng 3.45x123X SAE1006 | J74: SAE1006 | K74: 3.45 | L74: 1230 | M74: 123X | O74: 300 | P74: 300 | Q74: Ống-Qua cán nguội | R74: Qua cán nguội | S74: =I74&C74&R74 -> Thép cuộn cán nóng 3.45x123X SAE1006ỐNG THÉP BÌNH DƯƠNGQua cán nguội
C75: ỐNG THÉP BÌNH DƯƠNG | D75: 537G.T08.2025/HPDQ-OTBD-KH | E75: 18 - 25 | F75: No | G75: No | I75: Thép cuộn cán nóng 3.45x125X SAE1006 | J75: SAE1006 | K75: 3.45 | L75: 1250 | M75: 125X | O75: 220 | P75: 220 | Q75: Ống-Qua cán nguội | R75: Qua cán nguội | S75: =I75&C75&R75 -> Thép cuộn cán nóng 3.45x125X SAE1006ỐNG THÉP BÌNH DƯƠNGQua cán nguội
C76: ỐNG THÉP BÌNH DƯƠNG | D76: 537G.T08.2025/HPDQ-OTBD-KH | E76: 18 - 25 | F76: No | G76: No | I76: Thép cuộn cán nóng 3.80x123X SAE1006 | J76: SAE1006 | K76: 3.80 | L76: 1230 | M76: 123X | O76: 200 | P76: 200 | Q76: Ống-Qua cán nguội | R76: Qua cán nguội | S76: =I76&C76&R76 -> Thép cuộn cán nóng 3.80x123X SAE1006ỐNG THÉP BÌNH DƯƠNGQua cán nguội
C77: ỐNG THÉP BÌNH DƯƠNG | D77: 537G.T08.2025/HPDQ-OTBD-KH | E77: 18 - 25 | F77: No | G77: No | I77: Thép cuộn cán nóng 3.80x125X SAE1006 | J77: SAE1006 | K77: 3.80 | L77: 1250 | M77: 125X | O77: 160 | P77: 160 | Q77: Ống-Qua cán nguội | R77: Qua cán nguội | S77: =I77&C77&R77 -> Thép cuộn cán nóng 3.80x125X SAE1006ỐNG THÉP BÌNH DƯƠNGQua cán nguội
C78: MINH NGỌC | D78: 499.T10.2025/HPDQ-TMMN-NKH | E78: 18-24 | F78: No | G78: No | I78: Thép cuộn cán nóng 2.75x121Y SAE1006 | J78: SAE1006 | K78: 2.75 | L78: 1219 | M78: 121Y | O78: 7000 | P78: 7000 | Q78: Ống-Qua cán nguội | R78: Qua cán nguội | S78: =I78&C78&R78 -> Thép cuộn cán nóng 2.75x121Y SAE1006MINH NGỌCQua cán nguội
C79: MINH NGỌC | D79: 499.T10.2025/HPDQ-TMMN-NKH | E79: 18-24 | F79: No | G79: No | I79: Thép cuộn cán nóng 2.90x121Y SAE1006 | J79: SAE1006 | K79: 2.90 | L79: 1219 | M79: 121Y | O79: 3000 | P79: 3000 | Q79: Ống-Qua cán nguội | R79: Qua cán nguội | S79: =I79&C79&R79 -> Thép cuộn cán nóng 2.90x121Y SAE1006MINH NGỌCQua cán nguội
C80: ỐNG THÉP HƯNG YÊN | D80: 586B.T10.2025/HPDQ-OTHY-KH | E80: 16-24 (aming 19T) | F80: No | G80: No | H80: Si=<0.03%; Si+2.5P=<0.085%. | I80: Thép cuộn cán nóng 3.50x123X SAE1006 | J80: SAE1006 | K80: 3.50 | L80: 1230 | M80: 123X | O80: 5700 | P80: 5700 | Q80: Ống-Qua cán nguội | R80: Qua cán nguội | S80: =I80&C80&R80 -> Thép cuộn cán nóng 3.50x123X SAE1006ỐNG THÉP HƯNG YÊNQua cán nguội
C81: HOA SEN | D81: 600B.T10.2025/HPDQ-HSPM-KH | E81: 17-22 | F81: No | G81: No | H81: Dung sai tổng khối lượng khi Mapping +/-5%; CW 17-<18t max 30% | I81: Thép cuộn cán nóng 2.30x121X SAE1006 | J81: SAE1006 | K81: 2.30 | L81: 1212 | M81: 121X | N81: 2000 | P81: 2000 | Q81: Tôn- Qua cán nguôi | R81: Qua cán nguội | S81: =I81&C81&R81 -> Thép cuộn cán nóng 2.30x121X SAE1006HOA SENQua cán nguội
C82: HOA SEN | D82: 600B.T10.2025/HPDQ-HSPM-KH | E82: 18-23 | F82: No | G82: No | H82: Dung sai tổng khối lượng khi Mapping +/-5% | I82: Thép cuộn cán nóng 2.50x121X SAE1006 | J82: SAE1006 | K82: 2.50 | L82: 1212 | M82: 121X | N82: 840 | P82: 840 | Q82: Tôn- Qua cán nguôi | R82: Qua cán nguội | S82: =I82&C82&R82 -> Thép cuộn cán nóng 2.50x121X SAE1006HOA SENQua cán nguội
C83: HOA SEN | D83: 600B.T10.2025/HPDQ-HSPM-KH | E83: 18-23 | F83: No | G83: No | H83: Dung sai tổng khối lượng khi Mapping +/-5% | I83: Thép cuộn cán nóng 2.80x121X SAE1006 | J83: SAE1006 | K83: 2.80 | L83: 1212 | M83: 121X | N83: 1000 | P83: 1000 | Q83: Tôn- Qua cán nguôi | R83: Qua cán nguội | S83: =I83&C83&R83 -> Thép cuộn cán nóng 2.80x121X SAE1006HOA SENQua cán nguội

Sheet ort9
C2: =D2+E2 -> 200000 | E2: =AG2*1000 -> 200000 | F2: 1251121920909 | G2: Thép cuộn cán nóng 3.80x123X SAE1006 | H2: =Y2&O2&AK2 -> Thép cuộn cán nóng 3.80x123X SAE1006THÉP NĂM SAOQua cán nguội | I2: 1050013473 | J2: 2125090100 | O2: THÉP NĂM SAO | P2: T09 3b | R2: 346.T03.2025/HPDQ-TNS-KH | T2: 17-22 | U2: C1,D1 | V2: No | W2: No | Y2: Thép cuộn cán nóng 3.80x123X SAE1006 | Z2: SAE1006 | AA2: 3.80 | AB2: 1230 | AC2: 123X | AD2: =AA2&"x"&AC2 -> 3.80x123X | AE2: 0 | AF2: 200 | AG2: 200 | AI2: Ống-Qua cán nguội | AJ2: T09.2025 | AK2: Qua cán nguội
C3: =D3+E3 -> 200000 | E3: =AG3*1000 -> 200000 | F3: 1251121988565 | G3: Thép cuộn cán nóng 3.80x125X SAE1006 | H3: =Y3&O3&AK3 -> Thép cuộn cán nóng 3.80x125X SAE1006THÉP NĂM SAOQua cán nguội | I3: 1050013474 | J3: 2125090101 | O3: THÉP NĂM SAO | P3: T09 3b | R3: 346.T03.2025/HPDQ-TNS-KH | T3: 17-22 | U3: C1,D1 | V3: No | W3: No | Y3: Thép cuộn cán nóng 3.80x125X SAE1006 | Z3: SAE1006 | AA3: 3.80 | AB3: 1250 | AC3: 125X | AD3: =AA3&"x"&AC3 -> 3.80x125X | AE3: 0 | AF3: 200 | AG3: 200 | AI3: Ống-Qua cán nguội | AJ3: T09.2025 | AK3: Qua cán nguội
C4: =D4+E4 -> 300000 | E4: =AG4*1000 -> 300000 | F4: 1251121959312 | G4: Thép cuộn cán nóng 3.45x123X SAE1006 | H4: =Y4&O4&AK4 -> Thép cuộn cán nóng 3.45x123X SAE1006THÉP NĂM SAOQua cán nguội | I4: 1050013475 | J4: 2125090102 | O4: THÉP NĂM SAO | P4: T09 3b | R4: 346.T03.2025/HPDQ-TNS-KH | T4: 17-22 | U4: C1,D1 | V4: No | W4: No | Y4: Thép cuộn cán nóng 3.45x123X SAE1006 | Z4: SAE1006 | AA4: 3.45 | AB4: 1230 | AC4: 123X | AD4: =AA4&"x"&AC4 -> 3.45x123X | AE4: 0 | AF4: 300 | AG4: 300 | AI4: Ống-Qua cán nguội | AJ4: T09.2025 | AK4: Qua cán nguội
C5: =D5+E5 -> 400000 | E5: =AG5*1000 -> 400000 | F5: 1251121924518 | G5: Thép cuộn cán nóng 3.45x125X SAE1006 | H5: =Y5&O5&AK5 -> Thép cuộn cán nóng 3.45x125X SAE1006THÉP NĂM SAOQua cán nguội | I5: 1050013476 | J5: 2125090103 | O5: THÉP NĂM SAO | P5: T09 3b | R5: 346.T03.2025/HPDQ-TNS-KH | T5: 17-22 | U5: C1,D1 | V5: No | W5: No | Y5: Thép cuộn cán nóng 3.45x125X SAE1006 | Z5: SAE1006 | AA5: 3.45 | AB5: 1250 | AC5: 125X | AD5: =AA5&"x"&AC5 -> 3.45x125X | AE5: 0 | AF5: 400 | AG5: 400 | AI5: Ống-Qua cán nguội | AJ5: T09.2025 | AK5: Qua cán nguội
C6: =D6+E6 -> 300000 | E6: =AG6*1000 -> 300000 | F6: 1251121959053 | G6: Thép cuộn cán nóng 3.15x123X SAE1006 | H6: =Y6&O6&AK6 -> Thép cuộn cán nóng 3.15x123X SAE1006THÉP NĂM SAOQua cán nguội | I6: 1050013477 | J6: 2125090104 | O6: THÉP NĂM SAO | P6: T09 3b | R6: 346.T03.2025/HPDQ-TNS-KH | T6: 17-22 | U6: C1,D1 | V6: No | W6: No | Y6: Thép cuộn cán nóng 3.15x123X SAE1006 | Z6: SAE1006 | AA6: 3.15 | AB6: 1230 | AC6: 123X | AD6: =AA6&"x"&AC6 -> 3.15x123X | AE6: 0 | AF6: 300 | AG6: 300 | AI6: Ống-Qua cán nguội | AJ6: T09.2025 | AK6: Qua cán nguội
C7: =D7+E7 -> 1000000 | E7: =AG7*1000 -> 1000000 | F7: 1251121954492 | G7: Thép cuộn cán nóng 3.00x121Y SAE1006 | H7: =Y7&O7&AK7 -> Thép cuộn cán nóng 3.00x121Y SAE1006THÉP NĂM SAOQua cán nguội | I7: 1050013478 | J7: 2125090105 | O7: THÉP NĂM SAO | P7: T09 3b | R7: 346.T03.2025/HPDQ-TNS-KH | T7: 17-22 | U7: C1,D1 | V7: no | W7: No | Y7: Thép cuộn cán nóng 3.00x121Y SAE1006 | Z7: SAE1006 | AA7: 3.00 | AB7: 1219 | AC7: 121Y | AD7: =AA7&"x"&AC7 -> 3.00x121Y | AE7: 0 | AF7: 1000 | AG7: 1000 | AI7: Tôn-Ống_Qua cán nguội | AJ7: T09.2025 | AK7: Qua cán nguội
C8: =D8+E8 -> 600000 | E8: =AG8*1000 -> 600000 | F8: 1251121924655 | G8: Thép cuộn cán nóng 3.00x125X SAE1006 | H8: =Y8&O8&AK8 -> Thép cuộn cán nóng 3.00x125X SAE1006NAM SƠNQua cán nguội | I8: 1050013479 | J8: 2125090106 | O8: NAM SƠN | P8: T09 3b | R8: 543.T03.2025/HPDQ-NS-KH | T8: 17-22 | U8: C1,D1 | V8: No | W8: No | Y8: Thép cuộn cán nóng 3.00x125X SAE1006 | Z8: SAE1006 | AA8: 3.00 | AB8: 1250 | AC8: 125X | AD8: =AA8&"x"&AC8 -> 3.00x125X | AE8: 0 | AF8: 600 | AG8: 600 | AI8: Ống-Qua cán nguội | AJ8: T09.2025 | AK8: Qua cán nguội
C9: =D9+E9 -> 1500000 | E9: =AG9*1000 -> 1500000 | F9: 1251121917862 | G9: Thép cuộn cán nóng 3.00x120X SAE1006 | H9: =Y9&O9&AK9 -> Thép cuộn cán nóng 3.00x120X SAE1006NAM SƠNQua cán nguội | I9: 1050013720 | J9: 2125090107 | O9: NAM SƠN | P9: T09 3b | R9: 543.T03.2025/HPDQ-NS-KH | T9: 19-22 | U9: C1,D1 | V9: No | W9: no | X9: aiming CW> 20 tấn, 80% | Y9: Thép cuộn cán nóng 3.00x120X SAE1006 | Z9: SAE1006 | AA9: 3.00 | AB9: 1200 | AC9: 120X | AD9: =AA9&"x"&AC9 -> 3.00x120X | AE9: 0 | AF9: 1500 | AG9: 1500 | AI9: Ống-Qua cán nguội | AJ9: T09.2025 | AK9: Qua cán nguội
C10: =D10+E10 -> 700000 | E10: =AG10*1000 -> 700000 | F10: 1251121958797 | G10: Thép cuộn cán nóng 2.95x123X SAE1006 | H10: =Y10&O10&AK10 -> Thép cuộn cán nóng 2.95x123X SAE1006NAM SƠNQua cán nguội | I10: 1050013721 | J10: 2125090108 | O10: NAM SƠN | P10: T09 3b | R10: 543.T03.2025/HPDQ-NS-KH | T10: 17-22 | U10: C1,D1 | V10: No | W10: No | Y10: Thép cuộn cán nóng 2.95x123X SAE1006 | Z10: SAE1006 | AA10: 2.95 | AB10: 1230 | AC10: 123X | AD10: =AA10&"x"&AC10 -> 2.95x123X | AE10: 0 | AF10: 700 | AG10: 700 | AI10: Ống-Qua cán nguội | AJ10: T09.2025 | AK10: Qua cán nguội
C11: =D11+E11 -> 220000 | E11: =AG11*1000 -> 220000 | F11: 1251121924556 | G11: Thép cuộn cán nóng 2.75x126X SAE1006 | H11: =Y11&O11&AK11 -> Thép cuộn cán nóng 2.75x126X SAE1006Nội Thất HPLQua cán nguội | I11: 1050013722 | J11: 2125090109 | O11: Nội Thất HPL | P11: T09 3b | R11: 546.T09.2025/HPDQ-HPL-KH | T11: 19-23 | U11: C1 | V11: No | W11: no | X11: Mục tiêu dung sai khổ rộngMin: +7/+10mm, mục tiêu CW 21-23 | Y11: Thép cuộn cán nóng 2.75x126X SAE1006 | Z11: SAE1006 | AA11: 2.75 | AB11: 1260 | AC11: 126X | AD11: =AA11&"x"&AC11 -> 2.75x126X | AE11: 220 | AF11: 0 | AG11: 220 | AH11: 300 | AI11: Tôn-Qua cán nguội | AJ11: T09.2025 | AK11: Qua cán nguội
C12: =D12+E12 -> 0 | F12: 1251121967898 | G12: Thép cuộn cán nóng 2.75x121Y SAE1006 | O12: MINH PHÚ - HẢI DƯƠNG | P12: T09 3b | R12: 503F.T08.2025/HPDQ-TMPHD-KH | T12: 19-23 | U12: C1 | V12: No | W12: no | X12: Mục tiêu Min Dung sai khổ rộng +0 - +10mm, mục tiêu CW 21-23 | Y12: Thép cuộn cán nóng 2.75x121Y SAE1006 | Z12: SAE1006 | AA12: 2.75 | AB12: 1217 | AC12: 121Y | AD12: =AA12&"x"&AC12 -> 2.75x121Y | AE12: 600 | AF12: 0 | AG12: 600 | AI12: Tôn-Qua cán nguội | AJ12: T09.2025 | AK12: Qua cán nguội
C13: =D13+E13 -> 300000 | E13: =AG13*1000 -> 300000 | F13: 1251121924556 | G13: Thép cuộn cán nóng 2.75x126X SAE1006 | H13: =Y13&O13&AK13 -> Thép cuộn cán nóng 2.75x126X SAE1006MINH PHÚ - HẢI DƯƠNGQua cán nguội | I13: 1050013723 | J13: 2125090110 | O13: MINH PHÚ - HẢI DƯƠNG | P13: T09 3b | R13: 503F.T08.2025/HPDQ-TMPHD-KH | T13: 19-23 | U13: C1 | V13: No | W13: no | X13: Mục tiêu Min Dung sai khổ rộng: +3-10mm, mục tiêu CW 21-23 | Y13: Thép cuộn cán nóng 2.75x126X SAE1006 | Z13: SAE1006 | AA13: 2.75 | AB13: 1260 | AC13: 126X | AD13: =AA13&"x"&AC13 -> 2.75x126X | AE13: 300 | AF13: 0 | AG13: 300 | AI13: Tôn-Qua cán nguội | AJ13: T09.2025 | AK13: Qua cán nguội
C14: =D14+E14 -> 1400000 | D14: 600000 | E14: =AG14*1000 -> 800000 | F14: 1251121967898 | G14: Thép cuộn cán nóng 2.75x121Y SAE1006 | H14: =Y14&O14&AK14 -> Thép cuộn cán nóng 2.75x121Y SAE1006MINH PHÚ - HẢI DƯƠNGQua cán nguội | I14: 1050013724 | J14: 2125090111 | O14: MINH PHÚ - HẢI DƯƠNG | P14: T09 3b | R14: 503A.T08.2025/HPDQ-TMPHD-KH | T14: 17-22 | U14: C1,D1 | V14: no | W14: No | Y14: Thép cuộn cán nóng 2.75x121Y SAE1006 | Z14: SAE1006 | AA14: 2.75 | AB14: 1219 | AC14: 121Y | AD14: =AA14&"x"&AC14 -> 2.75x121Y | AE14: 0 | AF14: 800 | AG14: 800 | AH14: 1500 | AI14: Tôn-Ống_Qua cán nguội | AJ14: T09.2025 | AK14: Qua cán nguội
C15: =D15+E15 -> 500000 | E15: =AG15*1000 -> 500000 | F15: 1251121934975 | G15: Thép cuộn cán nóng 2.75x123X SAE1006 | H15: =Y15&O15&AK15 -> Thép cuộn cán nóng 2.75x123X SAE1006MINH PHÚ - HẢI DƯƠNGQua cán nguội | I15: 1050013725 | J15: 2125090112 | O15: MINH PHÚ - HẢI DƯƠNG | P15: T09 3b | R15: 503A.T08.2025/HPDQ-TMPHD-KH | T15: 17-22 | U15: C1,D1 | V15: No | W15: No | Y15: Thép cuộn cán nóng 2.75x123X SAE1006 | Z15: SAE1006 | AA15: 2.75 | AB15: 1230 | AC15: 123X | AD15: =AA15&"x"&AC15 -> 2.75x123X | AE15: 0 | AF15: 500 | AG15: 500 | AI15: Ống-Qua cán nguội | AJ15: T09.2025 | AK15: Qua cán nguội
C16: =D16+E16 -> 300000 | E16: =AG16*1000 -> 300000 | F16: 1251121928226 | G16: Thép cuộn cán nóng 2.75x125X SAE1006 | H16: =Y16&O16&AK16 -> Thép cuộn cán nóng 2.75x125X SAE1006MINH PHÚ - HẢI DƯƠNGQua cán nguội | I16: 1050013726 | J16: 2125090113 | O16: MINH PHÚ - HẢI DƯƠNG | P16: T09 3b | R16: 503A.T08.2025/HPDQ-TMPHD-KH | T16: 17-22 | U16: C1,D1 | V16: No | W16: No | Y16: Thép cuộn cán nóng 2.75x125X SAE1006 | Z16: SAE1006 | AA16: 2.75 | AB16: 1250 | AC16: 125X | AD16: =AA16&"x"&AC16 -> 2.75x125X | AE16: 0 | AF16: 300 | AG16: 300 | AI16: Ống-Qua cán nguội | AJ16: T09.2025 | AK16: Qua cán nguội
C17: =D17+E17 -> 1000000 | E17: =AG17*1000 -> 1000000 | F17: 1251121928226 | G17: Thép cuộn cán nóng 2.75x125X SAE1006 | H17: =Y17&O17&AK17 -> Thép cuộn cán nóng 2.75x125X SAE1006Ống Thép Hưng YênQua cán nguội | I17: 1050013727 | J17: 2125090114 | O17: Ống Thép Hưng Yên | P17: T09 3b | R17: 586A.T10.2025/HPDQ-OTHY-KH | T17: 17-22 | U17: C1,D1 | V17: No | W17: no | X17: 18-24 (Aiming 20-22) | Y17: Thép cuộn cán nóng 2.75x125X SAE1006 | Z17: SAE1006 | AA17: 2.75 | AB17: 1250 | AC17: 125X | AD17: =AA17&"x"&AC17 -> 2.75x125X | AF17: 1000 | AG17: 1000 | AI17: Ống-Qua cán nguội | AJ17: T09.2025 | AK17: Qua cán nguội
C18: =D18+E18 -> 600000 | E18: =AG18*1000 -> 600000 | F18: 1251121953549 | G18: Thép cuộn cán nóng 2.75x121X SAE1006 | H18: =Y18&O18&AK18 -> Thép cuộn cán nóng 2.75x121X SAE1006Ống Thép Hưng YênQua cán nguội | I18: 1050013728 | J18: 2125090115 | O18: Ống Thép Hưng Yên | P18: T09 3b | R18: 586A.T10.2025/HPDQ-OTHY-KH | T18: max 23 | U18: C1 | V18: No | W18: No | Y18: Thép cuộn cán nóng 2.75x121X SAE1006 | Z18: SAE1006 | AA18: 2.75 | AB18: 1212 | AC18: 121X | AD18: =AA18&"x"&AC18 -> 2.75x121X | AE18: 600 | AF18: 0 | AG18: 600 | AI18: Tôn-Qua cán nguội | AJ18: T09.2025 | AK18: Qua cán nguội
C19: =D19+E19 -> 0 | F19: 1251121918340 | G19: Thép cuộn cán nóng 2.50x126X SAE1006 | O19: Ống Thép Hưng Yên | P19: T09 3b | R19: 586A.T10.2025/HPDQ-OTHY-KH | T19: 19-23 | U19: C1 | V19: No | W19: no | X19: Mục tiêu dung sai khổ rộngMin: +7/+10mm, mục tiêu CW 21-23 | Y19: Thép cuộn cán nóng 2.50x126X SAE1006 | Z19: SAE1006 | AA19: 2.50 | AB19: 1260 | AC19: 126X | AD19: =AA19&"x"&AC19 -> 2.50x126X | AE19: 600 | AF19: 0 | AG19: 600 | AI19: Tôn-Qua cán nguội | AJ19: T09.2025 | AK19: Qua cán nguội
C20: =D20+E20 -> 0 | F20: 1251121924396 | G20: Thép cuộn cán nóng 2.50x121Y SAE1006 | O20: Ống Thép Hưng Yên | P20: T09 3b | R20: 586A.T10.2025/HPDQ-OTHY-KH | T20: 19-23 | U20: C1 | V20: No | W20: no | X20: Mục tiêu Min Dung sai khổ rộng +0 - +10mm, mục tiêu CW 21-23 | Y20: Thép cuộn cán nóng 2.50x121Y SAE1006 | Z20: SAE1006 | AA20: 2.50 | AB20: 1217 | AC20: 121Y | AD20: =AA20&"x"&AC20 -> 2.50x121Y | AE20: 700 | AF20: 0 | AG20: 700 | AI20: Tôn-Qua cán nguội | AJ20: T09.2025 | AK20: Qua cán nguội
C21: =D21+E21 -> 1200000 | D21: 700000 | E21: =AG21*1000 -> 500000 | F21: 1251121924396 | G21: Thép cuộn cán nóng 2.50x121Y SAE1006 | H21: =Y21&O21&AK21 -> Thép cuộn cán nóng 2.50x121Y SAE1006Ống Thép Hưng YênQua cán nguội | I21: 1050013729 | J21: 2125090116 | O21: Ống Thép Hưng Yên | P21: T09 3b | R21: 586A.T10.2025/HPDQ-OTHY-KH | T21: 19-23 | U21: C1 | V21: No | W21: no | X21: Mục tiêu Min Dung sai khổ rộng: +3-10mm, mục tiêu CW 21-23 | Y21: Thép cuộn cán nóng 2.50x121Y SAE1006 | Z21: SAE1006 | AA21: 2.50 | AB21: 1217 | AC21: 121Y | AD21: =AA21&"x"&AC21 -> 2.50x121Y | AE21: 500 | AF21: 0 | AG21: 500 | AI21: Tôn-Qua cán nguội | AJ21: T09.2025 | AK21: Qua cán nguội
C22: =D22+E22 -> 0 | F22: 1251121918340 | G22: Thép cuộn cán nóng 2.50x126X SAE1006 | O22: Ống Thép Hưng Yên | P22: T09 3b | R22: 586A.T10.2025/HPDQ-OTHY-KH | T22: 19-23 | U22: C1 | V22: No | W22: no | X22: Mục tiêu Min Dung sai khổ rộng: +3-10mm, mục tiêu CW 21-23 | Y22: Thép cuộn cán nóng 2.50x126X SAE1006 | Z22: SAE1006 | AA22: 2.50 | AB22: 1260 | AC22: 126X | AD22: =AA22&"x"&AC22 -> 2.50x126X | AE22: 600 | AF22: 0 | AG22: 600 | AI22: Tôn-Qua cán nguội | AJ22: T09.2025 | AK22: Qua cán nguội
C23: =D23+E23 -> 0 | F23: 1251121918340 | G23: Thép cuộn cán nóng 2.50x126X SAE1006 | O23: Ống Thép Hưng Yên | P23: T09 3b | R23: 586A.T10.2025/HPDQ-OTHY-KH | T23: 19-22 | U23: C1,D1 | V23: No | W23: no | X23: aiming CW> 20 tấn, 80% | Y23: Thép cuộn cán nóng 2.50x126X SAE1006 | Z23: SAE1006 | AA23: 2.50 | AB23: 1260 | AC23: 126X | AD23: =AA23&"x"&AC23 -> 2.50x126X | AE23: 0 | AF23: 500 | AG23: 500 | AI23: Ống-Qua cán nguội | AJ23: T09.2025 | AK23: Qua cán nguội
C24: =D24+E24 -> 2700000 | D24: 1700000 | E24: =AG24*1000 -> 1000000 | F24: 1251121918340 | G24: Thép cuộn cán nóng 2.50x126X SAE1006 | H24: =Y24&O24&AK24 -> Thép cuộn cán nóng 2.50x126X SAE1006Ống Thép Hưng YênQua cán nguội | I24: 1050013730 | J24: 2125090117 | O24: Ống Thép Hưng Yên | P24: T09 3b | R24: 586A.T10.2025/HPDQ-OTHY-KH | T24: 19-22 | U24: C1,D1 | V24: No | W24: no | X24: aiming CW> 20 tấn, 80% | Y24: Thép cuộn cán nóng 2.50x126X SAE1006 | Z24: SAE1006 | AA24: 2.50 | AB24: 1260 | AC24: 126X | AD24: =AA24&"x"&AC24 -> 2.50x126X | AE24: 0 | AF24: 1000 | AG24: 1000 | AI24: Ống-Qua cán nguội | AJ24: T09.2025 | AK24: Qua cán nguội
C25: =D25+E25 -> 800000 | E25: =AG25*1000 -> 800000 | F25: 1251121920268 | G25: Thép cuộn cán nóng 2.45x126X SAE1006 | H25: =Y25&O25&AK25 -> Thép cuộn cán nóng 2.45x126X SAE1006Ống Thép Hưng YênQua cán nguội | I25: 1050013731 | J25: 2125090118 | O25: Ống Thép Hưng Yên | P25: T09 3b | R25: 586A.T10.2025/HPDQ-OTHY-KH | T25: 17-22 | U25: C1,D1 | V25: no | W25: No | Y25: Thép cuộn cán nóng 2.45x126X SAE1006 | Z25: SAE1006 | AA25: 2.45 | AB25: 1262 | AC25: 126X | AD25: =AA25&"x"&AC25 -> 2.45x126X | AE25: 0 | AF25: 800 | AG25: 800 | AI25: Tôn-Ống_Qua cán nguội | AJ25: T09.2025 | AK25: Qua cán nguội
C26: =D26+E26 -> 2500000 | E26: =AG26*1000 -> 2500000 | F26: 1251121927007 | G26: Thép cuộn cán nóng 2.45x121Y SAE1006 | H26: =Y26&O26&AK26 -> Thép cuộn cán nóng 2.45x121Y SAE1006Ống Thép Hưng YênQua cán nguội | I26: 1050013732 | J26: 2125090119 | O26: Ống Thép Hưng Yên | P26: T09 3b | R26: 586A.T10.2025/HPDQ-OTHY-KH | T26: 17-22 | U26: C1,D1 | V26: no | W26: No | Y26: Thép cuộn cán nóng 2.45x121Y SAE1006 | Z26: SAE1006 | AA26: 2.45 | AB26: 1219 | AC26: 121Y | AD26: =AA26&"x"&AC26 -> 2.45x121Y | AE26: 0 | AF26: 2500 | AG26: 2500 | AI26: Tôn-Ống_Qua cán nguội | AJ26: T09.2025 | AK26: Qua cán nguội
C27: =D27+E27 -> 0 | F27: 1251121919170 | G27: Thép cuộn cán nóng 2.45x125X SAE1006 | O27: Ống Thép Sài Gòn | P27: T09 3b | R27: 497B1.T05.2025/HPDQ-OTSG-KH | T27: 17-22 | U27: C1,D1 | V27: No | W27: No | Y27: Thép cuộn cán nóng 2.45x125X SAE1006 | Z27: SAE1006 | AA27: 2.45 | AB27: 1250 | AC27: 125X | AD27: =AA27&"x"&AC27 -> 2.45x125X | AE27: 0 | AF27: 800 | AG27: 800 | AI27: Ống-Qua cán nguội | AJ27: T09.2025 | AK27: Qua cán nguội
C28: =D28+E28 -> 1800000 | D28: 800000 | E28: =AG28*1000 -> 1000000 | F28: 1251121919170 | G28: Thép cuộn cán nóng 2.45x125X SAE1006 | H28: =Y28&O28&AK28 -> Thép cuộn cán nóng 2.45x125X SAE1006Ống Thép Sài GònQua cán nguội | I28: 1050013733 | J28: 2125090120 | O28: Ống Thép Sài Gòn | P28: T09 3b | R28: 497B1.T05.2025/HPDQ-OTSG-KH | T28: 17-22 | U28: C1,D1 | V28: No | W28: no | X28: 18-24 (Aiming 20-22) | Y28: Thép cuộn cán nóng 2.45x125X SAE1006 | Z28: SAE1006 | AA28: 2.45 | AB28: 1250 | AC28: 125X | AD28: =AA28&"x"&AC28 -> 2.45x125X | AF28: 1000 | AG28: 1000 | AI28: Ống-Qua cán nguội | AJ28: T09.2025 | AK28: Qua cán nguội
C29: =D29+E29 -> 3200000 | E29: =AG29*1000 -> 3200000 | F29: 1251121917725 | G29: Thép cuộn cán nóng 2.45x121X SAE1006 | H29: =Y29&O29&AK29 -> Thép cuộn cán nóng 2.45x121X SAE1006Ống Thép Sài GònQua cán nguội | I29: 1050013734 | J29: 2125090121 | O29: Ống Thép Sài Gòn | P29: T09 3b | R29: 497B2.T05.2025/HPDQ-OTSG-KH | T29: max 23 | U29: C1 | V29: No | W29: No | Y29: Thép cuộn cán nóng 2.45x121X SAE1006 | Z29: SAE1006 | AA29: 2.45 | AB29: 1212 | AC29: 121X | AD29: =AA29&"x"&AC29 -> 2.45x121X | AE29: 3200 | AF29: 0 | AG29: 3200 | AI29: Tôn-Qua cán nguội | AJ29: T09.2025 | AK29: Qua cán nguội
C30: =D30+E30 -> 800000 | E30: =AG30*1000 -> 800000 | F30: 1251121915967 | G30: Thép cuộn cán nóng 2.40x121X SAE1006 | H30: =Y30&O30&AK30 -> Thép cuộn cán nóng 2.40x121X SAE1006Ống Thép Sài GònQua cán nguội | I30: 1050013735 | J30: 2125090122 | O30: Ống Thép Sài Gòn | P30: T09 3b | R30: 497B2.T05.2025/HPDQ-OTSG-KH | T30: 17-22 | U30: C1,D1 | V30: no | W30: No | Y30: Thép cuộn cán nóng 2.40x121X SAE1006 | Z30: SAE1006 | AA30: 2.40 | AB30: 1212 | AC30: 121X | AD30: =AA30&"x"&AC30 -> 2.40x121X | AE30: 0 | AF30: 800 | AG30: 800 | AI30: Tôn-Ống_Qua cán nguội | AJ30: T09.2025 | AK30: Qua cán nguội
C31: =D31+E31 -> 1200000 | D31: 600000 | E31: =AG31*1000 -> 600000 | F31: 1251121915387 | G31: Thép cuộn cán nóng 2.30x126X SAE1006 | H31: =Y31&O31&AK31 -> Thép cuộn cán nóng 2.30x126X SAE1006Thép Việt ĐứcQua cán nguội | I31: 1050013736 | J31: 2125090123 | O31: Thép Việt Đức | P31: T09 3b | R31: 550A.T09.2025/HPDQ-TVĐ-KH | T31: 19-23 | U31: C1 | V31: No | W31: no | X31: Mục tiêu dung sai khổ rộngMin: +7/+10mm, mục tiêu CW 21-23 | Y31: Thép cuộn cán nóng 2.30x126X SAE1006 | Z31: SAE1006 | AA31: 2.30 | AB31: 1260 | AC31: 126X | AD31: =AA31&"x"&AC31 -> 2.30x126X | AE31: 600 | AF31: 0 | AG31: 600 | AI31: Tôn-Qua cán nguội | AJ31: T09.2025 | AK31: Qua cán nguội
C32: =D32+E32 -> 1200000 | E32: =AG32*1000 -> 1200000 | F32: 1251121924372 | G32: Thép cuộn cán nóng 2.30x121Y SAE1006 | H32: =Y32&O32&AK32 -> Thép cuộn cán nóng 2.30x121Y SAE1006Thép Việt ĐứcQua cán nguội | I32: 1050013737 | J32: 2125090124 | O32: Thép Việt Đức | P32: T09 3b | R32: 550A.T09.2025/HPDQ-TVĐ-KH | T32: 19-23 | U32: C1 | V32: No | W32: no | X32: Mục tiêu Min Dung sai khổ rộng +0 - +10mm, mục tiêu CW 21-23 | Y32: Thép cuộn cán nóng 2.30x121Y SAE1006 | Z32: SAE1006 | AA32: 2.30 | AB32: 1217 | AC32: 121Y | AD32: =AA32&"x"&AC32 -> 2.30x121Y | AE32: 1200 | AF32: 0 | AG32: 1200 | AI32: Tôn-Qua cán nguội | AJ32: T09.2025 | AK32: Qua cán nguội
C33: =D33+E33 -> 0 | F33: 1251121915387 | G33: Thép cuộn cán nóng 2.30x126X SAE1006 | O33: Thép Việt Đức | P33: T09 3b | R33: 550A.T09.2025/HPDQ-TVĐ-KH | T33: 19-23 | U33: C1 | V33: No | W33: no | X33: Mục tiêu Min Dung sai khổ rộng: +3-10mm, mục tiêu CW 21-23 | Y33: Thép cuộn cán nóng 2.30x126X SAE1006 | Z33: SAE1006 | AA33: 2.30 | AB33: 1260 | AC33: 126X | AD33: =AA33&"x"&AC33 -> 2.30x126X | AE33: 600 | AF33: 0 | AG33: 600 | AI33: Tôn-Qua cán nguội | AJ33: T09.2025 | AK33: Qua cán nguội
C34: =D34+E34 -> 0 | F34: 1251121917985 | G34: Thép cuộn cán nóng 2.30x125X SAE1006 | O34: Tôn Hòa Phát | P34: T09 3b | R34: 545.T09.2025/HPDQ-THP-KH | T34: 17-22 | U34: C1 | V34: No | W34: No | Y34: Thép cuộn cán nóng 2.30x125X SAE1006 | Z34: SAE1006 | AA34: 2.30 | AB34: 1250 | AC34: 125X | AD34: =AA34&"x"&AC34 -> 2.30x125X | AE34: 100 | AG34: 100 | AI34: Tôn-Qua cán nguội | AJ34: T09.2025 | AK34: Qua cán nguội
C35: =D35+E35 -> 3100000 | D35: 100000 | E35: =AG35*1000 -> 3000000 | F35: 1251121917985 | G35: Thép cuộn cán nóng 2.30x125X SAE1006 | H35: =Y35&O35&AK35 -> Thép cuộn cán nóng 2.30x125X SAE1006Tôn Hòa PhátQua cán nguội | I35: 1050013738 | J35: 2125090125 | O35: Tôn Hòa Phát | P35: T09 3b | R35: 545.T09.2025/HPDQ-THP-KH | T35: 17-22 | U35: C1,D1 | V35: No | W35: no | X35: 18-24 (Aiming 20-22) | Y35: Thép cuộn cán nóng 2.30x125X SAE1006 | Z35: SAE1006 | AA35: 2.30 | AB35: 1250 | AC35: 125X | AD35: =AA35&"x"&AC35 -> 2.30x125X | AF35: 3000 | AG35: 3000 | AI35: Ống-Qua cán nguội | AJ35: T09.2025 | AK35: Qua cán nguội
C36: =D36+E36 -> 3000000 | E36: =AG36*1000 -> 3000000 | F36: 1251121917602 | G36: Thép cuộn cán nóng 2.25x121X SAE1006 | H36: =Y36&O36&AK36 -> Thép cuộn cán nóng 2.25x121X SAE1006Tôn Hòa PhátQua cán nguội | I36: 1050013739 | J36: 2125090126 | O36: Tôn Hòa Phát | P36: T09 3b | R36: 545.T09.2025/HPDQ-THP-KH | T36: max 23 | U36: C1 | V36: No | W36: No | Y36: Thép cuộn cán nóng 2.25x121X SAE1006 | Z36: SAE1006 | AA36: 2.25 | AB36: 1212 | AC36: 121X | AD36: =AA36&"x"&AC36 -> 2.25x121X | AE36: 3000 | AF36: 0 | AG36: 3000 | AI36: Tôn-Qua cán nguội | AJ36: T09.2025 | AK36: Qua cán nguội
C37: 400000 | E37: 400000 | F37: 1251121919132 | G37: Thép cuộn cán nóng 3.30x126X SAE1006 | H37: =Y37&O37&AK37 -> Thép cuộn cán nóng 3.30x126X SAE1006Tôn Đông ÁQua cán nguội | I37: 1050013740 | J37: 2125090127 | O37: Tôn Đông Á | R37: 563.T09.2025/KH/HPDQ-JFE(TDA) | T37: 19-24mt (Aiming 20T) | U37: C1 | V37: Yes | W37: No | X37: TDC số: 25.01-SAE1006-HPDQ-TĐA, Kiểm soát khổ thực aiming +5 -> +20mm | Y37: Thép cuộn cán nóng 3.30x126X SAE1006 | Z37: SAE1006 | AA37: 3.30 | AB37: 1262 | AC37: 126X | AD37: =AA37&"x"&AC37 -> 3.30x126X | AE37: 400 | AG37: 400 | AI37: Tôn-Qua cán nguội | AJ37: 10 | AK37: Qua cán nguội | AL37: trung gian
