Workbook

Sheet LỊCH TÀU - 10.2023
A2: CẬP NHẬT TÌNH HÌNH XUẤT HÀNG HRC THÁNG 10/2023
C4: =SUBTOTAL(9,C9:C43) -> 263630 | J4: =TODAY() -> 45960
A5: STT | B5: TÀU | C5: KHỐI LƯỢNG | D5: CẬP NHẬT TÌNH HÌNH/ETA | E5: ĐẠI LÝ | F5: CẬP NHẬT ETB | G5: THỜI GIAN YÊU CẦU LÀM HÀNG | H5: CẢNG XẾP | I5: CẢNG ĐẾN | J5: LỆNH XUẤT HÀNG | K5: GHI CHÚ | L5: Thời gian DQ đáp ứng | M5: Mức độ | N5: =SUM(#REF!) -> #REF!
A6: {=_xlfn.SEQUENCE(45,1,1)} -> 1 | B6: THẮNG LỢI 568 | C6: 4000 | D6: 29.09.2023 NEO | E6: Thiên Phúc | F6: 13H00 ngày 02/10 Bến 3 | G6: Xong tàu | H6: Dung Quất | I6: Nghi Sơn | J6: 2000001895 - HS - 4000T (Hàng hóa ok) chỉ xuất khổ 1260 | M6: .
A7: 2 | B7: MINAMOTO | C7: 11500 | D7: 26.09.2023 | E7: Age-line | F7: 02/10 Bến 4/6 | G7: LSD: 5 Oct => cần xong ngày hôm nay Đang làm hàng | H7: Dung Quất | I7: Malaysia | J7: 2400000342 - 162.2023/HPDQ-GS (ALPINE) (S275JR) (Hàng hóa ok) 2400000343 - 162.2023/HPDQ-GS (ALPINE) (SPHC) (Hàng hóa ok) 2400000319 - 163.2023/HPDQ-GS (CHYEKEONG) (Hàng hóa ok) 2400000332 - 164.2023/HPDQ-GS LOT 01 (SPHC) (Hàng hóa ok) 2400000333 - 164.2023/HPDQ-GS LOT 01 (S275JR+AR) (Hàng hóa ok) 2400000335 - 164.2023/HPDQ-GS LOT 2 (SPHC) (Hàng hóa ok) 2400000360 - 164.2023/HPDQ-GS LOT 2 (S275JR) (Hàng hóa ok) 2400000356- 164.2023/HPDQ-GS LOT 2 (S275JR-11.70) (Hàng hóa ok) 2400000322 - 165.2023/HPDQ-GS (MKPC) (Hàng hóa ok) 2400000323 - 166.2023/HPDQ-GS (PE) (Hàng hóa ok) 2400000324 - 167.2023/HPDQ-GS (PRESTARP) (Hàng hóa ok)
A8: 3 | B8: VIỆT PHÚC 05 | C8: 3900 | D8: 01.10.2023 NEO | E8: Thiên Phúc | F8: 03/10 Bến 2 | G8: Xong tàu | H8: Dung Quất | I8: Tân Thuận/ Phú Mỹ | J8: 2000001908 - 2000T - 174.2023/HPDQ-TDA-Phú Mỹ (Chiều 3/10 NK) 2200001422 - OTHY (Cargill) - 800T (Hàng hóa ok) 2000001901 - Citicom - 150T - Tân Thuận (Háng hóa sáng 4/NK) - 4/10 DUYỆT LỆNH 2000001906 // 2000001907 - Tiến Lên - 280T - Tân Thuận (Háng hóa ok) 2200001421 - OTBD 38T (Hàng hóa ok) 2200001434 - OTBD 41T (Hàng hóa ok) 2200001437 - OTBD 559T cân tải (Hàng hóa ok) | M8: .
A9: 4 | B9: FENG XIU HAI | C9: 17200 | D9: 03.10.2023 | E9: PACIFIC | F9: 22h 03/10 Bến 11 | G9: Đang làm hàng LSD: 10 Oct | H9: Dung Quất | I9: Ravenna | J9: 2400000321 - 141A.2023 HPDQ-HS (Hàng hóa ok) 2400000301 - 141B.2023/HPDQ-HS (Hàng hóa ok) 2400000340 - 147.2023 HPDQ-GS (Hàng hóa ok) 2400000331 - 153.2023 HPDQ-CHROMIUM (S235JR) (Hàng hóa ok) 2400000369 - 153.2023 HPDQ-CHROMIUM (S355JR) (Hàng hóa ok) 2500000006 - 154.2023 HPDQ-HPI (Đã MAP 6640t + 2kt sáng mùng 2/10) 2400000309 - 159.2023/HPDQ-HYUNDAI (Hàng hóa ok)
A10: 5 | B10: VIỆT THUẬN QN-01 | C10: 6000 | D10: 01.10.2023 NEO | E10: Mạnh Thắng | F10: 04/10 Bến 1 | G10: Xong tàu | H10: Dung Quất | I10: Tân Thuận/Phú Mỹ | J10: 2000001911 - 1000T- JFE- Phú Mỹ (Hàng hóa ok) 2000001909 - 2800T-TDA-Tân Thuận (Hàng hóa ok) 2000001910 - TDA - 2200T - Tân Thuận (Hàng hóa ok) | M10: .
A11: 6 | B11: VIỆT THUẬN 045-01 | C11: 4250 | D11: 19H00 04.10.2023 | E11: Mạnh Thắng | F11: 05/10 Bến 3 | G11: Xong tàu | H11: Dung Quất | I11: Hải Phòng | J11: 2200001399 - 300T - THP (Hàng hóa ok) 2200001414 - 3,860T - THP (Hàng hóa ok) 2200001424 - 1,850T - THP cân tải (Hàng hóa ok) | M11: .
A12: 7 | B12: PHƯƠNG NAM 98 | C12: 4700 | D12: 05.10.2023 Neo | E12: Nam Phát | F12: 07/10 Bến 1 | G12: Xong tàu | H12: Dung Quất | I12: Cẩm Nguyên/ Phú Mỹ | J12: 2000001905 - Vina One - 1.800 T (SPOT) - lệnh ok - Cẩm Nguyên (Hàng hóa ok) 2000001903 - SMCCK - 3.000T - Phú Mỹ (Hàng hóa ok) Lên hàng của SMCCK sau để dỡ trước | K12: SMCKK cắt hàng để xuất hóa đơn ngày 9/10 | M12: .
A13: 8 | B13: THANH LOAN 28 | C13: 3300 | D13: 06.10.2023 | E13: VTB Hải Dương | F13: 07/10 Bến 2 | G13: Xong tàu | H13: Dung Quất | I13: Tân Thuận | J13: 2000001912 - Nam Kim - 3.300T (Hàng hóa ok) | K13: Nam Kim xuất 620MT Thép cuộn cán nóng 4.00 x 1125 SAE1006 2,680MT Thép cuộn cán nóng 2.50 x 1158 SAE1006 | M13: .
A14: 9 | B14: Seacon Manila | C14: 17000 | D14: 30.09 - 03.10.2023 | E14: Age-line | F14: 2h 06/10 Bến 6 05.10 bắt đầu load hàng | G14: Xong tàu | H14: Dung Quất | I14: Jakarta, Indonesia | J14: 2400000376 - 185.2023/HPDQ-AMI (SAE1006)(Hàng hóa ok) 2400000377 - 185.2023/HPDQ-AMI (S275JR) (Hàng hóa ok)
A15: 10 | B15: PHƯƠNG NAM 46 | C15: 3700 | D15: 04.10.2023 NEO | E15: Nam Phát | F15: 07/10 Bến 3 | G15: Xong tàu | H15: Dung Quất | I15: Cẩm Nguyên | J15: 2000001905 - Vina One - 3.700 T (SPOT) - lệnh ok - Cẩm Nguyên - (Hàng hóa ok) | M15: .
A16: 11 | B16: GLORY FORWARDER | C16: 9600 | D16: 06.10.2023 | E16: HOYER | F16: 11h 7/10 Bến 5/10 | G16: Xong tàu | H16: Dung Quất | I16: port klang, malay | J16: 2400000339 - 173.2023 HPDQ-SS (Hàng hóa ok) 2400000336 - 168.2023/HPDQ-HWA (Hàng hóa ok) 2400000337 - 169.2023 HPDQ MTS (Hàng hóa ok) 2400000338 - 170.2023/HPDQ-NIPPON (Hàng hóa ok) 2400000345 - 179.2023/HPDQ-NIPPON (SPHC) (Hàng hóa ok) 2400000346 - 179.2023/HPDQ-NIPPON (SPHT1) (Hàng hóa ok) 2400000347 - 179.2023/HPDQ-NIPPON (S275JR) (Hàng hóa ok) 2400000361 - 179.2023/HPDQ-NIPPON (SPHT3) (Hàng hóa ok) 2400000349 - 186.2023/HPDQ-LF (Hàng hóa ok) 2400000350 - 201.2023/HPDQ-LF (Hàng hóa ok) 2400000354 - 188.2023/HPDQ-JFE (HH) (Hàng hóa ok) 2400000365 - 200.2023/HPDQ-MI (TSK) (Hàng hóa ok) 2400000367 - 187.2023/HPDQ-MI (OTS) (Hàng hóa ok) 2400000375 - 190.2023/HPDQ-NI Lệnh 375 CHỨ (Hàng hóa ok) 2400000351 - 191.2023/HPDQ-NI (S275JR) (Hàng hóa ok) 2400000352 - 191.2023/HPDQ-NI (SPHT3) (Hàng hóa ok) 2400000353 - 191.2023/HPDQ-NI (SPHC) (Hàng hóa ok) 2400000368 - 189.2023/HPDQ-MTS (Hàng hóa ok) 2400000366 - 199.2023/HPDQ-GS (Hàng hóa ok) 2400000362 - 204.2023/HPDQ-HWA (Hàng hóa ok) 2400000355 - 205.2023/HPDQ-HWA (Hàng hóa ok) | K16: Tàu cũ: HUI SHUN NO. 1
A17: 12 | B17: MT HÀ NỘI 39 | C17: 4300 | D17: 07.10.2023 | E17: MT Hà Nội | F17: 20h 08/10 Bến 1 | G17: Xong tàu | H17: Dung Quất | I17: Hải Phòng | J17: 2000001913 - 1.200T - Thép Chính Đại (Sáng mùng 8/10 NK) 2000001876 - 300T - Trường Thành (Đã MAP 212T lương còn lại sáng mùng 8 NK) 2000001893 - OT190 - 300 tấn - cho đi hết hàng còn lại (Hàng hóa ok) 2200001436 - OTHY - 2.200T 2200001424 - THP cân tải | M17: .
A18: 13 | B18: HÀ DƯƠNG 58 | C18: 3080 | D18: 09-10.10.2023 Dỡ quặng | E18: Mặt Trời | F18: 09/10 Bến 3 | G18: Xong tàu | H18: Dung Quất | I18: Tân Thuận/Phú Mỹ | J18: 2400000379 - 1500mt - Phú Mỹ - Chuyển tải Xuất khẩu (206.2023/HWA) - Hàng hóa ok 2000001912 - Nam Kim - 1.500T - Tân Thuận - (Hàng hóa ok) Lên hàng Nam Kim sau, dỡ trước | K18: ETA/ ETD Phumy: 13 Oct 2023 (MV. KM Jakarta) Muộn nhất 10/10 tàu phải làm xong rời bến Nam kim xuát 1,500 MT Thép cuộn cán nóng 2.5x1158 SAE1006 | M18: .
A19: 14 | B19: MT HÀ NỘI 07 | C19: 2950 | D19: 08.10.2023 | E19: MT Hà Nội | F19: 09/10 Bến 3 | G19: Xong tàu | H19: Dung Quất | I19: Cẩm Nguyên/ Tân Thuận | J19: 2000001899 - VISA - 2000T (lệnh ok) - cân tải - Cẩm Nguyên (Chiều mùng 8 NK) 2000001912 - Nam Kim - 940T - Tân Thuận (6/10 NK) (Hàng hóa ok) Lên hàng Nam Kim sau để dỡ trước, tàu đi Tân Thuận trước | K19: Nam kim xuất 940mt Thép cuộn cán nóng 4.00 x 1125 SAE1006 | M19: .
A20: 15 | B20: HÀ DƯƠNG 68 | C20: 4400 | D20: 08-09.10.2023 | E20: Mặt Trời | F20: Tối 09/10 Bến 2 | G20: Xong tàu | H20: Dung Quất | I20: Long Bình | J20: 22000001439 - OTBD 2100T (Hàng hóa ok) 22000001441 - OTBD 2500T (Hàng hóa đã MAP 2487 TẤN) | K20: Thép cuộn cán nóng 2.20x1250 SAE1006 (Lệnh 1441) thiếu min (hết tồn) | M20: .
A21: 16 | B21: YASA MIMOSA | C21: 7000 | D21: 2h 11.10.2023 | E21: MORRIS | F21: 2h 11/10 Bến 6/11 | G21: LSD: 10 Oct | H21: Dung Quất | I21: Bilbao, Spain | J21: 2400000299 - 139.2023/HPDQ-THYSSEN - (Hàng hóa ok) x 2400000300 - 140.2023/HPDQ-CASSL - (Hàng hóa ok)x 2400000358 - 148.2023/HPDQ-GS (S275JR) - (Hàng hóa ok) x 2400000359 - 148.2023/HPDQ-GS (S235JR) - (Hàng hóa ok) x 2400000314 - 144.2023/HPDQ-PRIMEX - (Hàng hóa ok) x - GIANG 2400000302 - 143.2023/HPDQ-MSN - (Hàng hóa ok) x 2400000357 - 142.2023/HPDQ-INTERTRADE - (Hàng hóa ok) x 2400000383 - 151.2023/HPDQ-EUSIDER (S235JR) - (Hàng hóa ok) X 2400000380 - 151.2023/HPDQ-EUSIDER (S275JR) X 2400000306 - 152.2023 HPDQ-CASSL (Hàng hóa ok) x 2400000307 - 156.2023/HPDQ-TRASTEEL(S275JR) (Hàng hóa ok) x 2400000363- 156.2023/HPDQ-TRASTEEL (S235JR) (Hàng hóa ok) x 2400000364 - 156.2023/HPDQ-TRASTEEL (DD11) (Hàng hóa ok) x 2400000378 - 160.2023/HPDQ-HYUNDAI (Đổi từ lệnh 310 sang) | K21: TÀU CŨ: ROTTERDAM PEARL
A22: 17 | B22: GIA LĨNH 268 | C22: 11000 | D22: 08.10.2023 | E22: MT Hà Nội | F22: 11/10 Bến 5/10 | G22: Xong tàu | H22: Dung Quất | I22: Nghi Sơn/ Hải Phòng | J22: 20*1894, 1895 - Hoa Sen - 5.500T Nghi Sơn 2200001424 - THP 1500T (HP) làm trước dỡ sau (Hàng hóa ok) 2200001438 - THP 3050T (HP) làm trước dỡ sau (Hàng hóa ok) | K22: Tàu đi thiếu tải, xuất min 10kt | M22: .
A23: 18 | B23: MẠNH THẮNG 68 | C23: 4000 | D23: 12.10.2023 | E23: MT Hà Nội | F23: 12/10 Bến 1 | G23: Xong tàu | H23: Dung Quất | I23: Hải Phòng | J23: 2200001447 - THP đi hết | M23: .
A24: 19 | B24: VIỆT THUẬN QN-01 | C24: 6000 | D24: 13.10.2023 | E24: Mạnh Thắng | F24: 13/10 Bến 1 | G24: Xong tàu | H24: Dung Quất | I24: Phú Mỹ | J24: 2000001896 - Hoa Sen - 5.500 T (Hàng hóa ok) | K24: Tàu đi thiếu tải | M24: .
A25: 20 | B25: XIN HAI TONG 27 | C25: 700 | D25: 14.10.2023 | E25: Age-line | F25: 14/10 Bến 6/11 | G25: Xong tàu | H25: Dung Quất | I25: Belgium | J25: 2400000390 - P08863: 700mt to Belgium (lot 2) (Hàng hóa ok)
A26: 21 | B26: GLORY DYNASTY | C26: 5000 | D26: 11.10.2023 | E26: HOYER | F26: 20h 11/10 Bến 6 | G26: Xong tàu | H26: Dung Quất | I26: Surabaya, Indonesia | J26: 2400000385 - 206.2023 HPDQ-SI - 5kt (sunrise) (Hàng hóa ok)
A27: 22 | B27: VIỆT PHÚC 18 | C27: 3800 | D27: 16.10.2023 | E27: Mặt Trời | F27: 16/10 Bến 1 Làm từ từ cũng được | G27: Xong tàu | H27: Dung Quất | I27: Long Bình | J27: 2200001456 OTBD - 3.100T (Đã MAP 3.058 tấn) 2200001441 - OTBD 200T (Hàng hóa ok) | K27: Tàu đi thiếu tải | M27: .
A28: 23 | B28: VIỆT THUẬN 168 | C28: 16000 | D28: 15.10.2023 | E28: Mạnh Thắng | F28: 15/10 Bến 5 Phải xong hàng muộn nhất ngày 20/10 | G28: Xong tàu | H28: Dung Quất | I28: Tân Thuận/Phú Mỹ | J28: 2000001912 - Nam Kim - 10.000T - Tân Thuận (Đã MAP 9134 tấn) 2000001900 - TLPM - 1.500T - Phú Mỹ (lệnh ok) (Háng hóa ok) 2000001914 - PVX - 1.600t - Tân Thuận (Hàng hóa ok) Tàu đang còn thiếu tài 3kt, có hàng thì cho lên đây, không thì tàu chạy thiếu tải. | K28: Nam kim xuất 1,820mt Thép cuộn cán nóng 2.50 x 1158 SAE1006 và các size còn lại | M28: .
A29: 24 | B29: CHÍ DŨNG 68 | C29: 13000 | D29: 08.10.2023 | E29: Mặt Trời | F29: 20h00 17/10 Bến 6 | G29: Xong tàu Phải xong hàng muộn nhất ngày 20/10 | H29: Dung Quất | I29: Tân Thuận/Phú Mỹ | J29: 2000001915 - 171.2023 Posco - 3.600(3 lệnh) - Posco- tách 2 hóa đơn mác 2.3x1239 2000001923 - 171.2023 Posco - 1.000 (3 lệnh) - Posco (Hàng hóa ok) 2000001924 - 171.2023 Posco - 400 (3 lệnh) - Posco (Hàng hóa ok) 2000001916- TĐA - 5.000 T - Tân Thuận (Hàng hóa ok) 2000001917 - TĐA - 2.500 T - Phú Mỹ (Hàng hóa ok) Dỡ hàng như sau: Tân Thuận - Phú Mỹ - Posco | K29: LỆNH 2*1916 giữ hóa đơn về cảng TÂN THUẬN TOÀN BỘ HÓA ĐƠN CỦA TDA ĐỂ NGÀY HÓA ĐƠN muộn nhất là 20/10/2023 | M29: .
A30: 25 | B30: VIỄN ĐÔNG 88 | C30: 8300 | D30: 15.10.2023 | E30: Tuấn Cường | F30: 19/10 Bến 5 CTH | G30: Xong tàu Phải xong hàng muộn nhất ngày 20/10 | H30: CTH | I30: Hải Phòng/ Nghi Sơn | J30: Hàng gửi kho 585T (Liên hệ anh Danh) 2200001442,1443 OTHY 2200T (Đã MAP 2189 tấn + size 6.00x1500 SS400 II hết tồn) 2200001447 - THP (Đã MAP 3507 tấn) ưu tiên đi hết 2200001450 - NMCN 2800T (Đã MAP 2804 tấn) cân tải 2000001925 (SS400) - 2000001926 (SAE1006) KKBV - 950T (Hàng hóa ok) | K30: Tàu tây: GIORGOS DRACOPOULOS - Thanh Hóa 2400000325 - chưa xuất, chờ thông tin của PKD | M30: .
A31: 26 | B31: HOÀNG PHÚC 29 | C31: 3300 | D31: 14.10.2023 | E31: VTB Hải Dương | F31: 19/10 Bến 2 | G31: Xong tàu Phải xong hàng muộn nhất ngày 20/10 | H31: Dung Quất | I31: Phú Mỹ/ Thiên Lộc Thành | J31: 2000001920 - VNO - 1.000T - Thiên Lộc Thành (Đã MAP 788t + 200T 2.95x1200 chờ MAP) 2000001919 - Tây Nam - 1.000T - Thiên Lộc Thành (Hàng hóa ok) 2000001927 - PVX - 1.000T - Phú Mỹ (Hàng hóa ok) | K31: Tàu đi thiếu tải | M31: .
A32: 27 | B32: Glory Valor | C32: 4000 | D32: 22.10.2023 | E32: HOYER | F32: 17h 23/10 Bến 6 | G32: Xong tàu | H32: Dung Quất | I32: Kota Kinabalu Port | J32: 2400000387 -181.2023/HPDQ-MI (Hàng hóa ok) - lệnh ok 2400000386 -182.2023/HPDQ-MI (Hàng hóa ok) - lệnh chiều muộn 23 duyệt | K32: TÀU CŨ: GLORY VOYAGER/ GLory Pioneer Lưu ý: Load lệnh 2400000387 lên tàu trước -> Chốt BBGN trước để tàu ra Mate Receipt
A33: 28 | B33: MT HÀ NỘI 07 | C33: 3000 | D33: 23.10.2023 | E33: VTB Hải Dương | F33: 23/10 Bến 5 Phải xong hàng muộn nhất 30/10 | G33: Xong tàu | H33: Dung Quất | I33: Long Bình | J33: 2200001466 OTBD - 3.000T | M33: .
A34: 29 | B34: VIỆT THUẬN QN-01 | C34: 6000 | D34: Tối 23.10.2023 | E34: Mạnh Thắng | F34: Bến 5 Tàu về cần làm luôn | G34: Xong tàu | H34: Dung Quất | I34: Hải Phòng | J34: 2200001450 - NMCN 2800T (Hàng hóa ok) 2.30x1200/2.50x1200 thiếu min 2200001468 - OTHY 1270T (Chỉ MAP được 1223t) 2200001469 - OTHY cân tải (sáng 24/10 duyệt xong lệnh) 2400000325 120T - 174.2023 HPDQ-TRASTEEL - Hàng XK - Trả hàng ở Nghi Sơn, load hàng lên sau cùng để dỡ trước (Hàng hóa ok) | K34: Tàu tây: GIORGOS DRACOPOULOS - Thanh Hóa 2400000325 | M34: .
A35: 30 | B35: KOOKYANG EXPRESS | C35: 10000 | D35: 22.10.23 | E35: Age-line | F35: 26/10 Bến 6 | G35: Xong tàu | H35: Dung Quất | I35: Semarang, Indonesia | J35: 2400000395 - ARSEN.136 (Hàng hóa ok) 2400000388 - ARSEN.183 (BJPS) (Hàng hóa đã sx chờ MAP) 2400000392 - ARS.183 (BJPC)
A36: 31 | B36: VIỆT THUẬN 045-01 | C36: 4250 | D36: 26.10.2023 | E36: Mạnh Thắng | F36: 26/10 Bến 5 | G36: Xong tàu | H36: Dung Quất | I36: Cẩm Nguyên | J36: 2000001921 - TVP - 4.250T (Hàng hóa dự kiến chiều 25 NK) LỆNH TVP ĐÃ MAP TỔNG 10.144 TẤN | M36: .
A37: 32 | B37: GLORY JUSTICE | C37: 5000 | D37: 28.10.2023 | E37: HOYER | F37: 19h00 28/10 Bến 3/5 | G37: Xong tàu | H37: Dung Quất | I37: Surabaya, Indonesia | J37: 2400000391 - 207.2023 HPDQ-SI (Hàng hóa chỉ MAP được 4.704 tấn)
A38: 33 | B38: AMOY DREAM | C38: =35000+8500 -> 43500 | D38: 18h 22.10.2023 | E38: Age-line | F38: 2h 25/10 Bến 5/10 | G38: Xong tàu | H38: Dung Quất | I38: Marcegaglia's port, Italy | J38: 2400000389 - P09021 (LOT 1) - 8500mt -LSD 31/10 - đơn này chú ý điều chỉnh chỉ xuất 6500mt (Đã MAP 4k5 + 2kt đã sx chờ MAP ) 2400000381 - P08962 (S235JR) - 8400mt (có nhãn phụ) - LSD 31/10 (Đã MAP 7kT + 1K4 sáng 26 NK) 2400000382 - P08962 (SAE1006) - 26,600mt (Đã MAP 26K2) | K38: Có nhãn phụ + color mark - Dung sai: +/-5% (cả 3 lệnh)
A39: 34 | B39: VIỆT THUẬN 12-03 | C39: 12000 | D39: 26-27.10.2023 | E39: Mạnh Thắng | F39: 26/10 Bến 6 | G39: Phải xong hàng muộn nhất ngày 30/10 | H39: Dung Quất | I39: Hải Phòng | J39: 2000001902 - Phú Nam - 400 T - Hải Phòng (Hàng hóa ok) - Ra hàng muộn nhất 30/10 2000001925 (SS400) - 2000001926 (SAE1006) - KKBV - 1.000T (Hàng hóa ok) - Ra hàng muộn nhất 30/10 2000001930+2000001931: Thành Đạt T10 + 11 - 300T (Hàng hòa ok) - Ra hàng muộn nhất 30/10 2200001469 - OTHY 2700T (Đã MAP 4087 tấn) - Có thể ra hàng muộn nhất 31/10, không được muộn hơn 2200001448 - THP 790T (Hàng hóa ok) - Có thể ra hàng muộn nhất 31/10, không được muộn hơn 2200001463 - THP 3200T (Hàng hóa ok) - Có thể ra hàng muộn nhất 31/10, không được muộn hơn 2200001464 - THP 1000T (Đã MAP 1038) - Có thể ra hàng muộn nhất 31/10, không được muộn hơn 2200001465 - THP 2100T (Hàng hóa ok) cân tải- Có thể ra hàng muộn nhất 31/10, không được muộn hơn 2200001457 - OTHY 150T (Hàng hóa ok) - Có thể ra hàng muộn nhất 31/10, không được muộn hơn 2200001444/2200001473 - OTHY 1000T đi tối đa - Có thể ra hàng muộn nhất 31/10, không được muộn hơn (Dự kiến sáng 29 NK) | M39: .
A40: 35 | B40: PHƯƠNG NAM 98 | C40: 4700 | D40: 25.10.2023 Neo | E40: VTB Hải Dương | F40: 28/10 Bến 3 | G40: Phải xong hàng muộn nhất ngày 30/10 | H40: Dung Quất | I40: Thiên Lộc Thành | J40: 2000001929 - Tây Nam - 4.500T - Thiên Lộc Thành (Chiều 26 NK 3k8 + 700t sáng 27 NK) | M40: .
A41: 36 | B41: MT HÀ NỘI 39 | C41: 4300 | D41: 28.10.2023 | E41: MT Hà Nội | F41: Tối 29/10 Bến 5 | G41: Phải xong hàng muộn nhất 31/10 | H41: Dung Quất | I41: Tân Thuận/ Cẩm Nguyên | J41: 2200001458 OTHP (Cargill) - 1.000T - Tân Thuận (Hàng hóa ok) 2000001921 - TVP - 3.300T - cân tải (Chiều 24 NK) | K41: THAY THẾ TÀU VIỆT HÒA 68 | M41: .
A42: 37 | B42: GRAND FAMILY 18 | C42: 4300 | D42: 29.10.2023 | E42: Mạnh Thắng | F42: 30/10 Bến 5 | G42: Phải xong hàng muộn nhất 31/10 | H42: Dung Quất | I42: Cẩm Nguyên | J42: 2000001921 - TVP - 4.250T (Hàng hóa dự kiến chiều 25 NK) | K42: THAY THẾ TÀU VIỆT THUẬN 045-02 | M42: .
A43: 38 | B43: HẢI DƯƠNG 99 | C43: 4000 | D43: 29.10.2023 | E43: VTB Hải Dương | F43: 30/10 Bến 2 | G43: Phải xong hàng muộn nhất 31/10 | H43: Dung Quất | I43: Cẩm Nguyên Phú Mỹ | J43: 2000001921 - TVP - 3.700T (Hàng hóa dự kiến sáng 26) 2400000409 + 2400000410: 350MT - 202.2023/HPDQ-Stemcor (ghép tàu tây Phú Mỹ) Lên hàng XK sau để dỡ trước. Đi Phú Mỹ trước | K43: Hàng XK xếp lên tàu: ELISABETH OLDENDORFF tại Phú Mỹ | M43: .
A44: 39 | B44: MT HÀ NỘI 39 | C44: 4300 | D44: 23.10.2023 | E44: MT Hà Nội | F44: HỦY TÀU
A45: 40 | B45: VIỆT THUẬN 045-02 | C45: 4250 | D45: 27-28.10.2023 | E45: Mạnh Thắng | F45: HỦY TÀU
A46: 41 | B46: VIỆT HÒA 68 | C46: 3800 | D46: 28.10.2023 | E46: VTB Hải Dương | F46: HỦY TÀU | M46: .
A47: 42
A48: 43
A49: 44
A50: 45

Sheet LỊCH TÀU - 03.2023
A2: CẬP NHẬT TÌNH HÌNH XUẤT HÀNG HRC THÁNG 03/2023
J3: =TODAY() -> 45960
A4: STT | B4: TÀU | C4: KHỐI LƯỢNG | D4: CẬP NHẬT TÌNH HÌNH/ETA | E4: ĐẠI LÝ | F4: CẬP NHẬT ETB | G4: Thời gian làm hàng dự kiến | H4: CẢNG XẾP | I4: CẢNG ĐẾN | K4: GHI CHÚ | L4: ĐẠI LÝ | M4: Thời gian DQ đáp ứng | N4: Mức độ | O4: =SUM(#REF!) -> #REF!
A5: {=_xlfn.SEQUENCE(30,1,1,)} -> #NAME? | B5: Phương nam 46 | C5: 3650 | D5: 13h00 02.03.23 Bến 2 | E5: NAM PHÁT | F5: Xong | H5: Dung Quất | I5: Cẩm Nguyên/Thiên Lộc Thành | J5: 2000001587 - TÂY NAM - 1800KT - 1/3 ĐỦ HÀNG - THIÊN LỘC THÀNH 2000001638 - TVP - CÂN TẢI TÀU - CẨM NGUYÊN
B6: PHƯƠNG NAM 98 | C6: 4620 | D6: 20h00 01.03.23 | E6: NAM PHÁT | F6: Xong | H6: Dung Quất | I6: Cẩm Nguyên | J6: 2000001638 - TVP - CÂN TẢI 2000001635 - MOV - 812T - 3/3 DUYỆT
B7: Viễn Đông 88 | C7: 8400 | D7: 04.03.23 Dỡ quặng | E7: Mặt Trời | F7: Xong | G7: GẤP | H7: Dung Quất | I7: Đà Nẵng | J7: 2200001245 OTĐN 108T 2200001255 OTĐN 2743T xuất âm 90% 2200001260 OTĐN 2700T 2200001264 OTĐN 1300T 2200001265 OTĐN cân tải SMC ĐN - 2000001639 - 950 tấn - xuất hết mapping 2000001636 - Thanh phú 208 MT | N7: Gấp
B8: Việt Thuận 168 | C8: 16300 | D8: 18h 06/03/2023 Bến 05 | E8: Mạnh Thắng | F8: Xong | G8: Cho tàu này vào làm trước VT12-03 | H8: Dung Quất | I8: HẢI PHÒNG | J8: 2200001254 - OTHY 3700T(Xuất âm khoảng 90%) 2200001248 - THP 3700T (Xuất âm khoảng 95%) 2200001268 - THP 7500T (Xuất âm khoảng 95%) cân tải 2200001263 - OTHY cân tải | K8: CỐ GẮNG CHO NHIỀU HÀNG ỐNG TÔN LÊN ĐỂ VỀ HOÀNG DIỆU | M8: =3700+3700+7000+2000*0.93 -> 16260
B9: Việt Thuận HN-01 | C9: 6000 | D9: 22h20 07.03.23 Bến 1 | E9: Mạnh Thắng | F9: Xong | G9: TẬP KẾT TỪ CA 2 NGÀY 07 | H9: Dung Quất | I9: Thiên Lộc Thành/CẨM NGUYÊN | J9: 2000001606 - METAL ONE - THIÊN LỘC THÀNH 2000001640 - MOV - THIÊN LỘC THÀNH 2000001646- MOV - THIÊN LỘC THÀNH 2000001638 - TVP - CÂN TẢI - 1200T - CẨM NGUYÊN - LÊN HÀNG SAU, DỠ TRƯỚC | K9: tổng 3 lệnh MOV lên đủ dung sai, ~95% | N9: =1000+2000+1500+500 -> 5000
B10: MT Hà Nội 07 | C10: 2950 | D10: 07.03.23 Dỡ phế > dỡ phế gấp để load hàng gấp lắm | E10: MT Hà Nội | F10: xong | G10: TẬP KẾT TỪ CA 2 NGÀY 08/03 ĐI Ạ | H10: Dung Quất | I10: Quy Nhơn | J10: 2000001660 - Hoa Sen 3000mt (lệnh mới)
B11: Việt Thuận 12-03 | C11: 12000 | D11: 20H30 ngày 08/03 Bến 5 | E11: Mạnh Thắng | F11: Xong | G11: CHẬM NHẤT SÁNG SỚM NGÀY 11/3 XONG | H11: Dung Quất | I11: Tân Thuận/Phú Mỹ | J11: 2000001652 - PVX 3000MT - PHÚ MỸ 2000001661 - PVX 2000MT - PHÚ MỸ 2000001650 - Phú Mỹ - Tấm Lá 1000MT 10/03 có hàng 2000001631 - Tôn Đông Á - 3000t PHÚ MỸ 2000001649 - THE ONE 660T PHÚ MỸ 2000001655 - POSCO - 300T - PHÚ MỸ - C OANH GỬI CHỨNG TỪ HỘ 2000001641 - JFE - 560T TÂN THUẬN 2000001654 - TĐA - 1500T - PHÚ MỸ 2200001274 - OTBD cân tải Tân Thuận | K11: Tàu này cuối ngày 07/03 cho vào làm hàng sẽ hợp lý DỠ Ở PHÚ MỸ TRƯỚC | M11: =3000+2000+1000+660+3000+560+1500 -> 11720
B12: Việt Thuận 12-02 | C12: 12300 | D12: 08:00 ngày 10.03 Bến 05 | E12: Thiên Phúc | F12: Xong | H12: Dung Quất | I12: HẢI PHÒNG | J12: 2000001617 - TVD 3000MT 2000001618 - OTVD - 3000MT 2000001643 - OT190 - 1100MT 10/3 duyệt 2000001644 - OT190 - 500MT 10/3 duyệt 2000001651 - Maru - Việt Nhật ngày 07/03 duyệt - 2000mt 2200001214 - OTHY hàng gửi kho 70T theo list hàng của PKD đi hết 2200001266 - OTHY 144T đi hết 2200001263 - OTHY (4300mt) (giao âm 90%) đi hết
B13: TRAWIND WISDOM | C13: 3000 | D13: 11.03.23 | E13: Việt Long | F13: Xong | G13: khoảng chiều/tối 13/03 làm xong hàng cho tàu rời cầu giúp em ạ. Phản hồi: Sáng 13/03 xong nha Lan Anh. Sớm để 215-06 vào. | H13: Dung Quất | I13: Port Klang | J13: Xuất như mapping 2400000032 - CIEC 750MT 2400000033 - CIEC 800MT 2400000034 - CIEC 850MT 2400000035 - CIEC 250MT 2400000036 - CIEC 200MT 2400000037 - CIEC 150MT | K13: có nhãn phụ. Khi nào xuất báo KCS
B14: Mạnh Thắng 68 | C14: 3940 | D14: 14:30 ngày 12/03 Bến 2 | E14: MT Hà Nội | F14: Xong | H14: Dung Quất | I14: TTL và TÂN THUẬN | J14: 2000001587 - TÂY NAM-2k9 2000001642 - Tiến Lên 1000MT 13/3 thanh toán - Tân Thuận | K14: =3000+863 -> 3863
B15: MT Hà Nội 39 | C15: 4250 | D15: 17:00 ngày 13/03 Bến 01 | E15: MT Hà Nội | F15: Xong | H15: Dung Quất | I15: HẢI PHÒNG | J15: 22*1271 - THP 187T 22*1270 - OTHP - 4100MT Ưu tiên 3.8-4.0
B16: MT Hà Nội 07 | C16: 2950 | D16: 13.03.23 Quay đầu nhận HRC | E16: MT Hà Nội | F16: Xong | H16: Dung Quất | I16: Cẩm Nguyên | J16: không hiểu duyên sự gì mà cái tàu này cứ bị xóa lệnh đi 2000001638 - TVP - CÂN TẢI 2000001657 - MOV (Toàn Thắng) - 144 mt
B17: Việt Thuận 215-06 | C17: 12800 | D17: 18:45 ngày 13/03 Bến 5 | E17: Mạnh Thắng | F17: Xong | H17: Dung Quất | I17: Tân Thuận/PHÚ MỸ | J17: 2000001662 - PVX T2 - 1700MT tân thuận - ngày 13/3 xử lý 2200001257 - OTHY 6700mt (xuất âm 95%) - tân thuận 2000001658 - Tôn Đông Á - 1470mt - Phú Mỹ + Tân Thuận 2200001214- OTHY 300T hàng gửi kho theo list hàng của anh Danh (Tân Thuận) 2200001274 - OTBD cân tải là 1800mt 2000001628 - SMCCK - XUẤT HẾT MAPPING - PHÚ MỸ 2000001655 - Posco 50MT - PHÚ MỸ - đã duyệt lệnh | K17: 2*1658: MÁC 2.80X1264 - 300T ĐI THÂN THUẬN, CÒN LẠI ĐI PHÚ MỸ | M17: =12800-1700-6700-1500-800-300 -> 1800
B18: Tay Son 1 | C18: 12000 | D18: 09:25 ngày 16/03 Bến 05/10 | E18: Age-line | F18: Xong | H18: Dung Quất | I18: Jakarta | J18: 2400000041 - AMI 12kt
B19: Việt Thuận 168 | C19: 16300 | D19: 13:00 ngày 16/03 Bến 05 | E19: Mạnh Thắng | F19: Xong | H19: Dung Quất | I19: HẢI PHÒNG | J19: 2200001268,1269 - THP 7300mt cân tải (lưu ý k xuất vượt 95%) 2200001275 - OTHY 5000T 2200001272 - NMCN 3000T 2200001276 - OTHY 1000T
B20: Hà Dương 58 | C20: 3080 | D20: 16:30 ngày 17/03 Bến 3 | E20: Mặt Trời | F20: Xong | H20: Dung Quất | I20: Đà Nẵng | J20: 2200001265 - OTĐN 2090T 2200001273 - OTĐN Cân tải
B21: Phương Nam 98 | C21: 4620 | D21: 19.03.2023 | E21: NAM PHÁT | F21: Xong | H21: Dung Quất | I21: HẢI PHÒNG | J21: 2200001262 - OTHY 1300T 2200001270 - OTHY 1200T cân tải 2200001214 - OTHY 397T hàng gửi kho liên hệ anh Danh 2200001263 - OTHY 2000T
B22: Hải Âu 28 | C22: 5000 | D22: 07:30 ngày 21/03 Bến 5 | E22: Mặt Trời | F22: Xong | H22: Dung Quất | I22: HẢI PHÒNG | J22: 2000001623 - HÙNG NGUYÊN 2000001674 - hùng nguyên -150 2200001277 - OTHY 4000T - CÂN TẢI 2000001618 - TVD 300MT (chiều 21/03 nhập kho)
B23: Hà Dương 58 | C23: 3100 | D23: 13:45 ngày 22/03 Bến 3 | E23: Mặt Trời | F23: XOng | H23: Dung Quất | I23: Hải Phòng | J23: 2200001275 - OTHY 1000T cân tải 2200001268,1269 - THP 900T 2000001672 - Phú Nam - 1450MT 22-23/3 nhập kho 2000001673 - Trường Thành 475MT - 375MT sáng 23/3 nhập kho
B24: Hải Dương 99 | C24: 3950 | D24: 03:50 ngày 23/03 Bến 1 | E24: MT Hà Nội | F24: XOng | G24: Ưu tiên dỡ hàng để vào làm HRC sớm | H24: Dung Quất | I24: Đà Nẵng | J24: 2200001214 - OTHY 875MT (HÀNG GỬI KHO) 2200001273 - OTDN 3820MT CÂN TẢI
B25: UNISON | C25: 11350 | D25: 08h30 ngày 23/03 Bến 05 | E25: CLIO | F25: XOng | H25: Dung Quất | I25: Jakarta/Surabaya | J25: Steel-Invest 2400000050 - Surabaya 2400000049 - Jakarta 2400000048 - Jakarta 2400000047 - Surabaya 2400000046 - Jakarta 2400000045 - Surabaya 2400000044 - Jakarta 2400000043 - Jakarta 2400000042 - Jakarta xếp riêng 1 LOT để dỡ hàng riêng 2400000051 - Surabaya | K25: Không cần phân biệt lệnh ABC và hầm XYZ. Chỉ cần phân bổ theo đúng cảng dỡ. Tuy nhiên, riêng lệnh 24*42 cần gom lại 1 hầm để dỡ hàng
B26: Việt Thuận 12-01 | C26: 10670 | D26: Neo | E26: Mạnh Thắng | F26: Xong tàu | H26: Dung Quất | I26: Hải Phòng | J26: 2200001275 - OTHY đi hết 2000001686 - Tấn Phát - 1000MT (26 NK) 2000001678 - Nhật Quang - 980MT 22-23/3 nhập kho 2000001644 - OT190 - 950MT 2000001683 - NIPPON - 200T 2000001647 - KKBV 7000MT - cân tải | K26: =10670-1000-980-950-200 -> 7540
B27: MT Hà Nội 39 | C27: 4250 | D27: 26.03.2023 | E27: MT Hà Nội | F27: Xong tàu | G27: Xong tàu | H27: Dung Quất | I27: Phú Mỹ | J27: 2000001684 - JFE - PHÚ MỸ - 500 (Hàng hóa ok) 2000001685 - TDA - PHÚ MỸ - 700 (Hàng hóa ok) 2000001702 - KN 1000MT - phú mỹ (Hàng hóa ok) 200001676 và 200001628 (xuất nốt lượng còn lại) - SMCCK (Hàng hóa ok) - PHÚ MỸ 2000001696 - TĐA - PHÚ MỸ - 1000 (Hàng hóa ok) | K27: =4250-1180-980-1080 -> 1010
B28: Việt Thuận 215-06 | C28: 12800 | D28: Neo | E28: Mạnh Thắng | F28: Xong tàu | H28: Dung Quất | I28: Hải Phòng | J28: 2000001647 - KKBV (Hàng hóa ok) đã duyệt lệnh - lưu ý tách hóa đơn với tàu VT12-01 2000001691 - OTVD 2000MT (Đã MAP đủ hàng) 2000001680 - Nam Phát 4000mt (Hàng hóa ok) - đã duyệt lệnh 2000001690 - TMP 1000MT (đã duyệt lệnh, đã MAP đủ hàng) 2200001282 - OTHY 400T (Hàng hóa ok) - đã duyệt lệnh 2200001270 - OTHY 220T - đã duyêt lệnh 2000001682 - VINAS - 700T (Hàng hóa ok) 22*1268 + 22*1269 - THP cân tải
B29: Phương Nam 98 | C29: 4620 | D29: 08h00 27.03.2023 | E29: NAM PHÁT | F29: Xong tàu | H29: Dung Quất | I29: Long Bình/Cẩm Nguyên | J29: 2200001274 - OTBD 928T (Hàng hóa ok) - LONG BÌNH 2000001687 - VISA 400MT chiều muộn 27/3 duyệt - Cẩm Nguyên (Hàng sẵn trong kho rồi) 2000001704- VISA - 600T - Cẩm Nguyên 9-10h sáng 29/03 duyệt lệnh 2200001284 - OTBD - LONG BÌNH cân tải ~ 2700T (Hàng hóa ok) | K29: =C29-928-900 -> 2792
B30: Việt Thuận HN-01 | C30: 6000 | D30: 23h00 26.03.2023 | E30: Mạnh Thắng | F30: Xong tàu | H30: Dung Quất | I30: Tân Thuận | J30: 2000001613 - CTC 1500MT (Hàng hóa ok) 2000001693 - Kỳ Đồng: 1000mt (Hàng hóa ok) 2000001694 - JFE - 27/3 DUYỆT -2500 (Hàng hóa ok) 2000001695 - TĐA - 27/3 duyệt lệnh -1000 (Còn thiếu 200t chiều nay NK đủ) 2200001284 - OTBD - TÂN THUẬN - cân tải (Hàng hóa ok)
B31: Hải Dương 99 | C31: 3950 | D31: 09H00 29.03.2023 | E31: MT Hà Nội | F31: Xong tàu | H31: Dung Quất | I31: Quy Nhơn | J31: 2000001653 - Hoa Sen 8000mt - Ưu tiên sản xuất đơn của Hoa Sen nhé a Được (Đã MAP được 5kt LƯỢNG + 2.5KT còn lại sáng 30 NK đủ)
B32: Mạnh Thắng 68 | C32: 3950 | D32: 14H00 29.03.23 | E32: MT Hà Nội | F32: Xong tàu | H32: Dung Quất | I32: Quy Nhơn | J32: 2000001653 - Hoa Sen 8000mt - Ưu tiên sản xuất đơn của Hoa Sen nhé a Được (Đã MAP được 5kt LƯỢNG + 2.5KT còn lại sáng 30 NK đủ)
B33: MT Hà Nội 07 | C33: 2950 | D33: RA HẾT LƯỢNG TÀU NÀY ĐỂ CHỐT TRONG THÁNG 3 | E33: MT Hà Nội | F33: Xong tàu | H33: Dung Quất | I33: Tân Thuận/ PHÚ MỸ | J33: 2000001697 - Nam Kim 2800mt - tân thuận (Chiều 30 NK 2K4 + 400T sáng 31 NK) - Cân tải 2000001663 - SMCGCT - 700MT - đi Phú Mỹ (Hàng hóa ok) - lệnh ok - ĐI PHÚ MỸ
A34: 32 | B34: TTP 89 | C34: 6400 | D34: 12h30 31.03 | E34: Sunrise | F34: Xong tàu | H34: Dung Quất | I34: Klang Port | J34: 2400000052 - GS (Hàng hóa ok) 2400000053 - GS (Hàng hóa ok) 2400000054 (Hàng hóa ok) 2400000055 (Hàng hóa ok) | K34: Lệnh có nhãn phụ báo KCS dán giúp e ạ
D35: CHÚ Ý, TẤT CẢ CÁC LỆNH ĐỀU PHẢI GIAO HÀNG ÂM TỐI ĐA GIAO ÂM TỨC LÀ GIAO THẤP HƠN SO VỚI LƯỢNG TRÊN LỆNH KHÔNG PHẢI CẮT HÀNG ÂM TRÊN BK ĐÂUUUU
J40: VINAS 2000MT 2000001648 - KKBV 1500MT

Sheet LỊCH TÀU - 12.2022
A2: CẬP NHẬT TÌNH HÌNH XUẤT HÀNG HRC THÁNG 12/2022
C3: =SUBTOTAL(9,C5:C288) -> 139861 | J3: =TODAY() -> 45960
A4: STT | B4: Tàu | C4: KHỐI LƯỢNG | D4: CẬP NHẬT TÌNH HÌNH/ETA | E4: CẬP NHẬT ETB | F4: Thời gian làm hàng dự kiến | G4: CẢNG XẾP | H4: CẢNG ĐẾN | I4: LỆNH XUẤT HÀNG | J4: GHI CHÚ | K4: Mức độ | L4: ĐẠI LÝ | M4: KL | N4: TỔNG HỢP | O4: =SUM(#REF!) -> #REF!
A5: {=_xlfn.SEQUENCE(30,1,1,)} -> 1 | B5: Viễn Đông 88 | C5: 8075 | D5: Xong | E5: 20h00 ngày 30/11 Bến 5 | G5: Dung Quất | H5: Hải Phòng | I5: 2000001406 - CTC 1500MT 2000001501 - MI (TP) 1800MT (1/12 duyệt) 2000001479 - HÙNG NGUYÊN 2000001419 - HÙNG NGUYÊN 2200001205 - NMCN 475MT 2000001448 - TMN cân tải (2000mt) (1/12 duyệt) 2000001464 - NIPPON - T6 DUYỆT 2000001504 - VINAS - 150T | L5: Mặt Trời | N5: =8075-1500-1800-2000-475-200-150 -> 1950
A6: 2 | B6: MT Hà Nội 07 | C6: 3000 | D6: Xong | E6: 20h00 ngày 01/12 Bến 2 | G6: Dung Quất | H6: Long An/Long Bình | I6: 2000001491 - MITSUI (LONG AN) 2200001196 - OTBD 1770T (LONG BÌNH) 2200001204 - OTBD cân tải (LONG BÌNH) | L6: MT Hà Nội
A7: 3 | B7: MT Hà Nội 39 | C7: 4250 | D7: Xong | E7: 14h00 ngày 02/12 Bến 1 | G7: Dung Quất | H7: Tân Thuận | I7: 2000001506 - JFE - đi hết mapping 2000001502 - TĐA - lấy hàng 2.00x1254 cân tải | J7: HÀNG MỚI SẢN XUẤT CHƯA LÀM ĐƯỢC, THỨ 6 LÀM | L7: MT Hà Nội
A8: 4 | B8: Mạnh Thắng 68 | C8: 3940 | D8: Xong | E8: ngày 04/12 Bến 2 | G8: Dung Quất | H8: Hải Phòng | I8: 2000001448 - TMN cân tải | L8: MT Hà Nội
A9: 5 | B9: Việt Thuận 12-01 | C9: 11800 | D9: Đang làm hàng | E9: 13h30 ngày 06/12 Bến 5 | G9: Dung Quất | H9: Hải Phòng | I9: 2000001448 - TMN 3850MT 2000001518 - PVX 5000MT 2000001519 - KN 195MT 2000001508 - PVX 650MT 2000001400 - Trường Thành 275MT 2000001522 - Phúc Viên Xuân 950MT 2000001521 -VINAS - 300T - lên hàng cuối cùng để dỡ hàng trước 2000001522 - PVX - 1000MT 2200001207 - NMCN cân tải | L9: Mạnh Thắng | N9: =C9-5000-3850-650-275 -> 2025
A10: 6 | B10: JIN DE 5 | C10: 5500 | D10: Xong | E10: 08h20 ngày 10/12 Bến 5 | G10: Dung Quất | H10: Jakarta | I10: 2400000027 - Samsung | J10: Có ghép WRHC | L10: CLIO
A11: 7 | B11: Việt Thuận HN-01 | C11: 6000 | D11: Xong | E11: 20h00 ngày 10/12 bến 1 | G11: Dung Quất | H11: Hải Phòng | I11: Đi hết lượng hàng gửi kho của OTHP (khoảng 5800T) Thiếu tải thì đi lệnh 2200001207 - NMCN cân tải | L11: THIÊN PHÚC
A12: 8 | B12: MT HÀ NỘI 39 | C12: 4250 | D12: Xong | E12: 10h10 ngày 11/12 Bến 2 | G12: Dung Quất | H12: LONG BÌNH | I12: 2200001204 - OTBD 1200T 2200001209 - OTBD cân tải - ưu tiên đi hàng tháng 05,06,07,08 trước | L12: MT Hà Nội
A13: 9 | B13: Việt Thuận 11-02 | C13: 10200 | D13: Xong | E13: 16h00 ngày 07/12 Bến 3 | G13: Dung Quất | I13: 2000001442- Citicom 600mt - tân thuận 2000001498 - Sunsco 300mt - tân thuận 2000001502 - TĐA 250MT - tân thuận 2000001490 - Tiến Lên 500Mt - tân thuận 2000001415 - quang mười 1000t - tân thuận 2200001202 - OTHY 1650T Tân Thuận chờ KCS gỡ map đủ lượng như trên mới xuất 2200001206 - OTHY 550T Tân thuận 2000001513 - SMC - PHÚ MỸ 2000001516 - QM 1200t - 2000001525 - SMCCK 400mt (gấp hơn) 2000001524 - SMCCK 2300mt (CÂN TẢI) | J13: =600+300+250+500+1000+2200+1200+800 -> 6850 | L13: Mạnh Thắng
A14: 10 | B14: HẢI AN 68 | C14: 4320 | D14: Xong | E14: 02h00 ngày 16/12 Bến 1 | G14: Dung Quất | H14: Long Bình | I14: 2200001209 - OTBD 2400T 2200001210 - OTBD 190T 2200001213 - OTBD cân tải | J14: BÊN | L14: Mặt Trời
A15: 11 | B15: Việt Thuận 215-06 | C15: 16000 | D15: Xong | E15: 08h00 ngày 13/12 Bến 05 | G15: Dung Quất | H15: Hải Phòng | I15: 2200001207 - NMCN 2000001511 - VINAS - 500T 2200001208 - OTHY - cân tải | L15: Mạnh Thắng
A16: 12 | B16: Trường Hưng 556 | C16: 11050 | D16: Xong | E16: 17h00 ngày 20/12 Bến 05 | G16: Dung Quất | H16: Hải Phòng | I16: 2000001500 - CTC 1500MT 2200001217 - THP 5100T 2200001216 - THP cân tải 2000001463 - HÙNG NGUYÊN - 300T (chiều mai) 2000001510 - Việt Đức 2000mt | L16: Nam Phát
A17: 13 | B17: Mạnh Thắng 68 | C17: 3750 | D17: Xong | E17: 17h00 ngày 20/12 Bến 2 | G17: Dung Quất | H17: Long Bình | I17: 2200001209 - OTBD 400T 2200001213 - OTBD cân tải ghép hàng WR CLC - Đăng | L17: MT Hà Nội
A18: 14 | B18: Việt Thuận 215-01 | C18: 15000 | D18: Xong | E18: 20h00 ngày 16/12 Bến 3 | G18: Dung Quất | H18: Hải Phòng | I18: 2200001212 - NMCN 2200001216 - THP cân tải 2000001526 - PVX 2000MT - chiều nay duyệt 2000001527 - KKBV 21/12 duyệt 2000001529 - KKBV 21/12 duyệt | L18: Mạnh Thắng
A19: 15 | B19: LIANSON DYNAMIC | C19: 6500 | D19: Xong | E19: 18h30 ngày 16/12 Bến 11 | G19: Dung Quất | H19: Jakarta | I19: 2400000028 - Samsung CnT - Lệnh dã duyệt | L19: Ageline
A20: 16 | B20: Hoàng Minh 68 | C20: 4000 | D20: Xong | E20: 20h00 ngày 22/12 Bến 1 | G20: Dung Quất | H20: Hải Phòng | I20: 2200001208 - OTHY 200T 2200001211 - OTHY 1670T 2200001218 - OTHY 140T 2200001216 - THP cân tải | L20: MT Hà Nội
A21: 17 | B21: VINACOMIN CẨM PHẢ | C21: 6770 | D21: Xong | E21: Thế lot VT215-01 (21/12) Bến 3 | G21: Dung Quất | H21: Phú Mỹ/Tân Thuận | I21: 2000001524 - SMCCK 2320mt 2000001453 - SMCCK 2000MT - sáng 22/12 duyệt 2200001213 - OTBD 280mt - Tân Thuận | K21: =2320+2000+280 -> 4600 | L21: THIÊN PHÚC
A22: 18 | B22: Việt Thuận 215 - 03 | C22: 1000 | D22: Xong | F22: Xong HRC trong 2022 | G22: Dung Quất | H22: Tân Thuận | I22: 2200001221 - OTBD Làm HRC chậm bị a Công chửi đấy | J22: Ghép cùng với thép XD Làm HRC nhanh để ko ảnh hưởng KH của thép XD | L22: Mạnh Thắng
A23: 19 | B23: MT Hà Nội 39 | C23: 4250 | D23: Xong | E23: 12h00 ngày 27/12 Bến 5 | G23: Dung Quất | H23: Thiên Lộc Thành | I23: 2000001475 - VNO - đi đủ dung sai các mác (~1680) 2000001530 - VNO - đi đủ dung sai các mác (~2389) 2000001476 - VNO - đi đủ dung sai (~158t) | K23: =1680+2390+158 -> 4228 | L23: MT Hà Nội
A24: 20 | B24: Viễn Đông 88 | C24: 7206 | D24: Xong | E24: 07h45 ngày 29/12 Bến 5 | F24: Xong trong 2022 | G24: Dung Quất | H24: Hải Phòng | I24: 2200001216 - THP 3106MT 2000001389 - THACO 1200MT 2200001220 - NMCN 2900T | J24: Lệnh hàng okay đẩy vô chốt năm 2022 đi các anh! | K24: =3106+1200+2900 -> 7206 | L24: Mặt Trời
A25: 21 | B25: MT Hà Nội 07 | C25: 3000 | D25: Xong | E25: 07H00 ngày 30/12 Bến 3 | F25: Xong trong 2022 | G25: Dung Quất | H25: Hải Phòng | I25: 2000001332 - OT190 1700MT 2200001219 - OTHY 400T | L25: MT Hà Nội
A26: 22
A27: 23
A28: 24
A29: 25
A30: 26 | I30: 2000001532 - THACO 875MT
A31: 27
A32: 28
A33: 29
A34: 30

Sheet LỊCH TÀU - 11.2022
A2: CẬP NHẬT TÌNH HÌNH XUẤT HÀNG HRC THÁNG 11/2022
C3: =SUBTOTAL(9,C5:C303) -> 195736 | J3: =TODAY() -> 45960
A4: STT | B4: Tàu | C4: KHỐI LƯỢNG | D4: CẬP NHẬT TÌNH HÌNH/ETA | E4: CẬP NHẬT ETB | F4: Thời gian làm hàng dự kiến | G4: CẢNG XẾP | H4: CẢNG ĐẾN | I4: LỆNH XUẤT HÀNG | J4: GHI CHÚ | K4: Mức độ | L4: ĐẠI LÝ | M4: KL | N4: TỔNG HỢP | O4: =SUM(#REF!) -> #REF!
A5: {=_xlfn.SEQUENCE(30,1,1,)} -> 1 | B5: GAILLARDIA SW | C5: 12000 | D5: Xong | E5: 06h25 ngày 28/10 Bến 05 | F5: 44572 | G5: Dung Quất | H5: Jakarta | I5: 2500000000 - HPI (Samsung CnT) | K5: BÌNH THƯỜNG | L5: Ageline
A6: 2 | B6: VIỆT THUẬN 235-01 | C6: 14370 | D6: Xong | E6: 19h30 ngày 30/10 Bến 05 | F6: Trưa 3/11/2022 | G6: Dung Quất | H6: Hải Phòng | I6: 2000001363 - Minh Ngọc 10kt 2000001444 - Nhật Quang 1000MT - chưa sản xuất đủ 2200001171 - NMCN 6100T cân tải | J6: HUY | K6: BÌNH THƯỜNG | L6: Mạnh Thắng
A7: 3 | B7: VIỆT THUẬN 11-01 | C7: 10200 | D7: Xong | E7: 6h20 ngày 02/11 Bến 03 | F7: dự kiến 03/11 | G7: Dung Quất | H7: Tân Thuận | I7: 2000001373 - Nam Kim - 5000t - 1/11 duyệt 2000001408 - VISA 3000T 2000001446 - Tiến Lên 2000MT chiều 2/11 duyệt | J7: =C7-5000-3000-2000 -> 200 | K7: BÌNH THƯỜNG | L7: Mạnh Thắng
A8: 4 | B8: Mạnh Thắng 68 | C8: 3940 | D8: Xong | E8: 17h30 ngày 02/11 Bến 1 | G8: Dung Quất | H8: Thiên Lộc Thành | I8: 2000001123 - VNO - 1000t - không vượt lệnh 2000001439 - VNO - 1000t - không vượt lệnh 2000001457 - VNO - 650t - không vượt lệnh 2000001429 - TÂY NAM - 1600 - cân tải đủ dung sai | K8: BÌNH THƯỜNG | L8: MT Hà Nội | N8: =C8-1000-800-650 -> 1490
A9: 5 | B9: MT Hà Nội 07 | C9: 3000 | D9: Xong | E9: 0h45 ngày 03/11 Bến 2 | G9: Dung Quất | H9: Long Bình | I9: 2200001160 - OTBD 430T 2200001180 - OTBD cân tải | K9: BÌNH THƯỜNG | L9: MT Hà Nội
A10: 6 | B10: Việt Thuận 215-06 | C10: 16000 | D10: Xong | E10: 16h30 ngày 03/11 Bến 05 | F10: Dự kiến 07/11 | G10: Dung Quất | H10: Hải Phòng | I10: 2000001430 - TMP 1900T 2000001455 - TMP 600T 2200001172 - NMCN 1500T 2200001171 - NMCN 2700T 2200001181 - OTHY 1800T 2000001450 - VINAS - không vượt lệnh 2000001432 - VINAS - không vượt lệnh 2000001467 - Trường Thành 25T 2000001468 - VINAS 2200001170 - THP cân tải (đi hết 2.45x1212, Không xuất 1052,1106) - 6200mt | J10: LỆNH VINAS, TRƯỜNG THÀNH LÊN CUỐI CÙNG ĐỂ DỠ HÀNG TRƯỚC | K10: NHANH CHÚT | L10: Mạnh Thắng | N10: =16000-1900-600-1500-2700-1800-800-600 -> 6100
A11: 7 | B11: VINACOMIN CẨM PHẢ | C11: 6770 | D11: Xong | E11: 17h40 ngày 05.11 Bến 5 | G11: Dung Quất | H11: Hải Phòng | I11: 2000001242 - OT190 - 3000MT 2200001182 - NMCN 1800MT 2200001170 - THP cân tải (Xuất hàng 1212) | J11: =6770-3000-1800 -> 1970 | K11: BÌNH THƯỜNG | L11: Thiên Phúc
A12: 8 | B12: MT Hà Nội 39 | C12: 4250 | D12: Xong | E12: 11h45 ngày 07/11 Bến 1 | G12: Dung Quất | H12: Long Bình | I12: 2200001186 - OTBD cân tải (Long Bình) | J12: Mọi người cân đối cho làm hàng | K12: BÌNH THƯỜNG | L12: MT Hà Nội
A13: 9 | B13: Việt Thuận 11-02 | C13: 10200 | D13: Xong | E13: 08h30 ngày 08/11 Bến 05 | F13: ngày 10/11 | G13: Dung Quất | H13: Hải Phòng | I13: 2000001407 - Phúc Tiến 1000MT 2200001171 - NMCN 70MT 2200001181 - OTHY 1828 MT - đã duyệt 2200001184 - NMCN Cân tải | J13: HUY CHECK LẠI PHÁT NHÉ | K13: BÌNH THƯỜNG | L13: Mạnh Thắng
A14: 10 | B14: MT Hà Nội 07 | C14: 3000 | D14: Xong | E14: 03h00 ngày 09/11 Bến 2 | G14: Dung Quất | H14: Tân Thuận,Long Bình | I14: 2200001178 - OTHY 2000T đi Tân Thuận 2000001362 - SUNSCO 300MT - chút duyệt 2200001186 - OTBD cân tải Đi Long Bình | J14: =3000-2000-300 -> 700 | K14: BÌNH THƯỜNG | L14: MT Hà Nội | N14: =3000-2000-560 -> 440
A15: 11 | B15: Việt Thuận HN-01 | C15: 6000 | D15: Xong | E15: 20h30 ngày 09/11 Bến 05 | G15: Dung Quất | H15: Hải Phòng | I15: 2000001217 - KKBV 2600MT (bỏ lại SAE1006) - chỉ xuất khoảng 2500mt thôi - 09.11 duyệt 2200001064 2.85x1500:22.544T, 5.7x1500:156.578T (Hàng gửi kho OTHP) 2200001085 5.6x1520:42.278T(Hàng gửi kho OTHP) 2200001072 4.2x1500:47.728T, 4.3x1500:23.864T (Hàng gửi kho OTHP) 2200001121 6.75x1500: 22.754T (ID: 71220705620) (Hàng gửi kho OTHP) 2200001184 - NMCN - Xuất hết mapping 2200001183 - OTHY - cân tải | J15: =6000-2500-293 -> 3207 | K15: BÌNH THƯỜNG | L15: Thiên Phúc
A16: 12 | B16: Mạnh Thắng 68 | C16: 3500 | D16: Xong | E16: 03h15 ngày 11/11 Bến 2 | G16: Dung Quất | H16: Long Bình | I16: 2200001180 - OTBD 560T 2200001186 - OTBD lượn còn lại 2000T 2200001190 - OTBD cân tải | K16: BÌNH THƯỜNG | L16: MT Hà Nội
A17: 13 | B17: Việt Thuận 215-06 | C17: 16000 | D17: Xong | E17: 10h50 ngày 12/11 Bến 05 | G17: Dung Quất | H17: Hải Phòng | I17: 2200001170 - THP 4400T 2000001465 - TCĐ 4080T 2200001189 - THP 1240T 2200001191 - OTHY 660T 2200001192 - NMCN 1900T 2000001417 - Mỹ Việt 3000mt T2 2000001451 - VINAS 2000001397 - VINAS - | K17: BÌNH THƯỜNG | L17: Mạnh Thắng | N17: =4400+4080+1240+660+1900+3000 -> 15280
A18: 14 | B18: MT HÀ NỘI 39 | C18: 4250 | D18: Xong | E18: 15h00 ngày 16/11 Bến 1 | G18: Dung Quất | H18: Long Bình | I18: 2200001190 - OTBD 2200001196 - OTBD | K18: BÌNH THƯỜNG | L18: MT Hà Nội
A19: 15 | B19: MT Hà Nội 07 | C19: 3000 | D19: Xong | E19: 02h15 ngày 18/11 Bến 01 | F19: Sáng ngày 19/11 | G19: Dung Quất | H19: Long Bình & Phú Mỹ | I19: 2200001196 - OTBD cân tải - (Long Bình) đã duyệt 2000001441 - SMCPM - 1000MT - Phú Mỹ 16.11 duyệt 2000001329 - POSCO 200MT - phú mỹ 17.11 duyệt 2000001434 - THE ONE 670T - phú mỹ 16.11 duyệt | J19: Dỡ Phú Mỹ trước, Tân Thuận sau => Xếp hàng OTBD trước | K19: HƠI GẤP | L19: MT Hà Nội
A20: 16 | B20: Hồng Lĩnh 01 | C20: 8000 | D20: Xong | E20: 01h30 ngày 17/11 Bến 05 | F20: Chiều ngày 19/11 | G20: Dung Quất | H20: Hải Phòng | I20: 2000001376 - NIPPON - 300T 2000001474 - nam phát 2000001473 - nam phát 2000001459 - nam phát 2200001183 - OTHY cân tải 1000mt | J20: cho tàu vào đi hôm nay đủ lệnh | K20: NHANH CHÚT | L20: Nam Phát
A21: 17 | B21: VINACOMIN CẨM PHẢ | C21: 6770 | D21: Xong | E21: 13h00 ngày18/11, Cập bến 3 | G21: Dung Quất | H21: Tân Thuận | I21: 2000001334 - SMCTT 2000MT (tân thuận) 2000001462 - NGUYỄN MINH - 1500T (tân thuận) 2000001483 - QH PLUS - 500T (tân thuận) 2200001200 - OTHY - 700T (Tân thuận) 2000001375 - ĐÔNG Á - 2000t 18.11 duyệt 2200001196 - OTBD cân tải 200mt - Tân Thuận | J21: cân đối vào làm trước 2900mt Lượng còn lại 17.11 duyệt | K21: HƠI GẤP | L21: Thiên Phúc | N21: =2000+2000+1000+200+670 -> 5870
A22: 18 | B22: Mạnh Thắng 68 | C22: 3940 | D22: Xong | E22: 12h40 ngày 21/11 Bến 1 | G22: Dung Quất | H22: Long An | I22: 2000001440 - VNO - 1500t - KHÔNG VƯỢT LỆNH 2000001485 - MOV 2000001486 - MOV 2000001476 - VNO - 700t - cân tải - CHỈ LÊN KHOẢNG 500T ĐỂ ĐỢI LỆNH MOV | J22: =C22-1500-1972 -> 468 | K22: CHẬM | L22: MT Hà Nội | N22: =1000+650+350+1500 -> 3500
A23: 19 | B23: Việt Thuận 11-02 | C23: 10200 | D23: xong | E23: 10h40 ngày 20/11 Bến 05 | G23: Dung Quất | H23: Hải Phòng | I23: 2000001454 - TVĐ 3800MT 21.11 duyệt 2000001487 - 800mt THACO 2000001478 - 1000T Thành Đạt 2200001197 - OTHY 500T 2200001194- NMCN cân tải | K23: BÌNH THƯỜNG | L23: Mạnh Thắng | N23: =3800+1300-10200 -> -5100
A24: 20 | B24: MT Hà Nội 39 | C24: 4250 | D24: Xong | E24: Ngày 23/11 Cập bến 1 | G24: Dung Quất | H24: Long Bình | I24: 2200001196 - OTBD | K24: BÌNH THƯỜNG | L24: MT Hà Nội
A25: 21 | B25: MT Hà Nội 07 | C25: 3000 | D25: Xong | E25: 14h00 25/11 Bến 1 | G25: Dung Quất | H25: Long Bình | I25: 2200001196 - OTBD | L25: MT Hà Nội
A26: 22 | B26: Việt Thuận 215-06 | C26: 16000 | D26: xong | E26: 07H30 24/11 cập cầu 5 | G26: Dung Quất | H26: Hải Phòng | I26: 2000001489 - THACO 500MT 2000001494 - KKBV 1300MT 2000001496 - KKBV - 200MT 2000001465 - TCĐ 1000MT 2200001193 - OTHY 3000T 2200001183 - OTHY 135T 2200001194 - NMCN 800T 2200001201 - THP 3000T 2200001203 - NMCN 4500T 2200001198 - OTHY 100T 2200001205 - NMCN - 2200T | J26: =500+1300+1000+3000+135+800+3000+4500+100+200 -> 14535 | L26: Mạnh Thắng
A27: 23 | B27: Hai Au 28 | C27: 5000 | D27: Xong | E27: kế hoạch 17h00 26/11 tàu cập câu 1 | G27: Dung Quất | H27: Jakarta/Subaraya | I27: 2400000023 - SI 3000MT (JKT) 2400000024 - SI 1000MT (Subaraya) 2400000025 - SI 500MT (Subaraya) 2400000026 - SI 500MT (JKT) | J27: Có nhãn phụ | K27: CHẬM | L27: Thái Sơn
A28: 24 | B28: VINACOMIN CẨM PHẢ | C28: 6771 | D28: xong | E28: 17h00 ngày 28/11 bến 5 | G28: Dung Quất | H28: Phú Mỹ | I28: 2000001370 - 6000MT CỦA SMCCK - cân tải 2000001433 - TLPM 1000MT chiều duyệt | L28: Thiên Phúc
A29: 25 | B29: Viễn Đông 88 | C29: 8075 | D29: Đang làm hàng | E29: 30/11 Bến 5 | G29: Dung Quất | H29: Hải Phòng | I29: 2000001406 - CTC 1500MT 2000001501 - MI (TP) 1800MT (1/12 duyệt) 2000001479 - HÙNG NGUYÊN 2000001419 - HÙNG NGUYÊN 2200001205 - NMCN 475MT 2000001464 - NIPPON - T6 DUYỆT 2000001504 - VINAS - 200t - mai duyệt 2000001448 - TMN cân tải (2000mt) (1/12 duyệt) - chưa Duyệt | L29: Mặt Trời | N29: =8075-1500-1800-2200-100-475 -> 2000
A30: 26 | B30: MT Hà Nội 07 | C30: 3000 | D30: Đang làm hàng | E30: 20h00 01/12 Bến 2 | G30: Dung Quất | H30: Long An/Long Bình | I30: 2000001491 - MITSUI (LONG AN) 2200001196 - OTBD 1770T (LONG BÌNH) 2200001204 - OTBD cân tải (LONG BÌNH) | L30: MT Hà Nội
A31: 27 | B31: MT Hà Nội 39 | C31: 4250 | D31: 20h00 30.11.22 | E31: 02/12 Bến 1 | G31: Dung Quất | H31: Tân Thuận | I31: 2000001502 - TĐA 2000001503 - JFE | J31: HÀNG MỚI SẢN XUẤT CHƯA LÀM ĐƯỢC, THỨ 6 LÀM | L31: MT Hà Nội
A32: 28 | B32: LIANSON DYNAMIC
A33: 29
A34: 30 | H34: Hải Phòng | I34: 2000001493 - KKBV 1500MT tuần sau mới lấy
H35: Tân Thuận | I35: Citicom 600mt Sunsco 300mt
I52: GHÉP HÀNG ĐI LONG AN - 500T - NGÀY 29/11 CÓ LỆNH

Sheet LỊCH TÀU - 06.22
A2: CẬP NHẬT TÌNH HÌNH XUẤT HÀNG HRC THÁNG 06/2022
C3: =SUBTOTAL(9,C7:C375) -> 192114 | I3: =TODAY() -> 45960
A4: STT | B4: Tàu | C4: KHỐI LƯỢNG | D4: CẬP NHẬT TÌNH HÌNH/ETA | E4: CẬP NHẬT ETB | F4: CẢNG XẾP | G4: CẢNG ĐẾN | H4: LỆNH XUẤT HÀNG | I4: GHI CHÚ | J4: ĐẠI LÝ | K4: KL | L4: TỔNG HỢP | M4: =SUM(M5:M10) -> 176641
A5: {=_xlfn.SEQUENCE(60,1,1,)} -> 1 | B5: Thành Đạt 228 | C5: 3200 | D5: Xong | E5: 19h00 ngày 31/05 Bến 1 | F5: Dung Quất | G5: Long Bình | H5: 2200001066 - OTBD Cân tải | J5: MT Hà Nội | K5: =C5 -> 3200 | L5: Mạnh Thắng | M5: =SUMIF($J:$J,L5,K:K) -> 26500
A6: 2 | B6: THÀNH ĐẠT 28 | C6: 3250 | D6: Xong | E6: Bến 1 | F6: Dung Quất | G6: Quy Nhơn | H6: 2000000998 - HSNH 3250MT | I6: Hàng ngày 29 trở về trước làm được rồi có cầu bến đẩy vô làm luôn | J6: Mặt Trời | K6: =C6 -> 3250 | L6: Nam Phát | M6: =SUMIF($J:$J,L6,K:K) -> 12300
A7: 3 | B7: Hiền Anh 688 | C7: 4060 | D7: Xong | E7: 0h00 ngày 02/06 Bến 2 | F7: Dung Quất | G7: PHÚ MỸ | H7: 2000000994 - POSCO - 1000T 2000000981 - TẤM LÁ 2200mt 2200001062 - OTHY đi PM 515mt 2000001006 - Nội Thất cân tải | I7: Hàng Hóa ok Còn lệnh 2*1006 Rel 4 rồi có cầu bến vô làm luôn | J7: Thiên Phúc | K7: =C7 -> 4060 | L7: Thiên Phúc | M7: =SUMIF($J:$J,L7,K:K) -> 45430
A8: 4 | B8: SFL HUDSON | C8: 15000 | D8: Xong | E8: 7h00 ngày 30/05 Bến 5/10 | F8: Dung Quất | G8: RAVENNA | H8: 2400000010 - MARCEGAGLIA | I8: Xuất 643 coils | J8: S&A | K8: =C8 -> 15000 | L8: Bình Sơn | M8: =SUMIF($J:$J,L8,K:K) -> 8361
A9: 5 | B9: Phú Minh 99 | C9: 3050 | D9: Xong | E9: 07h10 ngày 02/06 Bến 1 | F9: Dung Quất | G9: Miền Nam | H9: 2200001066 - OTBD 1000mt 2200001068 - OTBD cân tải | J9: Mặt Trời | K9: =C9 -> 3050 | L9: MT Hà Nội | M9: =SUMIF($J:$J,L9,K:K) -> 41050
A10: 6 | B10: Nam Phát 18 | C10: 1150 | D10: Xong | E10: 14h00 ngày 02/06 Bến 3 | F10: Dung Quất | G10: Hải Phòng | H10: 2200001060 - THP 1150mt 2.00x1232 ưu tiên, xuất hết hàng 1270 | I10: Hàng hóa ok + Cầu trống đẩy vô | J10: Nam Phát | K10: =C10 -> 1150 | L10: Mặt Trời | M10: =SUMIF($J:$J,L10,K:K) -> 43000
A11: 7 | B11: Hoàng Anh 68 | C11: 4000 | D11: Xong | E11: 18h30 ngày 02/06 Bến 2 | F11: Dung Quất | G11: Hải Phòng | H11: 2200001071 - NCMN | I11: Hàng hóa ok + Cầu trống đẩy vô | J11: MT Hà Nội | K11: =C11 -> 4000
A12: 8 | B12: Minh Khánh 25 | C12: 3400 | D12: Xong | E12: 22h15 ngày 02/06 Bến 1 | F12: Dung Quất | G12: Miền Nam | H12: 2200001047 - OTHY đi Tân Thuận 2200001048 - OTHY đi Tân Thuận | I12: Hàng hóa ok + Cầu trống đẩy vô | J12: Mạnh Thắng | K12: =C12 -> 3400
A13: 9 | B13: Minh Tân 68 | C13: 3800 | D13: Xong | E13: 09h00 ngày 03/06 Bến 2 | F13: Dung Quất | G13: Hải Phòng | H13: 2200001071 - NCMN | I13: Hàng hóa ok + Cầu trống đẩy vô | J13: Thiên Phúc | K13: =C13 -> 3800
A14: 10 | B14: Bình Sơn 76 | C14: 2787 | D14: Xong | E14: 11h00 ngày 03/06 Bến 1 | F14: Dung Quất | G14: Hải Phòng | H14: 2200001060 - THP 2787MT | I14: Hàng hóa ok + Cầu trống đẩy vô | J14: Bình Sơn | K14: =C14 -> 2787
A15: 11 | B15: Ninhco 66 | C15: 3750 | D15: Xong | E15: 0h00 ngày 04/06 Bến 2 | F15: Dung Quất | G15: Thiên Lộc Thành | H15: 2000001018 - TÂY NAM (2.00x1212) 2000000992 - TÂY NAM (2.30x1212) (Cân Tải) | J15: Mạnh Thắng | K15: =C15 -> 3750
A16: 12 | B16: Thắng Lợi 89 | C16: 4350 | D16: Xong | E16: 02h00 ngày 04/06 Bến 1 | F16: Dung Quất | G16: Hải Phòng | H16: 2200001069 - OTHY | J16: Thiên Phúc | K16: =C16 -> 4350
A17: 13 | B17: Minh Khánh 86 | C17: 3550 | D17: Xong | E17: 04h30 ngày 04/06 Bến 3 | F17: Dung Quất | G17: Miền Nam | H17: 2200001068 - OTBD không xuất hàng trên list thông tin nhanh | J17: Mạnh Thắng | K17: =C17 -> 3550
A18: 14 | B18: Phương Nam 88 | C18: 4500 | D18: Xong | E18: 14h00 ngày 04/06 Bến 2 | F18: Dung Quất | G18: Hải Phòng | H18: 2200001071 - NCMN 2325T 2200001069 - OTHY cân tải | I18: Hàng hóa ok + Cầu trống đẩy vô | J18: Mạnh Thắng | K18: =C18 -> 4500
A19: 15 | B19: PHƯƠNG NAM 145 | C19: 4600 | D19: Xong | E19: 16h30 ngày 04/06 Bến 1 | F19: Dung Quất | G19: Hải Phòng | H19: 2200001069 - OTHY 2400T 2200001060 - THP 2200MT | I19: Hàng hóa ok + Cầu trống đẩy vô | J19: Nam Phát | K19: =C19 -> 4600
A20: 16 | B20: An Bình 99 | C20: 3500 | D20: Xong | E20: 13h20 ngày 05/06 Bến 2 | F20: Dung Quất | G20: Hải Phòng | H20: 2200001069 - OTHY (Hết mapping) 2200001060 - THP Cân tải | I20: Hàng hóa ok + Cầu trống đẩy vô | J20: MT Hà Nội | K20: =C20 -> 3500
A21: 17 | B21: Thành Đạt 28 | C21: 3250 | D21: Xong | E21: 22h50 ngày 05/06 Bến 1 | F21: Dung Quất | G21: Quy Nhơn | H21: 2000000997 - HSNH 3200MT | I21: tàu này quay lại lấy hàng HRC, ưu tiên xuất nhé Hàng hóa ok rồi ấy. Tàu vô thì đẩy làm luôn đi | J21: Mặt Trời | K21: =C21 -> 3250
A22: 18 | B22: Ninhco 66 | C22: 4300 | D22: Xong | E22: 20h45 ngày 05/06 Bến 5 | F22: Dung Quất | G22: Hải Phòng | H22: 2200001060 - THP 4300MT | I22: 1K hàng ngày ca 2 ngày 03/06 1K hàng ca 1 ngày 04/06 | J22: Mặt Trời | K22: =C22 -> 4300
A23: 19 | B23: Duy Hoàng 99 | C23: 3280 | D23: Xong | E23: 13h30 ngày 06/06 Bến 2 | F23: Dung Quất | G23: Miền Nam | H23: 2200001068 - OTBD không xuất hàng trên list thông tin nhanh | I23: Hàng hóa okay. Tàu đến cho vô làm hàng | J23: Mặt Trời | K23: =C23 -> 3280
A24: 20 | B24: Bình Sơn 79 | C24: 2787 | D24: Xong | E24: 21h15 ngày 06/06 Bến 1 | F24: Dung Quất | G24: Hải Phòng | H24: 2200001060 - THP 2787MT | J24: Bình Sơn | K24: =C24 -> 2787
A25: 21 | B25: Đạt Anh 27 | C25: 3030 | D25: Xong | E25: 04h30 ngày 08/06 Bến 1 | F25: Dung Quất | G25: Miền Nam | H25: 2200001068 - OTBD không xuất hàng trên list thông tin nhanh | J25: Mặt Trời | K25: =C25 -> 3030
A26: 22 | B26: Hải An 36 | C26: 3400 | D26: Xong | E26: 04h30 ngày 09/06 Bến 3 | F26: Dung Quất | G26: Miền Nam | H26: 2200001068 - OTBD không xuất hàng trên list thông tin nhanh | J26: MT Hà Nội | K26: =C26 -> 3400
A27: 23 | B27: Hải Long 27 | C27: 4700 | D27: Xong | E27: 13h00 ngày 10/06 Bến 1 | F27: Dung Quất | G27: Phú Mỹ | H27: 2400000008 - GS Global 1926mt 2000001003 - Nam Hưng 2800mt | I27: Hàng đơn XK cắt trước, đơn Nam Hưng cắt sau | J27: MT Hà Nội | K27: =C27 -> 4700
A28: 24 | B28: Phương Nam 98 | C28: 4720 | D28: Xong | E28: 09h00 ngày 10/06 Bến3 | F28: Dung Quất | G28: Hải Phòng | H28: 2200001060 - THP 1731mt 2000001019 - IPC 1000MT 2200001073 - 800mt 2200001017 - OTHY 1200MT cân tải nhé HUY | I28: Cần chuyển 1 ít hàng của 20*1013 sang 20*1019 | J28: Thiên Phúc | K28: =C28 -> 4720
A29: 25 | B29: Phú Minh 99 | C29: 2910 | D29: Xong | E29: 12h30 ngày 11/06 Bến 1 | F29: Dung Quất | G29: Thiên Lộc Thành | H29: 2000000992 - TÂY NAM (900T) 2000000989 - VINAONE ( 500T) 2000000990 - TÂY NAM (1000T) 2000001020 - METAL ONE (300T) 2000001018 - cân tải | I29: TÀU NÀY GẤP ĐÃ HẾT HÀNG KHÔNG MAP THÊM ĐƯỢC, BẮT TÀU ĐI THÔI | J29: Mặt Trời | K29: =C29 -> 2910
A30: 26 | B30: THÀNH ĐẠT 28 | C30: 3250 | D30: Xong | E30: 11h50 ngày 11/6 Bến 3 | F30: Dung Quất | G30: Hải Phòng | H30: 2000001024 - TMN 2300 (cân tải) 2000001016 - KKVN 1000mt | I30: có thể cho vào làm trước hàng của minh ngọc KKVN chắc chắn chiều nay có LC | J30: Mặt Trời | K30: =C30 -> 3250
A31: 27 | B31: Minh Tiến 99 | C31: 3600 | D31: Xong | E31: 04h15 ngày 12/06 Bến 1 | F31: Dung Quất | G31: Hải Phòng | H31: 2000001024 - TMN 3600mt | I31: Lệnh này đã NK thì có 5K4 đi trên con Thành Đạt 2K3 thì còn lại 3K1 hàng ngày 09/06 trở về trước và chờ sáng mai Nk thêm 500T hàng ca 1 ngày 10/06 nữa là đủ tải. | J31: Nam Phát | K31: =C31 -> 3600
A32: 28 | B32: HOẢNG BẢO 68 | C32: 1900 | D32: Xong | E32: 08h40 ngày 12/06 Bến 3 | F32: Dung Quất | G32: Hải Phòng | H32: 2000001025 - TCĐ 1900MT | I32: Hàng hóa/ lệnh ok rồi ấy đẩy vô làm | J32: Thiên Phúc | K32: =C32 -> 1900
A33: 29 | B33: Minh Khánh 79 | C33: 4000 | D33: Xong | E33: 19h00 ngày 12/06 Bến 3 | F33: Dung Quất | G33: Miền Nam | H33: 2000001027 - Nam Kim | I33: Hàng hóa/ lệnh ok rồi ấy đẩy vô làm | J33: Mạnh Thắng | K33: =C33 -> 4000
A34: 30 | B34: Hải Hà 268 | C34: 3150 | D34: Xong | E34: 9h10 ngày 13/06 Bến 1 | F34: Dung Quất | G34: Hải Phòng | H34: 2000001024 - TMN 3150MT | J34: Thiên Phúc | K34: =C34 -> 3150
A35: 31 | B35: Á Châu 16 | C35: 3750 | D35: Xong | E35: 10h20 ngày 13/06 Bến 3 | F35: Dung Quất | G35: Miền Nam | H35: 2000001017 - Việt Thành 2950mt 2000000982 - Indeco - 500mt - Duyệt Lệnh 2200001068 - OTBD 300MT - đi hàng 2.95 -3.00 | I35: 1068: XUẤT 2.95-3.00MM ~ 300MT | J35: Mạnh Thắng | K35: =C35 -> 3750
A36: 32 | B36: Thành Đạt 128 | C36: 3100 | D36: Xong | E36: 19h30 ngày 13/06 Bến 3 | F36: Dung Quất | G36: Hải Phòng | H36: 2000001025 - TCĐ 1600mt 2000001012 - TVĐ 1500MT | I36: mn cho vào làm đi ạ Hàng/ Lệnh ok | J36: MT Hà Nội | K36: =C36 -> 3100
A37: 33 | B37: Minh Khánh 86 | C37: 3550 | D37: Xong | E37: 03h00 ngày 15/06 Bến 3 | F37: Dung Quất | G37: Miền Nam | H37: 2000001015 - SUNCO (KH này claim nhiều) 2000001028 - KỲ ĐỒNG (1000T) 2000001030 - NGUYỄN MINH (1000T) 2000001029 - SAKAI (300T) - chưa duyệt 2000001042 - CTC 200MT 2000001040 - kỳ Đồng - chỉ xuất khi cần cân tải | J37: Mạnh Thắng | K37: =C37 -> 3550
A38: 34 | B38: Duy Hoàng 99 | C38: 3250 | D38: Xong | E38: 05h00 ngày 15/06 Bến 3 | F38: Dung Quất | G38: Miền Nam | H38: 2000001040 - kỳ Đồng 2000001044 - kỳ đồng - TỔNG 2 LỆNH TẦM 1350 2000001002 - Tiến Lên 1900 | I38: Hàng hóa/ Lệnh ok Có 1K hàng ca 1 ngày 12/06 thôi cho vào làm đi | J38: Mặt Trời | K38: =C38 -> 3250
A39: 35 | B39: Minh Tiến 26 | C39: 4300 | D39: Xong | E39: 17h10 ngày 15/06 Bến 1 | F39: Dung Quất | G39: Hải Phòng | H39: 2000001013 - OTVĐ 2900MT 2000001012 - TVĐ 1500MT | I39: Hàng hóa ok + Lệnh ok | J39: Mặt Trời | K39: =C39 -> 4300
A40: 36 | B40: Thành Đạt 328 | C40: 2950 | D40: Xong | E40: 03h00 ngày 16/06 Bến 3 | F40: Dung Quất | G40: Hải Phòng | H40: 2000001024 - TMN 950mt 2000001032 - hùng nguyên (950t) 2000001034- Amecc 850mt - sáng16/6 duyệt lệnh 2200001045 - OTHY cân tải | I40: Hàng hóa ok Lệnh 2*1034 Note sáng duyệt thì cho tàu vô làm dần được rồi | J40: MT Hà Nội | K40: =C40 -> 2950 | L40: =C40-(950+950+850) -> 200
A41: 37 | B41: Bình Sơn 76 | C41: 2787 | D41: Xong | E41: 13h00 ngày 16/06 Bến 3 | F41: Dung Quất | G41: Hải Phòng | H41: 2000001026 - TCĐ 1450mt 2000001045 - Nhật Quang 1000mt 2000001036 - NIPPON (225t) 2000001048 - NIPPON (100t) | I41: Hàng hóa ok / Lệnh ok | J41: Bình Sơn | K41: =C41 -> 2787 | L41: =1450+1000+325 -> 2775
A42: 38 | B42: Hoàng Bách 01 | C42: 1920 | D42: Xong | F42: Dung Quất | G42: Hải Phòng | H42: 2000001031 - Marubeni (NAP) 1000MT - Lệnh ok 2200001045 - OTHY 440T 2200001075 - THP cân tải | J42: Mặt Trời | K42: =C42 -> 1920
A43: 39 | B43: ITASCO 25 | C43: 4700 | D43: Xong | E43: 20h00 ngày 16/06 Bến 5 | F43: Dung Quất | G43: Mipec | H43: 2000001014 - OT190 (900MT) 2000001046 - CITICOM 200MT - chỉ xuất hàng 7.8 và 9.8 2200001045 - OTHY 700MT 2000000948 - KKBV (2960mt) - đang bên kế toán rồi | I43: Cầu bến trống cho tàu vào làm hàng đi Làm kế hoạch gấp giúp em ạ. | J43: Thiên Phúc | K43: =C43 -> 4700
A44: 40 | B44: QN 6378 | C44: 3200 | D44: Xong | E44: Tàu dỡ đá tối nay mới SS nhận hàng | F44: Dung Quất | G44: Hải Phòng | H44: 2000001035 - Minh Phú 1900T 2000001053 - Minh Phú 1100T 2200001075 - THP cân tải | I44: Lệnh 20*1053 có 600T ca 1 ngày 15/06 còn lại hàng hóa ok hết Duyệt lệnh Huy ơi Huy | J44: MT Hà Nội | K44: =C44 -> 3200
A45: 41 | B45: Phú Minh 99 | C45: 2910 | D45: Xong | E45: Đợi đến 20.6 vì có đơn chậm | F45: Dung Quất | G45: Phú Mỹ | H45: 2000001006 - Nội thất The One 580mt xuất hết mapping 2000000987 - SMCCK cân tải (chiều muộn mới duyệt đc lệnh) | I45: Tàu chấp nhận đợi | J45: Mặt Trời | K45: =C45 -> 2910
A46: 42 | B46: Hùng Khánh 10 | C46: 4900 | D46: Xong | E46: Bến 3 | F46: Dung Quất | G46: Hải Phòng | H46: 2200001080 - OTHY 4900mt | J46: Thiên Phúc | K46: =C46 -> 4900
A47: 43 | B47: An Trung 46 | C47: 2950 | D47: Xong | E47: Bến 3 | F47: Dung Quất | G47: Hải Phòng | H47: 2200001080 - OTHY 2950mt | J47: Nam Phát | K47: =C47 -> 2950
A48: 44 | B48: Vinh Hiển 68 | C48: 3800 | D48: Xong | E48: 14h00 ngày 26/06 Bến 3 | F48: Dung Quất | G48: Cẩm Nguyên | H48: 2200001074 - OTHY 2200001083 - OTBD | I48: Hàng hóa ok - cho tàu vào | J48: MT Hà Nội | K48: =C48 -> 3800
A49: 45 | B49: Thành Đạt 328 | C49: 2950 | D49: Xong | E49: 23h00 ngày 26/06 Bến 2 | F49: Dung Quất | G49: Hải Phòng | H49: 2200001081 - NMCN 2950mt | I49: Lệnh/Hàng ok - Cho tàu vào | J49: MT Hà Nội | K49: =C49 -> 2950
A50: 46 | B50: Minh Quang 06 | C50: 5300 | D50: Xong | E50: 07h15 ngày 27/06 Bến 3 | F50: Dung Quất | G50: Miền Nam | H50: 2200001082 - OTBD | I50: Lệnh/Hàng ok - Cho tàu vào | J50: Thiên Phúc | K50: =C50 -> 5300
A51: 47 | B51: Phương Nam 88 | C51: 4500 | D51: Xong | E51: 04h20 - 28.06.22 Lot Bến 2 | F51: Dung Quất | G51: Hải Phòng | H51: 2200001081 - NMCN 4500mt | I51: Lệnh/Hàng ok - Cho tàu vào | J51: Thiên Phúc | K51: =C51 -> 4500
A52: 48 | B52: Đạt Anh 27 | C52: 3050 | D52: Xong | E52: 00h45 - 28.06.22 Bến 3 | F52: Dung Quất | G52: Hải Phòng | H52: 2200001050 - OTHP 3050MT (cân tải) - lệnh ok | I52: Lệnh/Hàng ok - Cho tàu vào | J52: Mặt Trời
A53: 49 | B53: Thành Đạt 128 | C53: 3050 | D53: Xong | E53: 05h00 ngày 29/06 Bến 1 | F53: Dung Quất | G53: Hải Phòng | H53: 2200001081 - NMCN 3050mt | I53: Lệnh/Hàng ok - Cho tàu vào | J53: MT Hà Nội | K53: =C53 -> 3050
A54: 50 | B54: QN 6378 | C54: 3200 | D54: Xong | E54: 06h30 ngày 29/06 Bến 2 | F54: Dung Quất | G54: Hải Phòng | H54: 2200001081 - NMCN 1750mt (hết mapping) 2200001080 - OTHY 90T 2200001050 - OTHY (cân tải) - lệnh ok | I54: Hàng hóa ok / Cho tàu vô làm | J54: MT Hà Nội | K54: =C54 -> 3200
A55: 51 | B55: Hải An 36 | C55: 3400 | D55: Xong | E55: 21h15 ngày 29/06 Bến 2 | F55: Dung Quất | G55: Miền Nam | H55: 2200001082 - OTBD | J55: MT Hà Nội
A56: 52 | B56: Duy Hoàng 99 | C56: 3260 | D56: Xong | E56: 16h00 ngày 30/06 Bến 1 | F56: Dung Quất | G56: Tân Thuận | H56: 2000001064 - Lê phan gia - 1600 2000001070 - kỳ đồng - 550 2200001070 - OTHY 550T 2200001046 - OTBD 250T 2200001068 - OTBD Cân tải | J56: Mặt Trời
A57: 53 | B57: Minh Tiến 26 | C57: 4300 | D57: Xong | E57: 12h30 ngày 01/07 Bến 3 | F57: Dung Quất | G57: Hải Phòng | H57: 2000001043 - Nam Phát 1000mt - Lệnh hàng ok 2000001052 - Tấn Phát 400mt - Lệnh hàng ok 2000001069 - HÙNG NGUYÊN (600T) - Lệnh chưa duyệt / Hải Anh 2200001050 - THP 2900MT (cân tải) okay | I57: Hùng Nguyên vẫn chưa duyệt nha. Cho thời gian luôn Hải Anh - chiều nay duyệt | J57: Mặt Trời | K57: =C57 -> 4300
A58: 54 | B58: Hiền Anh 688 | C58: 4050 | D58: Xong | E58: 12h00 ngày 01/07 Bến 2 | F58: Dung Quất | G58: Phú Mỹ | H58: 2000001047 - TLPM - Lệnh/Hàng ok | J58: Thiên Phúc | K58: =C58 -> 4050
A59: 55 | H59: 2000000966 - Quang Mười - 1060 (hủy)
A60: 56
A61: 57 | H61: Kế Hoạch Tàu Tháng 07 đình trệ hết rồi hả mn! Phản hồi đi mn ơi!
A62: 58
A63: 59
A64: 60
H65: 7.7777778e+52
B84: Trường An 126 | C84: hủy | D84: 02.06.2022 | F84: Dung Quất | G84: Hải Phòng | H84: 2200001071 - NCMN | I84: đổi sang Minh Tân | J84: Thiên Phúc | K84: =C84 -> hủy
B85: Công Thành 09 | D85: 05.06.2 | F85: Dung Quất | G85: Hải Phòng | J85: Mặt Trời
B86: Vinh Hiển 69 | C86: HỦY | E86: Hủy | F86: Dung Quất | G86: Miền Nam | J86: MT Hà Nội | K86: =C86 -> HỦY

Sheet LỊCH TÀU - 10.2022
A2: CẬP NHẬT TÌNH HÌNH XUẤT HÀNG HRC THÁNG 10/2022
C3: =SUBTOTAL(9,C5:C309) -> 300270 | J3: =TODAY() -> 45960
A4: STT | B4: Tàu | C4: KHỐI LƯỢNG | D4: CẬP NHẬT TÌNH HÌNH/ETA | E4: CẬP NHẬT ETB | F4: Thời gian làm hàng dự kiến | G4: CẢNG XẾP | H4: CẢNG ĐẾN | I4: LỆNH XUẤT HÀNG | J4: GHI CHÚ | K4: Mức độ | L4: ĐẠI LÝ | M4: KL | N4: TỔNG HỢP | O4: =SUM(#REF!) -> #REF!
A5: {=_xlfn.SEQUENCE(60,1,1,)} -> 1 | B5: Việt Thuận 169 | C5: 16000 | D5: Xong | E5: 09h00 ngày 29/09 Bến 05 | G5: Dung Quất | H5: Hải Phòng | I5: 2000001326 - Phú Nam 1500MT 2000001304 - Hùng Nguyên - 1700t 2000001290 - Vinas - 900t - T2 DUYỆT 2000001337 - vinas - 100t - T2 DUYỆT 2200001128 - OTHY 800mt 2200001141 - NMCN 600MT 2000001335 - PVX 2270MT (xuất hết mapping) 2200001142 - OTHY 4000T 2200001143 - THP 2400T 2200001134 - OTHY cân tải | J5: làm hàng nhanh nhất có thể để về HP trả hàng gấp làm chậm sẽ bị vướng gió mùa, tàu ko về đc HP | L5: Mạnh Thắng | N5: =C5-2270-1500-1972-4800-1700-1000 -> 2758
A6: 2 | B6: Việt Thuận 215-06 | C6: 16000 | D6: Xong | E6: 13h05 ngày 30/09 Bến 06 | G6: Dung Quất | H6: Hải Phòng | I6: 2000001171 - KKBV 2000MT (ko giao vượt lượng) 2000001355 - KKBV 1400MT - Đang sản xuất chưa đủ 2000001353 - OTTP 2000MT 2200001134 - OTHY 3300T 2200001146 - NMCN 7000T | J6: =16000-2000-1400-2000-3300-7000 -> 300 | L6: Mạnh Thắng
A7: 3 | B7: Việt Thuận 11-02 | C7: 10200 | D7: Xong | E7: 00h00 ngày 30/09 Bến 05 | G7: Dung Quất | H7: Tân Thuận + Phú Mỹ | I7: 2000001110 - SMCCK 2975MT gấp - phú mỹ 2000001277 - Tấm Lá 1000MT - phú mỹ - gấp 2000001349 - Tấm Lá 1000MT - phú mỹ - gấp 2000001347 - QH PLUS - 3000t - tân thuận 2000001321 - VISA - 1000T - tân thuận 2200001118 - OTBD 650MT (cấp hết lệnh hàng cũ mác SPAH) - tân thuận 2200001140 - OTBD Cân tải - tân thuận | J7: Lashing chú ý để tàu đi 2 cảng k cần lashing lại tại POD | L7: Mạnh Thắng | N7: =C7-3100-3000-1000-2000 -> 1100
A8: 4 | B8: MT Hà Nội 39 | C8: 4250 | D8: Xong | E8: 05h00 ngày 03/10 Bến 01 | G8: Dung Quất | H8: Thiên Lộc Thành & Cẩm Nguyên | I8: 2000001330 - vts (vinaone) - Lệnh hàng okay 2000001340 - TVP 1300mt | J8: Lashing chú ý để tàu đi 2 cảng k cần lashing lại tại POD | L8: MT Hà Nội
A9: 5 | B9: Việt Thuận 12-01 | C9: 11800 | D9: Xong | E9: 11h30 ngày 03/10 Bến 06 | G9: Dung Quất | H9: Hải Phòng | I9: 2000001255 - TCĐ 3000 MT 2200001139 - THP cân tải (tháng 10 mới đc cắt hàng) đi hàng 2.45 => 2.00x1212 | L9: Mạnh Thắng
A10: 6 | B10: TAY SON 4 | C10: 5000 | D10: Xong | E10: 10h15 ngày 03/10 Bến 05 | G10: Dung Quất | H10: Jakarta | I10: 2400000020 - Arcelor Mittal (xuất 235 cuộn) | J10: LASHING XUẤT KHẨU NHÉ HẢI ANH | L10: Ageline
A11: 7 | B11: Việt Thuận 168 | C11: 16300 | D11: Xong | E11: 11h00 ngày 04/10 Bến 05 | G11: Dung Quất | H11: Hải Phòng | I11: 2000001354 - MINH PHÚ 1200mt 2000001243 - TVD 3000MT 2000001244 - OTVD 2500MT 2000001356 - Nhật Quang 1000MT 2000001311 - Trường Thành 1000MT 2000001275 - Phúc Tiến 500MT 2000001371 - NAM PHÁT - 100T 2200001139 - THP cân tải - cắt hết lệnh này ở trên VT168 trc 2000001309 - NIPPON 300T - Mai Duyệt - xuất đúng mapping | L11: Mạnh Thắng | N11: =1200+3000+2500+1000+1000+500+300 -> 9500
A12: 8 | B12: Vinacomin Cẩm Phả | C12: 6770 | D12: Xong | E12: 11h30 ngày 06/10 Bến 05 | G12: Dung Quất | H12: Hải Phòng | I12: 2200001149 - OTHY 2300MT (lệnh cân tải) 2000001344 - THACO - 800MT - ko xuất vượt tổng lệnh 2200001139 - THP (nếu còn thì cắt lệnh này) 2000001364 - MI (Việt Nhật) - 1800mt đã duyệt 2000001366 - MI (VN) - 1000mt (chiều muộn ngày 07.10 duyệt) 2000001367 - Minh Phú (1000mt) | J12: lại phải làm hàng nhanh để tránh gió mùa | L12: Thiên Phúc
A13: 9 | B13: Mạnh Thắng 68 | C13: 3940 | D13: Xong | E13: 13h00 ngày 08/10 Bến 2 | G13: Dung Quất | H13: Phú Mỹ/Long Bình | I13: 2000001246 - SMCCK 3000MT 2200001140 - OTBD 680T 2200001147 - OTBD Cân tải | J13: Lashing chú ý để tàu đi 2 cảng k cần lashing lại tại POD | L13: MT Hà Nội
A14: 10 | B14: MT Hà Nội 39 | C14: 4250 | D14: Xong | E14: 22h10 ngày 10/10 Bến 1 | G14: Dung Quất | H14: Thiên Lộc Thành | I14: 2000001382 - MOV 2000001381 - MOV 2000001387 - TN 2000001388 - TN - Cân Tải | L14: MT Hà Nội
A15: 11 | B15: Việt Thuận 215-06 | C15: 16000 | D15: Xong | E15: 12h00 ngày 08/10 Bến 05 | G15: Dung Quất | H15: Tân Thuận | I15: 2000001237 - NAM KIM - 1950 2000001372 - NAM KIM T10 - 4900 2000001359 - ĐÔNG Á - 2450 - 1K5 đang sản xuất mùng 10 mới NK 2000001361 - NGUYỄN MINH - 1950 2000001297 - Sunsco 300mt (ra hóa đơn ngày 10/10, trước 16h) 2000001374 - đông á (4450t) | J15: GIAO ÂM CÁC LỆNH, ĐẢM BẢO LÊN ĐỦ DUNG SAI CÁC MÁC | L15: Mạnh Thắng | N15: =C15-1950-4900-2450-1950-300 -> 4450
A16: 12 | B16: Việt Thuận 215-05 | C16: 16000 | D16: Xong | E16: 16h00 ngày 09/10 Bến 05 | G16: Dung Quất | H16: Hải Phòng | I16: 2000001316 - VINAS 3000MT - 10.10 duyệt 2000001365 - MI 3200MT (Việt Nhật) - 10.10 duyệt lệnh 2200001150 - OTHY 2800T 2000001360 - TCĐ 5000T 2000001357 - Trường Thành 300MT 2200001149 - OTHY 70T 2000001377 - TMP 1900T cân tải | J16: Thiếu tải bố sung lệnh đi mn | L16: Mạnh Thắng | N16: =C16-3000-3200-2800-5000-300 -> 1700
A17: 13 | B17: Việt Thuận 11-02 | C17: 10200 | D17: xong | E17: 19h55 ngày 12/10 Bến 05 | G17: Dung Quất | H17: Phú Mỹ/Tân Thuận | I17: 2400000018 - GS 1642MT - phú mỹ 2400000019 - GS 218MT - phú mỹ 2000001287 - THEONE 480T - phú mỹ 2000001318 - citicom 300mt (10/10 duyệt lệnh) - tân thuận 2000001384 - ĐÔNG Á 3800MT - đi đủ dung sai các mác - 12.10 duyệt - tân thuận 2000001385 - JFE - 3000t - 12.10 duyệt - tân thuận 2200001147 - OTBD -cân tải - tân thuận không xuất hàng 2.00x1250 và 2.75x1234 | J17: Lashing chú ý để tàu đi 2 cảng k cần lashing lại tại POD | L17: Mạnh Thắng | N17: =C17-3000-3800-300-1642-218-480 -> 760
A18: 14 | B18: Mạnh Thắng 68 | C18: 3940 | D18: Xong | E18: 05h00 ngày 16/10 Bến 1 | G18: Dung Quất | H18: Long Bình | I18: 22000001147 - OTBD đi hết hàng 2.00x1250, 2.75x1234 | L18: MT Hà Nội | N18: =C18-1550-150-1500 -> 740
A19: 15 | B19: Việt Thuận HN - 01 | C19: 6000 | D19: Xong | E19: 19h00 ngày 15/10 Bến 3 | G19: Dung Quất | H19: Thiên Lộc Thành | I19: 2000001410 - VNO 2000001338 - VNO 2000001414 - VNO 2000001388 - TN - 3600t - cân tải hàng 2.00 | J19: KHÔNG XUẤT VƯỢT LỆNH | L19: Thiên Phúc | N19: =C19-3500 -> 2500
A20: 16 | B20: Việt Thuận 235-02 | C20: 16000 | D20: Xong | E20: 23h10 ngày 16/10 Bén 05 | G20: Dung Quất | H20: Hải Phòng | I20: 1600T hàng gửi kho OTHY - Theo List hàng đã gửi Anh Danh 2200001151 - OTHY 1300T 2200001152 - THP 320T 2000001378 - TMP 2000T 2000001379 - TMP 400T 2000001377 - TMP chắc còn khoảng 300mt (đi hết mapping) 2200001154 - OTHY 1800T 2200001155 - NMCN 1000T 2200001156 - OTHY 3000T 2200001162 - NMCN 48T 2000001413 - KN 2000mt 2000001405 - CTC 1400MT 2200001164 - OTHY 540T 2200001169 - OTHY cân tải | L20: Mạnh Thắng | N20: =1600+1300+320+2000+400+1800+1000+3000+48+2000+300+1400 -> 15168
A21: 17 | B21: MT Hà Nội 39 | C21: 4250 | D21: Xong | E21: 21h00 ngày 20/10 Bến 1 | G21: Dung Quất | H21: Long Bình | I21: 2200001153 - OTBD 2200001157 - OTBD cân tải | J21: =2650+2500 -> 5150 | L21: MT Hà Nội
A22: 18 | B22: Vinacomin Cẩm Phả | C22: 6700 | D22: Đang làm hàng | E22: 09h00-20/10/2022 Bến 05 | G22: Dung Quất | H22: Tân Thuận | I22: 2000001383 - Tiến Lên 2000MT 2000001312 - SEAH - 2462MT - eteket phải đúng tên SEAH 2000001396 - QUANG MƯỜI -1000T - trong kho ưu tiên xuất cho rộng 2200001157 - OTBD - cân tải | J22: Điền lệnh đi mn check hàng cái | L22: Thiên Phúc | N22: =C22-2000-2460-1000 -> 1240
A23: 19 | B23: TAY SON 1 | C23: 10000 | D23: Đang làm hàng | E23: 13h45 ngày 20/10 Bến 5 | G23: Dung Quất | H23: Jakarta | I23: 2400000021 - AMI 10KT | L23: Ageline
A24: 20 | B24: Mạnh Thắng 68 | C24: 3940 | D24: Xong | E24: 10h00 ngày 23/10 Bến 05 | G24: Dung Quất | H24: Thiên Lộc Thành | I24: 2000001388 - TÂY NAM - 650t 2000001339 - VINANONE (189A) 2000001427 - VNO (189D) 2000001412 - VNO (189D) 2000001411 - VNO (189D) 2000001428 - VNO (303B) 2000001380 - VNO (232C) 2000001429 - TÂY NAM - CÂN TẢI | J24: KHÔNG VƯỢT LỆNH | L24: MT Hà Nội | N24: =C24-650-2550 -> 740
A25: 21 | B25: Việt Thuận 215-06 | C25: 16000 | D25: Xong | E25: 20h30 ngày 22/10 Bến 06 | G25: Dung Quất | H25: Hải Phòng | I25: 2000001394 - HÙNG NGUYÊN - 3KT - 24/10 - Chưa Duyệt 2000001416 - MỸ VIỆT - 2KT - HÀNG 2.00 - ưu tiên đi trước 2000001368 - TVD 3000MT 2000001369 - OTVD 2500MT 2000001409 - Tấn Phát 1300MT - ưu tiên đi trước 2000001425- Trường Thành 300MT 2200001169 - OTHY 900MT 2000001421 - Thép Minh Phú 2000mt 24/10 duyệt 2000001431 - VINAS (HÀNG 5.8 VÀ 7.8 BỎ LẠI 1 CỤC) | L25: Mạnh Thắng | N25: =2000+3000+2500+1300+300+900 -> 10000
A26: 22 | B26: MT Hà Nội 07 | C26: 3000 | D26: Xong | E26: 18h00 ngày 26/10 Bến 05 | G26: Dung Quất | H26: CẨM NGUYÊN | I26: 2000001424 - Indeco 150 MT 2000001350 - Indeco - 1550MT 2000001395 - Toàn Thắng 1000 MT - 18/10 duyệt 2200001161 - OTBD - 350mt (cân tải) | J26: ĐẨY NHANH HẾT TỐC CHO CON NÀY GIẢI THOÁT VỚI | L26: MT Hà Nội
A27: 23 | B27: Việt Thuận 169 | C27: 16000 | D27: Xong | E27: 21h00 ngày 25/10 Bến 06 | G27: Dung Quất | H27: Hải Phòng | I27: 2000001420 - TMP 1000T - lên trước 2000001422 - TMP 2000T - lên trước 2200001173 - OTHY 1150T 2200001174 - OTHY 2700T 2200001177 - NMCN 4500T 2000001438 - Trường Thành 100MT hàng 3.2 2200001170 - THP cân tải chỉ đi hàng 1212 (2.15-> 2.45 ->2.25-> 2.00) | J27: Cho làm hàng | L27: Mạnh Thắng
A28: 24 | B28: Việt Thuận 11-02 | C28: 10200 | D28: Xong | E28: 20h50 ngày 26/10 Bến 03 | F28: Sáng 30/10 | G28: Dung Quất | H28: Phú Mỹ/Tân Thuận | I28: 2000001285 - SMCCK 4950MT 2000001404 - PVX 950MT 26/10 duyệt 2200001157 - OTBD - 1330T 2200001161 - OTBD 430-450mt (hết mapping) 2200001160 - OTBD cân tải | J28: Trả hàng Phú Mỹ trước => Tân Thuận Nên Xếp hàng OTBD trước | K28: RẤT GẤP | L28: Mạnh Thắng | N28: =10200-4950-950-1330-450 -> 2520
A29: 25 | B29: MT Hà Nội 39 | C29: 4250 | D29: Xong | E29: 17h00 ngày 27/10 Bến 1 | G29: Dung Quất | H29: LONG BÌNH | I29: 2200001168 - OTBD 1500T 2200001165 - OTBD 200T 2200001176 - OTBD 2200001160 - OTBD cân tải | K29: BÌNH THƯỜNG | L29: MT Hà Nội | N29: =C29-150-1550-1000 -> 1550
A30: 26 | B30: Vinacomin Cẩm Phả | C30: 6770 | D30: Xong | E30: 15h40 ngày 29/10 Bến 06 | F30: Sáng 31/10 | G30: Dung Quất | H30: Tân Thuận | I30: 2000001386 - ĐÔNG Á - 3300t - giữ nguyên mapping thay đổi khối lượng phải báo PKD 2000001435 - TĐA (1234 - 400T) 2000001436 - JFE (1234, 1264 - 2000T) - ra hóa đơn T11 2000001437 - JFE (1214 - 1000T) - ra hóa đơn T11, có thể xuất vượt cân tải | J30: =C30-3300-2000-400 -> 1070 | K30: GẤP - XONG HÀNG 1/11 LÀ OKE | L30: Thiên Phúc
A31: 27 | B31: GAILLARDIA SW | C31: 12000 | D31: Đang làm hàng | E31: 06h25 ngày 28/10 Bến 05 | F31: 44572 | G31: Dung Quất | H31: Jakarta | I31: 2500000000 - HPI (Samsung CnT) | K31: BÌNH THƯỜNG | L31: Ageline
A32: 28 | B32: VIỆT THUẬN 235-01 | C32: 14370 | D32: Đang làm hàng | E32: 19h30 ngày 30/10 Bến 05 | F32: Chiều 2/11/2022 | G32: Dung Quất | H32: Hải Phòng | I32: 2000001363 - Minh Ngọc 10kt 2000001444 - Nhật Quang 1000MT - chưa sản xuất đủ 2200001171 - NMCN 6100T cân tải | J32: HUY | K32: BÌNH THƯỜNG | L32: Mạnh Thắng
A33: 29 | B33: Mạnh Thắng 68 | C33: 3940 | D33: 10h00 ngày 02/11 | G33: Dung Quất | H33: Thiên Lộc Thành | I33: 2000001158-VNO 2000001123-VNO 2000001439-VNO 2000001429 - TÂY NAM | K33: BÌNH THƯỜNG | L33: MT Hà Nội
A34: 30 | B34: VIỆT THUẬN 11-01 | C34: 10200 | D34: 29-30/10/2022 | E34: Dự kiến vào cầu 3 chiều 01/11 | G34: Dung Quất | H34: Tân Thuận | I34: 2000001373 - Nam Kim - 5000t - 1/11 duyệt 2000001408 - VISA 3000T 2000001446 - Tiến Lên 2000MT chiều 2/11 duyệt | J34: Tàu này ngày 1/11 cho vào làm hàng | K34: BÌNH THƯỜNG | L34: Mạnh Thắng
A35: 31 | B35: Việt Thuận 215-06 | C35: 16000 | D35: 31/10 | G35: Dung Quất | H35: Hải Phòng | I35: 2000001430 - TMP 1900T 2000001455 - TMP 600T 2200001172 - NMCN 1500T 2200001171 - NMCN 2700T VINAS - 800T - Lên cuối để dỡ đầu tiên tại Cảng dỡ 2200001170 - THP cân tải (đi hết 2.45x1212, Không xuất 1052,1106) | J35: =C35-1900-600-1500-2700-800 -> 8500 | K35: Làm chậm | L35: Mạnh Thắng
A36: 32
A37: 33 | I37: 2000001429 - TÂY NAM - CÂN TẢI ĐỦ DUNG SAI
A38: 34 | I38: ĐÔNG Á - 2000t
A39: 35 | I39: Sunsco 300mt - 07/11 thanh toán
A40: 36
A41: 37
A42: 38
A43: 39
A44: 40
A45: 41
A46: 42
A47: 43
A48: 44
A49: 45
A50: 46
A51: 47
... A64: 60

Sheet LỊCH TÀU - 07.22
A2: CẬP NHẬT TÌNH HÌNH XUẤT HÀNG HRC THÁNG 07/2022
C3: =SUBTOTAL(9,C5:C328) -> 163233.8 | I3: =TODAY() -> 45960
A4: STT | B4: Tàu | C4: KHỐI LƯỢNG | D4: CẬP NHẬT TÌNH HÌNH/ETA | E4: CẬP NHẬT ETB | F4: CẢNG XẾP | G4: CẢNG ĐẾN | H4: LỆNH XUẤT HÀNG | I4: GHI CHÚ | J4: ĐẠI LÝ | K4: KL | L4: TỔNG HỢP | M4: =SUM(M5:M9) -> 30777
A5: {=_xlfn.SEQUENCE(60,1,1,)} -> 1 | B5: Việt Thuận 11-01 | C5: 5100 | D5: xong | E5: 08h00 ngày 10/07 Bến 3 | F5: Dung Quất | G5: Miền Nam | H5: 2000001008 - JFE => ANH TÂN ĐỔI CUỘN TỪ LỆNH 2*1062 SANG 2000001103 - ĐÔNG Á 2000001102 - ĐÔNG Á | I5: Chỉ xuất cwt ≤ 22,65mt | J5: Mạnh Thắng | K5: =C5 -> 5100 | L5: Mạnh Thắng | M5: =SUMIF($J:$J,L5,K:K) -> 17900
A6: 2 | B6: Nam Phát 02 | C6: 2950 | D6: xong | E6: 14-15h ngày 10/07 Xe chuyển ra đà nẵng | F6: Đà Nẵng | G6: Hải Phòng | H6: 2000001106 - OT190 500mt (xuất hàng khổ 1500mm) 2000001107 - KKBV 300mt 2000001074 - Minh Ngọc (cân tải) | I6: Vận chuyển đường bộ ra Đà Nẵng | J6: Nam Phát | K6: =C6 -> 2950 | L6: Bình Sơn | M6: =SUMIF($J:$J,L6,K:K) -> 0
A7: 3 | B7: Victoria 19 | C7: 4850 | D7: Xong | E7: 09h00 ngày 13/07 Bến 3 | F7: Dung Quất | G7: PHÚ MỸ | H7: 2000001041 - SMCPM 600 MT (ko xuất vượt tổng KL) 2000001105 - NAM HƯNG - 1000MT 2000001047 - TẤM LÁ - 277MT hàng 2.3 và 2.5 2000001068 - THE ONE 900T 2000001063 - SMCCK 2070mt | J7: Thiên Phúc | K7: =C7 -> 4850 | L7: Nam Phát | M7: =SUMIF($J:$J,L7,K:K) -> 4780
A8: 4 | B8: Việt Thuận 215-06 | C8: 12800 | D8: Xong | E8: 13h50 ngày 13/07 Bến 05/10 | F8: Dung Quất | G8: Miền Nam | H8: 2000001080 - Nam Kim 5000mt (209 coils) - Rel 3 duyệt Lệnh 2200001087 - OTHY đi Tân Thuận 515mt (22 coils) 2000001084 - Minh Phú đi Tân Thuận 983mt (43 coils) 2200001068 - OTBD 535mt (23 coils) 2200001084 - OTBD 1520mt (69 coils) bóc tem mapping 2000000966 - QUANG MƯỜI 1000MT (44c) - Rel 3 duyệt lệnh 2000001007 - ĐÔNG Á 3000t (130c) - Lệnh chưa Duyệt-mai duyệt 2200001082 - OTBD cân tải 300t (ưu tiên đi những coil KL >23mt) | I8: CWT Max 25mt Theo sổ tay đc xếp 512 coils 12.800 mt max | J8: Mạnh Thắng | K8: =C8 -> 12800 | L8: Mặt Trời | M8: =C8-5000-515-983-535-1520-1000 -> 3247 | N8: =512-209-22-43-23-22-69 -> 124 | O8: =12800-5000-515-983-535-500-1520 -> 3747
A9: 5 | B9: Nam Phát 01 | C9: 1830 | D9: Xong | E9: Cảng đà nẵng | F9: Đà Nẵng | G9: Hải Phòng | H9: 2000001071 - TẤN PHÁT 600MT 2200001050 - OTHY cân tải | I9: Vận chuyển đường bộ ra Đà Nẵng | J9: Nam Phát | K9: =C9 -> 1830 | L9: Thiên Phúc | M9: =SUMIF($J:$J,L9,K:K) -> 4850
A10: 6 | B10: Hải Nam 39 | C10: 28300 | D10: Xong | E10: 14h30 ngày 15/07 Bến 6 | F10: Dung Quất | G10: Hải Phòng | H10: 2000001076 - TVĐ 3000MT Đ 2000001077 - OTVĐ 2000MT Đ 2000001046 - CTC 280MT Đ 2000001113 - CTC T7 - 800mt (có YC size cụ thể bên cạnh) Đ 2000001136 - Metal One (Việt Nhật) - giữ nguyên list 1000mt Đ 2000001073 - Chính Đại 3000mt 2000001074 - Minh Ngọc 2800mt Đ 2000001131 - NIPPON 2000001086 - NIPPON 2000001093 - VINAS 1200t 2200001077 - THP 284T 2000001124 - TMP - 2000T Đ 2000001085 - TMP - 2003T Đ 2200001088 - THP 2337T 2000001106 - OT190 (285MT) Đ 2000001109 - Nhật Quang 986mt 44 coils 2200001089 - OTHY 6347T (xuất hết) 2200001090 - NMCN | I10: Cam kết load rate nên mn chú ý =>điền lệnh sớm để kiểm tra hàng hóa ntn mọi người ơi CẢNG VỤ SẼ KIỂM TRA RẤT KỸ PHẦN LASHING, MỌI NGƯỜI ĐẶC BIỆT CHÚ Ý Ạ | J10: Tân Bình ĐLT S&A | K10: =C10 -> 28300 | L10: Các size hàng + KL đi lệnh 20*1113 2.25x1250 = 200mt 2.40x1250 = 100mt 2.75x1500 = 200mt 3.70x1500 = 100mt 3.80x1500 = 100mt 4.30x1500 = 200mt 4.80x1500 = 100mt | N10: =3000+2000+280+800+1000+3000+2800+400+1200+284+2000+2000+2337-28300 -> -7199
A11: 7 | B11: Thái Anh 06 | C11: HỦY | D11: HỦY | F11: Đà Nẵng | G11: Phú Mỹ | H11: 2000001061 - posco (có thể sẽ đổi số lệnh) | I11: Chuyển ra Đà Nẵng xuất hàng VC đường bộ | J11: Thiên Phúc
A12: 8 | B12: Tân Bình 134 | C12: 20300 | D12: Xong | E12: Sau khi tính toán lại chỉ vận chuyển đc 20,3kt đấy mn cân đối nhé | F12: Dung Quất | G12: Miền Nam | H12: 2000001127 - ĐÔNG Á - 900T 2000001104 - ĐÔNG Á - 1600T 2000001128 - ĐÔNG Á - 7400T 2000001134 - Seah 1000mt 2000001116 - SAKAI - 100T 2000001117 - NGUYỄN MINH - 1000T 2000001049 - Tiến Lên - 100MT (19/7 duyệt) 2000001101 - Mitsui (TLH) - 1900MT (18/7 duyệt) 2000001087 - TOÀN THẮNG - 100T (XUẤT HÀNG 3.10 - LÊN SAU CÙNG ĐỂ DỠ TRƯỚC) - sản xuất 3.10 đi Được ơi 2200001082 - OTBD (cân tải) ~ 6200mt (xuất cuộn KL lớn lên tàu này, đặc biệt cuộn >23,7mt) | I12: Cam kết load rate nên mn chú ý =>điền lệnh sớm để kiểm tra hàng hóa ntn mọi người ơi CẢNG VỤ SẼ KIỂM TRA RẤT KỸ PHẦN LASHING, MỌI NGƯỜI ĐẶC BIỆT CHÚ Ý Ạ HÀNG CỦA MITSUI CHO XẾP CUỐI CÙNG VÀ RA CHỈ 1 HOÁ ĐƠN CÙNG NGÀY VỚI NGÀY CHỐT TÀU | J12: Tân Bình ĐLT S&A | K12: =C12 -> 20300 | M12: =20300-900-1600-7400-1000-100-1000-100-1900-100 -> 6200
A13: 9 | B13: Việt Thuận 168 | C13: 7313 | D13: Xong | F13: Dung Quất | G13: Miền Nam | H13: 2000001059 - TSUSHO 1000MT 44coils ko xuất vượt tổng KL 2200001082 - OTBD (cân tải) (XUẤT cuộn <23,7mt, ƯU TIÊN XUẤT CUỘN TỪ LỚN ĐẾN BÉ) | J13: Mạnh Thắng | M13: =7313-1000 -> 6313
A14: 10 | B14: Việt Thuận 215-06 | C14: 12800 | D14: Xong | F14: Dung Quất | G14: Hải Phòng | H14: 2000001143 - Khôi Nguyên 525MT 2000001144 - Khôi Nguyên 550MT 2000001145 - Khôi Nguyên 525MT 2000001054 - Khôi Nguyên 500MT 2000001119 - NAM PHÁT - 1800T 2200001050 - OTHY 816T 2200001089 - OTHY 228T 2200001090 - NMCN 4060T 2200001092 - OTHY cân tải | J14: Mạnh Thắng | M14: =C14-2300-2000-816-228-4060-500 -> 2896
A15: 11 | B15: Trung Nguyên 18 | C15: 2950 | D15: Xong | E15: 23/07/2022 | F15: Dung Quất | G15: Phú Mỹ | H15: 700MT lệnh 2000001061 (đã xuất cho tàu Thái Anh 06) 2000001142 - Posco cân tải (sáng nay duyệt) | J15: Thiên Phúc
A16: 12 | B16: Việt Thuận 11-02 | C16: 5163.8 | D16: Xong | E16: 24/07/2022 | F16: Dung Quất | G16: Phú Mỹ | H16: 2400000009 - GS 1229 MT 2400000012 - GS 169MT 2400000011 - GS 2048MT 2000001063 - SMC 750MT 2000001091 - TLPM CÂN TẢI - chỉ đi hàng 1262 (25/7 duyệt lệnh) | I16: Tàu làm xong chưa giao chứng từ, chờ thông tin từ PKD ạ. | J16: Mạnh Thắng | M16: =C16-1229-169-2048-750 -> 967.8
A17: 13 | B17: Việt Thuận 168 | C17: 7313 | D17: Xong | E17: 10h00 - 27/07 Bến 3 | F17: Dung Quất | G17: Hải Phòng | H17: 2200001098 - Tôn HP 4018MT 2200001092 - OTHY 136MT 2200001093 - OTHY Cân tải 3159MT | I17: 23.745 tấn/1 cuộn | J17: Mạnh Thắng | M17: =C17 -> 7313
A18: 14 | B18: Vinaship Gold | C18: 12500 | D18: 30.07.22 | E18: Xong | F18: Dung Quất | G18: Hải Phòng | H18: 2000001153 - HÙNG NGUYÊN 750T - hôm nay duyệt lệnh 2200001093 - OTHY 3721 2000001140 - Phú Nam 1000MT - đi 44 cuộn, bỏ lại 1 cuộn 7.8 2200001094 - NMCN 7600mt -CÂN TẢI | J18: Thiên Phúc | M18: =C18 -> 12500
A19: 15 | B19: Việt Thuận 215-06 | C19: 12800 | D19: 28.07.22 | E19: Đang làm hàng | F19: Dung Quất | G19: Miền Nam | H19: 2000001062 - JFE SHOJI - 6260t - không xuất vượt lệnh, cố gắng theo lượng trên lệnh 2200001096 - OTBD cân tải (đi hết các cuộn to trước) | I19: max 25000 | J19: Mạnh Thắng | M19: =C19 -> 12800
A20: 16 | B20: Việt Thuận 235 | C20: 20700 | D20: 31.07.22 | E20: Đang làm hàng | F20: Dung Quất | G20: Miền Nam | H20: 2200001082 - OTBD 4451T 2200001091 - OTBD 5230T 2000001166 - metal one - không vượt lệnh 2000001167 - metal one - không vượt lệnh 2000001165 - metal one - không vượt lệnh 2200001096 - OTBD cân tải (đi hết các cuộn to trước) | I20: MAX 29 TẤN/COIL Đang làm lại sổ để điều chỉnh khối lượng | J20: Mạnh Thắng
A21: 17 | B21: Việt Thuận 11-02 | C21: 5164 | D21: 02.08.22 | E21: Đang làm hàng | F21: Dung Quất | G21: Hải Phòng | H21: 2200001099-THP đi trước hàng 1230 | J21: Mạnh Thắng | L21: 12000
A22: 18 | B22: Minh Trường 18 | C22: hủy | D22: 03.08.22 | F22: Dung Quất | G22: Miền Nam | I22: không xuất vượt lệnh | J22: MT Hà Nội | M22: =C22 -> hủy
A23: 19 | B23: Nam Phát 01 | C23: 400 | D23: 02.08.2022 | F23: Tân thuận | G23: Hải Phòng | H23: 2000001088 - vinas 2000001089 - nam phát | I23: xuất lô hạ bãi tân thuận | J23: Nam Phát
A24: 20
A25: 21 | H25: TÁCH FILE THÁNG 8 RA MN ƠI
A26: 22
A27: 23 | G27: Hải Phòng | H27: Phúc Tiến 1000MT
A28: 24 | H28: 2000001094 - QH PLUS (500T) 22 coils 2000001082 - QUANG MƯỜI 1KT 42 coils
A29: 25 | G29: PHÚ MỸ | H29: Tấm Lá 2500MT CSVC 234 mt SMCCK 5000mt | I29: Bao giờ e giao đc 2 đơn này thế Lan Anh? 1 tuần nữa ạ
A30: 26
A31: 27
A32: 28
A33: 29
A34: 30
A35: 31
A36: 32
A37: 33
A38: 34
A39: 35
A40: 36
A41: 37
... A64: 60

Sheet LỊCH TÀU - 09.22
A2: CẬP NHẬT TÌNH HÌNH XUẤT HÀNG HRC THÁNG 09/2022
C3: =SUBTOTAL(9,C5:C308) -> 250740 | I3: =TODAY() -> 45960
A4: STT | B4: Tàu | C4: KHỐI LƯỢNG | D4: CẬP NHẬT TÌNH HÌNH/ETA | E4: CẬP NHẬT ETB | F4: CẢNG XẾP | G4: CẢNG ĐẾN | H4: LỆNH XUẤT HÀNG | I4: GHI CHÚ | J4: ĐẠI LÝ | K4: KL | L4: TỔNG HỢP | M4: =SUM(#REF!) -> #REF!
A5: {=_xlfn.SEQUENCE(60,1,1,)} -> 1 | B5: Vinacomin Cẩm Phả | C5: 6700 | D5: Xong | E5: Dự Kiến 13h00 ngày 05/09 Bến 5 | F5: Dung Quất | G5: Tân Thuận | H5: 2000001227 - ĐÔNG Á - 200t 2000001253 - ĐÔNG Á - 500T 2000001258 - ĐÔNG Á - 2500T 2000001259 - KỲ ĐỒNG - 1200T 2000001225 - KỲ ĐỒNG - 2300 (xem ghi chú) | I5: Lệnh 2*1225 lên như sau: 2.8-700t / 5.7 - 150t 3.7-200t / 7.7 - 100t 4.7-150t / 9.7-500t / 11.7-500t LỆNH KỲ ĐỒNG CẦN DÁN TEM PHỤ (BẮT BUỘC) | J5: Thiên Phúc | M5: =C5 -> 6700
A6: 2 | B6: Việt Thuận 215-06 | C6: 16000 | D6: Xong | E6: 18h30 ngày 06/09 Bến 6 | F6: Dung Quất | G6: Hải Phòng | H6: 2000001229 - TOÀN HƯNG 1000MT 2200001111 - THP 9521T cân tải - lệnh hàng okay 2200001113 - THP 875T 2000001251 - TMN 5000T đi hết | I6: Làm kế hoạch đi mn ơi để lấy tàu về làm. | J6: Mạnh Thắng
A7: 3 | B7: Việt Thuận 11-02 | C7: 10200 | D7: Xong | E7: 17h00 ngày 07/09 Bến 5/10 | F7: Dung Quất | G7: Tân Thuận | H7: 2000001225 - KỲ ĐỒNG - 2150 2000001279 - KỲ ĐỒNG - 1450T 2000001235 - NAM KIM - 2000 2000001280 - KỲ ĐỒNG - 750T 2000001282 - QUANG MƯỜI - 1000T 2000001230 - Việt kim- 3000T | J7: Mạnh Thắng | L7: =C7-2150-1450-2000-750-1000-3000 -> -150
A8: 4 | B8: Việt Thuận 168 | C8: 16300 | D8: xong | E8: 10h00 ngày 11/09 Bến 06 | F8: Dung Quất | G8: Hải Phòng | H8: 2000001299 - OTTP 1000MT 2000001300 - OTTP 1000MT 2000001252 - TCĐ 2840T 2000001294 - TMN 7030T 2200001114 - THP 550T - Hàng đang sản xuất tầm ngày 13/09 Nhập Kho cho lệnh làm sau nhé mn! 2200001120 - OTHY (tổng lệnh 9100T) cân tải 3880mt | J8: Mạnh Thắng | L8: =16300-2000-2840-7030-550 -> 3880
A9: 5 | B9: Viễn Đông 09 | C9: 6250 | D9: Xong | E9: 14h00 ngày 12/09 Bến 06 | F9: Dung Quất | G9: Hải Phòng | H9: 2200001122 - NMCN (tổng lệnh 10.900mt) cân tải 6250mt | I9: Hàng hóa / Lệnh okay | J9: Mặt Trời
A10: 6 | B10: MT Hà Nội 39 | C10: 4200 | D10: Xong | E10: 11h00 ngày 13/09 Bến 6 | F10: Dung Quất | G10: Hải Phòng | H10: 2200001119 - NMCN | I10: Hàng hóa / Lệnh okay | J10: MT Hà Nội
A11: 7 | B11: Vinacomin Cẩm Phả | C11: 6700 | D11: Xong | E11: 07h30 ngày 13/09 Bến 05./10 | F11: Dung Quất | G11: Tân Thuận | H11: 2000001284 - Chu Lai 500mt (lên hàng trước, chốt số sớm) 2000001226 - KỲ ĐỒNG - 1790T 2000001279 - KỲ ĐỒNG - 730T 2000001292 - KỲ ĐỒNG - 200T 2000001302 - KỲ ĐỒNG - 360T 2000001271 - NGUYỄN MINH - 3000T duyệt rồi 2000001245 - Sunsco 300mt | I11: Lệnh Kỳ Đồng Dán nhãn phụ nha mn! | J11: Thiên Phúc
A12: 8 | B12: Việt Thuận 189 | C12: 12400 | D12: Xong | E12: 18h05 ngày 12/09 Bến 3 | F12: Dung Quất | G12: Hải Phòng | H12: 2000001274 - Nhật Quang 1000mt - cuối ngày 12.09 duyệt 2000001298 - Tấn Phát 1500mt - cuối ngày 12.09 duyệt 2200001120 - OTHY 5220mt hết 2000001270 - HÙNG NGUYÊN 2500T 2000001269 - VINAS - 880T 2000001303 - Vinas - 45t 2000001238 - NIPPON - 300T 2000001313 - PVX 860MT (chiều 14.09 duyệt) 2200001122 - NMCN (tổng lệnh 10900) cân tải 1320mt | I12: Lệnh 22*1122 NMCN chỉ còn 2470mt thôi | J12: Mạnh Thắng | L12: =12400-1000-1500-2500-5220 -> 2180 | N12: =9100-3880 -> 5220
A13: 9 | B13: Việt Thuận 215-06 | C13: 16000 | D13: xong | E13: 10h30 ngày 15/09 Bến 5 | F13: Dung Quất | G13: Tân Thuận | H13: 2000001208 - Citicom 400mt (lên hàng trước, chốt số sớm) 2000001281 - TIẾN LÊN - 2000MT ko xuất vượt 2000001293 - ĐÔNG Á - 5000T 2000001308 - ĐÔNG Á - 2000T 2000001289 - Minh Phú Tân Thuận 3000mt bóc tem phụ - chiều duyệt 2000001288 - Minh Phú Tân Thuận 2000mt bóc tem phụ - chiều duyệt 2000001156 - QUANG MƯỜI - 1000T 2200001118 - OTBD (ĐI HÀNG THEO GHI CHÚ) | I13: 2200001118 - ĐI CÁC HÀNG: 3.80X1500, 3.90X1500, 4.90X1500, 5.00X1500, (2.45X1219- đi hết luôn) | J13: Mạnh Thắng | L13: =C13-(2000+7000+5000+400+1000) -> 600
A14: 10 | B14: Việt Thuận 11-02 | C14: 10200 | D14: xong | E14: 06h40 ngày 16/09 Bến 05/10 | F14: Dung Quất | G14: Hải Phòng | H14: 2000001231 - TVD 2100MT 2000001232 - OTVD 1200MT 2000001307 - THACO 500MT 2000001301 - TMP 2500MT chiều duyệt 2000001322 - TMP 2500MT (có 1500mt SS400 đợi chiều 17.09 mới NK - hàng sản xuất ngày 15/09), chiều duyệt 2200001108 - NMCN 150mt (cắt hết mapping đi) 2200001119 - NMCN 960MT (cắt hết mapping đi) 2200001122 - NMCN (cân tải) 300mt | I14: Diền đủ lệnh check hàng luôn mn | J14: Mạnh Thắng | L14: =10200-2100-1200-500-2500-2500-150-960 -> 290
A15: 11 | B15: Việt Thuận 168 | C15: 16300 | D15: xong | E15: 09h45 ngày 18/09 Bến 5 | F15: Dung Quất | G15: Hải Phòng | H15: 2000001319 - Citicom 3200mt 2200001123 - OTHY 970MT 2000001306 - Tấn Phát 3200mt 2200001111 - THP 430MT 2200001122 - NMCN 3500mt xuất hết lệnh này đi ạ 2000001256 - TMN (Cân tải) | I15: Bổ sung lệnh đi mn. tàu gần làm xong mấy lệnh kia rồi | J15: Mạnh Thắng | L15: =16300-3200-970-3200-430-5000 -> 3500
A16: 12 | B16: Vinacomin Cẩm Phả | C16: 6770 | D16: xong | E16: 18h00 21.09.22 Bến 05 | F16: Dung Quất | G16: Tân Thuận | H16: 2000001324 - Tôn Đông Á 2000001328 - Tôn Đông Á 2000001325 - Tôn Đông Á - 1550t hàng 2.00x1214 | I16: cần làm hàng nhanh để quay đầu đi phú mỹ Duyệt xong hết lệnh rồi | J16: Thiên Phúc
A17: 13 | B17: MT Hà Nội 39 | C17: 4200 | D17: xong | E17: 10h00 22.09.22 Bến 1 | F17: Dung Quất | G17: Phú Mỹ | H17: 2000001110 - SMCCK 3400MT 2000001346 - PVX T10 (PM) 800MT | J17: MT Hà Nội
A18: 14 | B18: Việt Thuận HN-01 | C18: 6000 | D18: xong | E18: 06h50 23.09.22 Bến 6 | F18: Dung Quất | G18: Cẩm Nguyên | H18: 2000001340 - TVP T7 625mt 2000001341 - TVP T10 4900mt 2000001310 - Toàn Thắng 475mt (bỏ lại 1 cục 2.80) | J18: Thiên Phúc
A19: 15 | B19: Việt Thuận 11-02 | C19: 10200 | D19: xong | F19: Dung Quất | G19: Tân Thuận | H19: 2000001323 - Tôn Đông Á - đi hết 2000001336 - JFE - 3250t - đi đủ dung sai các mác 2000001321 - VISA 2000MT, mỗi mã xuất ~ 2/3 lượng, cắt lệnh chốt số trước giúp em ạ | I19: VISA: 2.00x1250: 11cuộn 2.00x1230: 17cuộn 2.30x1230: 20cuộn 2.50x1230: 18cuộn 2.75x1260: 11cuộn 3.00x1200: 6cuộn 3.00x1250: 5cuộn | J19: Mạnh Thắng | L19: =C19-4950-2000 -> 3250
A20: 16 | B20: Việt Thuận 215-06 | C20: 16000 | D20: xong | E20: 14h45 ngày 24/09 Bến 06 | F20: Dung Quất | G20: Hải Phòng | H20: 2200001129 - NMCN 2160T 2200001132 - THP 1400T 2200001133 - THP 1600T 2000001256 - TMN 3870T 2000001342 - Minh Phú 2000mt - ưu tiên đi trước 2000001343 - Minh Phú 2000mt - ưu tiên đi trước 2200001128 - OTHY cân tải 3000mt | I20: xong | J20: Mạnh Thắng
A21: 17 | B21: Vinacomin Cẩm Phả | C21: 6770 | D21: xong | E21: 08h00 ngày 29/09 Bến 05 | F21: Dung Quất | G21: Hải Phòng | H21: 2000001327 - Nam Phát 2000001315 - Nam Phát 2000001229 -Toàn Hưng 1976MT cấp hết lệnh này trc giúp e | I21: Gấp - làm hàng nhanh nhất có thể | J21: Thiên Phúc | L21: =C21-4800-1976 -> -6
A22: 18 | B22: Việt Thuận 169 | C22: 16000 | D22: Đang làm hàng | E22: 09h00 ngày 29/09 Bến 05 | F22: Dung Quất | G22: Hải Phòng | H22: 2000001326 - Phú Nam 1500MT 2000001304 - Hùng Nguyên - 1700t 2000001290 - Vinas - 900t - T2 DUYỆT 2000001337 - vinas - 100t - T2 DUYỆT 2200001128 - OTHY 800mt 2200001141 - NMCN 600MT 2000001335 - PVX 2270MT (xuất hết mapping) 2200001142 - OTHY 4000T 2200001143 - THP 2400T 2200001134 - OTHY cân tải | I22: CHUYỂN SANG SHEET THÁNG 10 / Okay ạ | J22: Mạnh Thắng | L22: =C22-2270-1500-1972-4800-1700-1000 -> 2758
A23: 19 | B23: Việt Thuận 215-06 | C23: 16000 | D23: Đang làm hàng | E23: 13h05 ngày 30/09 Bến 06 | F23: Dung Quất | G23: Hải Phòng | H23: 2000001171 - KKBV 2000MT (ko giao vượt lượng) 2000001355 - KKBV 1400MT - Đang sản xuất chưa đủ 2000001353 - OTTP 2000MT 2000001311 - Trường Thành 1000MT 2200001134 - OTHY 3300T 2200001146 - NMCN 7000T | J23: Mạnh Thắng
A24: 20 | B24: Việt Thuận 11-02 | C24: 10200 | D24: Đang làm hàng | E24: 00h00 ngày 30/09 Bến 05 | F24: Dung Quất | G24: Tân Thuận + Phú Mỹ | H24: 2000001110 - SMCCK 2975MT gấp - phú mỹ 2000001277 - Tấm Lá 1000MT - phú mỹ (chiều nay/sáng mai duyệt) 2000001349 - Tấm Lá 1000MT - phú mỹ (chiều nay/sáng mai duyệt) 2000001347 - QH PLUS - 3000t - tân thuận 2000001321 - VISA - 1000T - tân thuận 2200001118 - OTBD 650MT (cấp hết lệnh hàng cũ mác SPAH) - tân thuận 2200001140 - OTBD Cân tải - tân thuận | J24: Mạnh Thắng | L24: =C24-3100-3000-1000-2000 -> 1100
A25: 21 | B25: Việt Thuận 12-01 | C25: 11800 | D25: 1.10.22 | F25: Dung Quất | G25: Hải Phòng | H25: 2200001139 - THP cân tải (tháng 10 mới đc cắt hàng) đi hàng 2.45 => 2.00x1212 2000001255 - TCĐ 3000 MT | J25: Mạnh Thắng
A26: 22 | B26: Việt Thuận 168 | C26: 16300 | D26: 16h00 30.09.22 | E26: Khả năng 01/10 mới có bến | F26: Dung Quất | G26: Hải Phòng | H26: 2000001354 - MINH PHÚ 1200mt 2000001243 - TVD 3000MT (03.10 duyệt) 2000001244 - OTVD 2500MT (03.10 duyệt) 2000001356 - Nhật Quang 1000MT đang sx, 3/10 duyệt lệnh 2200001139 - THP cân tải | J26: Mạnh Thắng | L26: =1200+3000+2500+1000 -> 7700
A27: 23 | B27: TAY SON 4 | C27: 5000 | D27: 02.10.22 | E27: HRC | F27: Dung Quất | G27: Jakarta | H27: 2400000020 - Arcelor Mittal (xuất 235 cuộn) | J27: Ageline
A28: 24 | B28: MT Hà Nội 39 | C28: 4250 | D28: 02.10.22 | F28: Dung Quất | G28: Thiên Lộc Thành & Cẩm Nguyên | H28: 2000001330 - vts (vinaone) - Lệnh hàng okay 2000001340 - TVP 1300mt | J28: MT Hà Nội
A29: 25
A30: 26 | G30: Tân Thuận | H30: SEAH - 2500MT sau 10/10
A31: 27 | H31: 2000001309 - NIPPON 300T
A32: 28 | H32: 2000001338 - vinaone - Duyệt Lệnh 2000001339 - vinaone - Duyệt Lệnh
A33: 29
A34: 30 | H34: Sunsco 300mt - giữa tháng 10 lấy hàng
A35: 31 | G35: Phú Mỹ | H35: SMCCK 3000MT (ngày 30/08 thanh toán)
A36: 32
A37: 33
A38: 34
A39: 35
A40: 36
A41: 37
A42: 38
A43: 39
A44: 40
A45: 41
A46: 42
A47: 43
... A64: 60

Sheet LỊCH TÀU - 05.22
A2: CẬP NHẬT TÌNH HÌNH XUẤT HÀNG HRC THÁNG 04/2022 | J2: ĐÃ CHỐT LỆNH ĐẾN VINACOMIN
C3: =SUBTOTAL(9,C5:C390) -> 181349 | I3: =TODAY() -> 45960
A4: STT | B4: Tàu | C4: KHỐI LƯỢNG | D4: CẬP NHẬT TÌNH HÌNH/ETA | E4: CẬP NHẬT ETB | F4: CẢNG XẾP | G4: CẢNG ĐẾN | H4: LỆNH XUẤT HÀNG | I4: GHI CHÚ | J4: ĐẠI LÝ | K4: KL | L4: TỔNG HỢP | M4: =SUM(M5:M10) -> 175829
A5: {=_xlfn.SEQUENCE(60,1,1,)} -> 1 | B5: Nam Phát 18 | C5: 1150 | D5: Xong | E5: 17h00 ngày 30/04 - Bến 2 | F5: Dung Quất | G5: Hải Phòng | H5: 2200001043 - OTHY 1150MT | J5: Nam Phát | K5: =C5 -> 1150 | L5: Bình Sơn | M5: =SUMIF($J:$J,L5,K:K) -> 8361
A6: 2 | B6: An Trung 46 | C6: 2950 | D6: Xong | E6: 11h00 ngày 01/05 - Bến 2 | F6: Dung Quất | G6: Hải Phòng | H6: 2200001044 - NMCN 2300MT 2200001043 - OTHY 600MT | I6: LỆNH + HÀNG OK | J6: Nam Phát | K6: =C6 -> 2950 | L6: MT Hà Nội | M6: =SUMIF($J:$J,L6,K:K) -> 56380
A7: 3 | B7: Gia Lĩnh 68 | C7: 4550 | D7: Xong | E7: 8h15 ngày 02/05 - Bến 2 | F7: Dung Quất | G7: Thiên Lộc Thành | H7: 2000000847 - TÂY NAM (XUẤT ÂM) 2000000937 - TÂY NAM 2000000936 - TÂY NAM (CÂN TẢI) | J7: Mặt Trời | K7: =C7 -> 4550 | L7: Mạnh Thắng | M7: =SUMIF($J:$J,L7,K:K) -> 34653
A8: 4 | B8: Công Thành 189 | C8: 4520 | D8: Xong | E8: 9h30 ngày 04/05 - Bến 2 | F8: Dung Quất | G8: đoạn xá | H8: 2200001017 - OTHY CÂN TẢI 4520 | I8: cứ cho vào làm luôn nhé | J8: Thiên Phúc | K8: =C8 -> 4520 | L8: Thiên Phúc | M8: =SUMIF($J:$J,L8,K:K) -> 33160
A9: 5 | B9: Minh Tiến 88 | C9: 3550 | D9: Xong | E9: 21h30 ngày 04/05 - Bến 1 | F9: Dung Quất | G9: Hải Phòng | H9: 2200001037 - NMCN 140MT 2200001009 - THP 380MT 2200001010 - THP 1600MT 2200001043 - OTHY cân tải 1430 mt | I9: =3550-140-380-1600 -> 1430 | J9: Mặt Trời | K9: =C9 -> 3550 | L9: Mặt Trời | M9: =SUMIF($J:$J,L9,K:K) -> 39175
A10: 6 | B10: QN 6378 | C10: 3200 | D10: Xong | E10: 21h40 ngày 05/05 cập cầu 2 làm hàng | F10: Dung Quất | G10: Hải Phòng | H10: 2200001010 - THP 1600MT 2200001011 - OTHY 360T 2000000894 - VINAS 1000MT 2200001043 - OTHY cân tải | J10: MT Hà Nội | K10: =C10 -> 3200 | L10: Nam Phát | M10: =SUMIF($J:$J,L10,K:K) -> 4100
A11: 7 | B11: Phú Minh 99 | C11: 2915 | D11: Xong | E11: 23h00 ngày 05/05 - Bến 1 | F11: Dung Quất | G11: Cẩm Nguyên | H11: 2000000957 - Indeco 350 MT - chiều 5/5 duyệt lệnh 2000000944 - TVP 2000MT 2200001040 - OTHY 570MT (đi cẩm nguyên) cân tải | J11: Mặt Trời | K11: =C11 -> 2915
A12: 8 | B12: Hải An 68 | C12: 4500 | D12: Xong | E12: 15h00 ngày 06/05 - Bến 1 | G12: LONG BÌNH/ ĐỒNG NAI | H12: 2200001042 - OTBD 4500MT | J12: MT Hà Nội | K12: =C12 -> 4500
A13: 9 | B13: VINACOMIN HÀ NỘI | C13: 7650 | D13: Xong | E13: 8h00-07.05-B5 | F13: Dung Quất | G13: TÂN THUẬN | H13: 2000000933 - ĐÔNG Á - 730 2000000941 - ĐÔNG Á - 1900 2000000922 - JFE - 1390 2000000925 - ĐÔNG Á - 1500 2000000912 - QUANG MƯỜI (2000T - CÂN TẢI) | J13: Thiên Phúc | K13: =C13-730-1900-1390-1500 -> 2130
A14: 10 | B14: Minh Khánh 25 | C14: 3400 | D14: Xong | E14: 16h50 ngày 07/05 - Bến 1 | F14: Dung Quất | G14: CẨM NGUYÊN | H14: 2200001040 - 2700T 2000000963- TOÀN THẮNG - 750 TẤN | I14: LỆNH + HÀNG OK | J14: Mạnh Thắng | K14: =C14 -> 3400 | L14: =C19-2700-750 -> 210
A15: 11 | B15: Minh Hằng 882 | C15: 4650 | D15: Xong | E15: 12h00 - ngày 07/05 - Bến 1 | F15: Dung Quất | G15: TÂN CẢNG | H15: 2200001039 - OTHY 300MT 2000000873 - PHÚ NAM 950MT 2000000955 - PHÚC TIẾN 1000MT 2200001017 - OTHY 2000mt - hết 2200001043 - OTHY 400mt cân tải | J15: Thiên Phúc | K15: =C15 -> 4650
A16: 12 | B16: Bình Sơn 79 | C16: 2787 | D16: Xong | E16: 15h50-08.05-B3 | F16: Dung Quất | G16: Hải Phòng | H16: 2000000958 - Minh Ngọc CÂN TẢI | I16: LỆNH + HÀNG OK | J16: Bình Sơn | K16: =C16 -> 2787
A17: 13 | B17: Hải Thịnh 16 | C17: 1900 | D17: Xong | E17: 12h15 ngày 09/05 - Bến 1 | F17: Dung Quất | G17: Hải Phòng | H17: 2200001043 - OTHY cân tải 2000000961 - THIÊN TRƯỜNG - 1000mt | J17: Thiên Phúc | K17: =C17 -> 1900
A18: 14 | B18: Minh Khánh 79 | C18: 4000 | D18: Xong | E18: 23h30-09.05-B1 | F18: Dung Quất | G18: Hải Phòng | H18: 2000000975 - MARU (NAM PHÁT) - 4000MT | J18: Mạnh Thắng | K18: =C18 -> 4000
A19: 15 | B19: Minh Đoàn 18 | C19: 3660 | D19: Xong | E19: 18h00-09.05-B6 | F19: Dung Quất | G19: Long Bình | H19: 2200001054 - OTBD CÂN TẢI | I19: (tối nay vào làm hàng đc luôn) | J19: Mặt Trời | K19: =C19 -> 3660
A20: 16 | B20: Hải An 18 | C20: 3180 | D20: Xong | E20: 11h30-09.05-B3 | F20: Dung Quất | G20: LONG BÌNH/ ĐỒNG NAI | H20: 2200001042 - OTBD (hết) | I20: Hàng hầu hết nằm Ngoài bãi. Có bến nào chạy xe trống thì đẩy vô làm luôn Tiến ơi | J20: MT Hà Nội | K20: =C20 -> 3180
A21: 17 | B21: MINH QUANG | C21: 5500 | D21: Xong | E21: 20h30-10.05-B1 | F21: Dung Quất | G21: Hải Phòng | H21: 2000000970 - TCĐ 700T 2000000967 - IPC 1000MT - ngày 09/5 duyệt 2000000953 - NHẬT QUANG 1000MT 2200001043 - OTHY 1375MT đi hết 2200001052 - NMCN 1425T cân tải | J21: MT Hà Nội | K21: =C21 -> 5500
A22: 18 | B22: Minh Tiến 99 | C22: 3500 | D22: Xong | E22: 04h40-11.05-B2 | F22: Dung Quất | G22: Hải Phòng | H22: 2200001010 - THP 250T 2200001051 - OTHY 1200T 2200001052 - NMCN hết 2200001055 - OTHY 1400mt | J22: MT Hà Nội | K22: =C22 -> 3500
A23: 19 | B23: Trường An 126 | C23: 5500 | D23: Xong | E23: 14h-11.05-B1 | F23: Dung Quất | G23: Hải Phòng | H23: 2200001055 - OTHY 2400mt (cắt hết) 2200001056 - NMCN 3100mt | J23: MT Hà Nội | K23: =C23 -> 5500
A24: 20 | B24: Thái Sơn 16 | C24: 3550 | D24: Xong | E24: 02h-13.05-B2 | F24: Dung Quất | G24: Hoàng Diệu | H24: 2000000945 - TVĐ | J24: Mạnh Thắng | K24: =C24 -> 3550
A25: 21 | B25: Gia Lĩnh 68 | C25: 4500 | D25: Xong | E25: 14h30-13.05-B2 | F25: Dung Quất | G25: TÂN THUẬN | H25: 2000000912 - QUANG MƯỜI (800T) 2000000950 - SMCTT 1100MT 2000000943 - TTK 600MT 2000000962 - TÂY NAM STEEL (1000T) 2000000965 - QH PLUS - 1000T CÂN TẢI | J25: MT Hà Nội | K25: =C25 -> 4500
A26: 22 | B26: Mạnh Dũng 79 | C26: 3000 | D26: Xong | E26: 20h00 - bến 3 | F26: Dung Quất | G26: Miền Nam | H26: 2200001054 - OTBD - 765MT 2200001059 - OTBD - 2235 MT | I26: có thể làm hàng | J26: MT Hà Nội | K26: =C26 -> 3000
A27: 23 | B27: Phú Minh 99 | C27: 2915 | D27: Xong | E27: 02h30-14/05 - Bến 1 | F27: Dung Quất | G27: Miền Nam | H27: 2000000971 - NAM KIM | I27: hàng đã đủ, Hàng nóng nhất sx ca 2 ngày 11/5 | J27: Mặt Trời | K27: =C27 -> 2915
A28: 24 | B28: Tú Cường 368 | C28: 5850 | D28: Xong | E28: Bến 2 -14/05 | F28: Dung Quất | G28: Hải Phòng | H28: 2000000946 - OTVĐ 2500MT 2000000958 - TMN 3750MT (cân tải) | I28: tình hình hàng nóng Minh Ngọc: 1500mt hàng sx ca 2 ngày 11/5 Minh Ngọc: 800mt hàng sx ca 1 ngày 12/5 | J28: MT Hà Nội | K28: =C28 -> 5850
A29: 25 | B29: Triệu Phú 56 | C29: 2873 | D29: Xong | E29: Bến 1 - 14/05 | F29: Dung Quất | G29: TÂN THUẬN | H29: 2000000965 - QH PLUS - 900T 2000000956 - Metal One (Tiến Lên) 1900MT | I29: QH nguội Metal One: 300MT hàng nóng nhất sx ca 2 ngày 12/5 | J29: Mạnh Thắng | K29: =C29 -> 2873
A30: 26 | B30: Minh Khánh 86 | C30: 3550 | D30: Xong | F30: Dung Quất | G30: Miền Nam | H30: 2000000980 - Đông Á - 200T 2000000942 - ĐÔNG Á - 3079MT (nguội) 2000000978 - TTK 400MT - nguội | I30: 15.05 ĐỦ HÀNG => có thể cho vào làm trc đợi 200mt cũng đc nhé Tiến chỉ có 200mt hàng nóng thôi => 15.05 cứ cho làm nhé, sáng 16 là nhập kho đủ | J30: Mạnh Thắng | K30: =C30 -> 3550
A31: 27 | B31: Công Thành 09 | C31: 4910 | D31: Xong | F31: Dung Quất | G31: Hải Phòng | H31: 2000000960 - HÙNG NGUYÊN 1500MT 2000000958 - TMN 3750MT (cân tải) 3500mt | J31: Thiên Phúc | K31: =C31 -> 4910
A32: 28 | B32: Đạt Anh 27 | C32: 3050 | D32: Xong | F32: Dung Quất | G32: Long An | H32: 2000000977 - Việt Thành 3000mt - ngày 12/5 duyệt lệnh | I32: Đủ hàng, cần làm xong gấp! | J32: Mặt Trời | K32: =C32 -> 3050
A33: 29 | B33: Bình Sơn 76 | C33: 2787 | D33: Xong | F33: Dung Quất | G33: Hải Phòng | H33: 2000000983 - Metal One 2470MT - ngày 13/5 duyệt 2000000903 - NIPPON 315MT | I33: Metal One sx ngày 13-14/5 Có 1000mt hàng nguội | J33: Bình Sơn | K33: =C33 -> 2787
A34: 30 | B34: Minh Quang 05 | C34: 7150 | D34: Xong | F34: Dung Quất | G34: Hải Phòng | H34: 2000000947 - OTH190 3000MT - ngày 16/5 duyệt lệnh 2000000976 - Minh Phú 3000mt 2200001060 - THP 1150MT - ngày 16/5 duyệt | I34: Hàng nguội Tàu này làm KH trưa ngày 16/5 vào làm hàng đc nhé | J34: MT Hà Nội | K34: =C34 -> 7150
A35: 31 | B35: Á Đông 28 | C35: 1950 | D35: Xong | F35: Dung Quất | G35: Hải Phòng | H35: 2200001060 - THP 1050MT 2200001061 - THP 146MT 2200001045 - OTHY 500T 2200001056 - NMCN 250T | I35: Có thể cho tàu này vào làm hàng | J35: Thiên Phúc | K35: =C35 -> 1950
A36: 32 | B36: Bình Sơn 79 | C36: 2787 | D36: Xong | E36: 10h50 ngày 21-05 Bến 1 | F36: Dung Quất | G36: Hải Phòng | H36: 200000952-Citicom 500mt 20.5 duyệt 200000968-THACO 500 MT 20.5 duyệt 220001060-THP (cân tải) ưu tiên cấp hàng 1270 và 3.95x1262 | I36: Hàng hóa đủ. | J36: Bình Sơn | K36: =C36 -> 2787
A37: 33 | B37: Phú Minh 99 | C37: 2915 | D37: Xong | E37: 18h30 ngày 21-05 Bến 1 | F37: Dung Quất | G37: Thiên Lộc Thành | H37: 2000000936 - TÂY NAM 2000000939 - VINAONE 2000000991 - TÂY NAM | I37: GIAO ĐỦ DUNG SAI CÁC LỆNH, CÁC MÁC | J37: Mặt Trời | K37: =C37 -> 2915
A38: 34 | B38: Hoàng Bảo 68 | C38: 1900 | D38: Xong | E38: 20h30 ngày 22-05 Bến 1 | F38: Dung Quất | G38: Hải Phòng | H38: 2200001060 - THP (cân tải) | I38: Hàng hóa ok | J38: Thiên Phúc | K38: =C38 -> 1900
A39: 35 | B39: Sinh Đôi 102 | C39: 3400 | D39: Xong | E39: 00h10 ngày 23-05 Bến 2 | F39: Dung Quất | G39: Hải Phòng | H39: 2200001060 - THP (cân tải) | I39: Đi chung lệnh nên chiều nay NK đủ Hàng ngày 20/05 trở về trước | J39: MT Hà Nội | K39: =C39 -> 3400
A40: 36 | B40: Minh Tiến 99 | C40: 3600 | D40: Xong | E40: 12h15 ngày 23/05 Bến 1 | F40: Dung Quất | G40: Quy Nhơn | H40: 2000000997 - HSNH 1875 MT 2000000998 - HSNH 1726 MT | I40: 20*997 xuất hết các hàng 1260 rồi mới đến 1212 | J40: MT Hà Nội | K40: =C40 -> 3600
A41: 37 | B41: Mai Linh 36 | C41: 3550 | D41: Xong | E41: 08h50 ngày 24/05 Bến 2 | F41: Dung Quất | G41: PHÚ MỸ | H41: 2000000949 - NAM HƯNG - 1200mt 2000000973 - SMC 600MT 2000000981 - TLPM 1800MT không xuất vượt | I41: LÊN HÀNG XONG CHƯA GIAO CHỨNG TỪ CHO TÀU, ĐỢI THÔNG BÁO TỪ PKD | J41: Thiên Phúc | K41: =C41 -> 3550
A42: 38 | B42: Trường Giang 86 | C42: 3320 | D42: Xong | E42: 02h15 ngày 25/05 Bến 1 | F42: Dung Quất | G42: TÂN THUẬN | H42: 2000000995 - KỲ ĐỒNG 2000000974 - CTC 470mt | I42: 2*995 chiều nay NK tầm 250T là đủ Lệnh ok rồi tàu tới cho vô làm liền đi | J42: Mặt Trời | K42: =C42 -> 3320
A43: 39 | B43: Minh Khánh 86 | C43: 3550 | D43: Xong | E43: 20h20 ngày 25/05 Bến 1 | F43: Dung Quất | G43: CẨM NGUYÊN | H43: 2000000984 - TVP 2830MT 2000001005 - MITSUI (Toàn Thắng) 720mt - chỉ ra 1 hóa đơn | J43: Mạnh Thắng | K43: =C43 -> 3550
A44: 40 | B44: THÁI HÀ 18 | C44: 3050 | D44: Xong | E44: Bến 3 Fishing qua bến 1 thế lot Minh Khánh 86 | F44: Dung Quất | G44: Hải Phòng | H44: 2000001004 - VINAS 500t 2000001009 - TPHN 1000mt (hàng nguội) 2000001000 - VINAS 1500MT | J44: Mặt Trời | K44: =C44 -> 3050
A45: 41 | B45: Hoàng Lương 03 | C45: 3200 | D45: Xong | E45: 04h10 ngày 27/05 Bến 1 | F45: Dung Quất | G45: Hải Phòng | H45: 2200001063 - OTHY | I45: Hàng hóa ok đẩy vô làm đi | J45: Mạnh Thắng | K45: =C45 -> 3200
A46: 42 | B46: Hoàng Bách 01 | C46: 1900 | D46: Xong | E46: 18h00 ngày 27/05 Bến 2 | F46: Dung Quất | G46: Hải Phòng | H46: 2200001063 - OTHY 460T 2000001011 - PVX 1400MT | J46: Mặt Trời | K46: =C46 -> 1900
A47: 43 | B47: Vinacomin Hà Nội | C47: 7650 | D47: Xong | E47: 17h00 ngày 26/05 Cảng HH | F47: Dung Quất | G47: Tân Thuận | H47: 2000001010 - Quang Mười 1000mt - HẢI ANH 2000000985 - Toyota Tsusho 1000m - BÍCH 2200001049 - OTHY 1624T xuất hết mapping - HUY 2000000979 - Tôn Đông Á - cân tải 4100mt - HẢI ANH | J47: Thiên Phúc | K47: =C47 -> 7650
A48: 44 | B48: Mạnh Thắng 28 | C48: 4350 | D48: Xong | E48: 11h30 ngày 28/05 Bến 1 | F48: Dung Quất | G48: Miền Nam | H48: 2200001059 - OTBD 2730MT (đi hết map) 2200001046 - OTBD 1315MT (đi hết map) 2200001066 - OTBD 330mt (cân tải) | I48: =4350-2700-1315 -> 335 | J48: Mạnh Thắng | K48: =C48 -> 4350
A49: 45 | B49: Mạnh Thắng 36 | C49: 2980 | D49: Xong | E49: 0h30 Ngày 29/05 Bến 2 | F49: Dung Quất | G49: Thiên Lộc Thành | H49: 2000001001 - VINAONE 2000000991 - TÂY NAM (2.00x1232) 2000000988 - METAL ONE (2.30x1264) | I49: NGÀY 27/5 ĐỦ HÀNG, CÓ THỂ CHO VÔ TRƯỚC Lệnh 2*991 thấy đã sản xuất chiều 28/05 NK đủ | J49: Mạnh Thắng | K49: =C49 -> 2980
A50: 46 | B50: Minh Khánh 28 | C50: 3200 | D50: Xong | E50: 13h45 ngày 29/05 Bến 1 | F50: Dung Quất | G50: TÂN THUẬN | H50: 2000000996 - ĐÔNG Á - NGÀY 30/5 DUYỆT LỆNH | I50: cho tàu vào làm trc nhưng ko ra hóa đơn, đợi thông báo của PKD | J50: Mạnh Thắng | K50: =C50 -> 3200
A51: 47 | B51: Minh Tiến 99 | C51: 3500 | D51: Xong | E51: 05h00 ngày 30/05 Bến 1 | F51: Dung Quất | G51: Hải Phòng | H51: 2200001045 - OTHY 850MT 2200001060 - THP cân tải (2650mt) ưu tiên 2.25, 2.30 x1232 | J51: MT Hà Nội | K51: =C51 -> 3500
A52: 48 | B52: Đạt Anh 27 | C52: 3050 | D52: Xong | E52: 22h00 ngày 30/05 Bến 1 | F52: Dung Quất | G52: Miền Nam | H52: 2000000972 - LÊ PHAN GIA 2000000999- QH (1000T) | I52: ƯU TIÊN NHÉ Hàng hóa + Lệnh ok đẩy vô làm thôi | J52: Mặt Trời | K52: =C52 -> 3050
A53: 49
A54: 50
A55: 51
A56: 52 | B56: Mạnh Dũng 79 | C56: HỦY | D56: 22.05.22 | F56: Dung Quất | G56: TÂN THUẬN | I56: PCN báo tối ngày 24/05 mới NK được | J56: MT Hà Nội | K56: =C56 -> HỦY
A57: 53 | B57: Duy Hoàng 99 | C57: S95 | D57: 17-18.05.22 | F57: Dung Quất | G57: Miền Nam | H57: tàu này chuyển sang lấy S95 | J57: MT Hà Nội | K57: =C57 -> S95
A58: 54 | B58: Minh Tiến 26 | C58: 4300 | D58: hủy | F58: Dung Quất | G58: Hải Phòng | J58: Mặt Trời | K58: =C58 -> 4300
A59: 55 | B59: Gia Lĩnh 68 | C59: hủy | D59: 20.05.22 | F59: Dung Quất | G59: Thiên Lộc Thành | J59: Mặt Trời | K59: =C59 -> hủy
A60: 56 | B60: Trường An 08 | C60: sự cố | D60: 20.05.22 | F60: Dung Quất | G60: Hải Phòng | J60: Nam Phát | K60: =C60 -> sự cố
A61: 57
A62: 58
A63: 59
A64: 60

Sheet LỊCH TÀU - 04.22
A2: CẬP NHẬT TÌNH HÌNH XUẤT HÀNG HRC THÁNG 04/2022
C3: =SUBTOTAL(9,C5:C396) -> 245280 | I3: =TODAY() -> 45960
A4: STT | B4: Tàu | C4: KHỐI LƯỢNG | D4: CẬP NHẬT TÌNH HÌNH/ETA | E4: CẬP NHẬT ETB | F4: CẢNG XẾP | G4: CẢNG ĐẾN | H4: LỆNH XUẤT HÀNG | I4: GHI CHÚ | J4: ĐẠI LÝ | K4: LASHING | L4: KL | M4: TỔNG HỢP | N4: =SUM(N5:N10) -> 245280
A5: {=_xlfn.SEQUENCE(70,1,1,)} -> 1 | B5: Gia Lĩnh 68 | C5: 4550 | D5: Xong | F5: Dung Quất | G5: Tân Thuận | H5: 2200000962 - OTHY 1000T Dán màu xanh 2200000963 - OTHY 370T Dán màu đỏ 2200000965 - OTHY 900T Dán màu vàng 2200000966 - OTHY 1400T bỏ lại những cuộn gửi trên nhóm 2200001001 - OTBD cân tải | I5: CHÚ Ý LỆNH 966 KHÔNG XUẤT 4 CUỘN TRÊN NHÓM THÔNG TIN NHANH | J5: Mặt Trời | K5: CTH | L5: =C5 -> 4550 | M5: Mạnh Thắng | N5: =SUMIF($J:$J,M5,L:L) -> 30209
A6: 2 | B6: Minh Tiến 26 | C6: 4300 | D6: Xong | E6: 04.04.22 | F6: Dung Quất | G6: Hải Phòng | H6: HÀNG CỦA OTHP + CÁN NGUỘI | I6: =4300-3200-786 -> 314 | J6: Mặt Trời | K6: CTH | L6: =C6 -> 4300 | M6: Thiên Phúc | N6: =SUMIF($J:$J,M6,L:L) -> 41380
A7: 3 | B7: Hiền Anh 688 | C7: 4050 | D7: Xong | E7: B3 | F7: Dung Quất | G7: Thiên Lộc Thành | H7: 2000000871 - VNO (960T) 2000000876 - VNO (1000t) 2000000864 - MOV (980T) 2000000848 - TN - (940T) 2000000847 - TN (CÂN TẢI HÀNG 1212) | J7: Mạnh Thắng | K7: CTH | L7: =C7 -> 4050 | M7: Mặt Trời | N7: =SUMIF($J:$J,M7,L:L) -> 85210
A8: 4 | B8: ITASCO 35 | C8: 3050 | D8: Xong | E8: 11h20-05.04-B5 | F8: Dung Quất | G8: Nghi Sơn | H8: 2000000779 - HOA SEN (2500mt) 2000000878 - HOA SEN T4 (550mt) | J8: Thiên Phúc | K8: CTH | L8: =C8 -> 3050 | M8: Nam Phát | N8: =SUMIF($J:$J,M8,L:L) -> 19350
A9: 5 | B9: Phúc Tình 26 | C9: 3280 | D9: Xong | E9: 17h-05.04-B2 | F9: Dung Quất | G9: Thiên Lộc Thành | H9: 2000000851 - VNO (1850T) --> LỆNH CHƯA DUYỆT 2000000875 - MOV (480T) 2000000852 - VNO (950T) --> LỆNH CHƯA DUYỆT | I9: THỨ 3 DUYỆT LÊN ĐỦ DUNG SAI | J9: Mặt Trời | K9: CTH | L9: =C9 -> 3280 | M9: Bình Sơn | N9: =SUMIF($J:$J,M9,L:L) -> 8361
A10: 6 | B10: Sinh Đôi 102 | C10: 3400 | D10: Xong | E10: 18h-05.03-B3 | F10: Dung Quất | G10: Hải Phòng | H10: 2200000982 - THP chỉ xuất hàng 2.25, 2.45x1212 | J10: MT Hà Nội | K10: CTH | L10: =C10 -> 3400 | M10: MT Hà Nội | N10: =SUMIF($J:$J,M10,L:L) -> 60770
A11: 7 | B11: Vinacomin Hà Nội | C11: 7700 | D11: Xong | E11: 10h40-05.04-B5 | F11: Dung Quất | G11: Hải Phòng | H11: 2200001000 - NMCN 2300T 2200001002 - NMCN cân tải | I11: Nam báo KH sáng mai 8h30 vào làm nhé mn | J11: Thiên Phúc | K11: CTH | L11: =C11 -> 7700
A12: 8 | B12: Gia Bảo 36 | C12: 4000 | D12: Xong | E12: 18h-06.04-B5 | F12: Dung Quất | G12: Hải Phòng | H12: 2000000869 - TMN 1400T 2000000879 - TMN cân tải | J12: Mặt Trời | K12: CTH | L12: =C12 -> 4000
A13: 9 | B13: Minh Quang | C13: 5600 | D13: Xong | E13: 17h-07.04-B5 | F13: Dung Quất | G13: Hải Phòng | H13: 2000000868 - TCĐ 4732 MT 2000000881 - THIÊN TRƯỜNG (600T hết map) 2200000994 - OTHY 300mt (cân tải) | I13: =4732+600 -> 5332 | J13: MT Hà Nội | K13: CTH | L13: =C13 -> 5600
A14: 10 | B14: Mạnh Thắng 36 | C14: 2980 | D14: Xong | E14: 07.04.22 | F14: Dung Quất | G14: Long Bình | H14: 2200000992 - OTBD 110T 2200001001 - OTBD 360T 2200001004 - OTBD cân tải | J14: Mạnh Thắng | K14: CTH | L14: =C14 -> 2980
A15: 11 | B15: Minh Tiến 88 | C15: 3550 | D15: Xong | E15: 10h-08.04-B5 | F15: Dung Quất | G15: Hải Phòng | H15: 2000000883 - CTC 2550MT 2200000958 - OTHY 1000T | J15: Mặt Trời | K15: CTH | L15: =C15 -> 3550
A16: 12 | B16: Phương Nam 145 | C16: 4650 | D16: Xong | E16: 14h-08.04-B5 | F16: Dung Quất | G16: Hải Phòng | H16: 2200000982 - THP 2700MT 2200001002 - NMCN 900T 2000000873 - Phú Nam 1050MT HÀNG 7.8 & 9.8 | J16: MT Hà Nội | K16: CTH | L16: =C16 -> 4650
A17: 13 | B17: Trường An 126 | C17: 5500 | D17: Xong | E17: 17h-08.04-B5 | F17: Dung Quất | G17: Hải Phòng | H17: 2200000982 - THP 5000 2000000816 - Phúc Tiến 500mt | J17: Thiên Phúc | K17: CTH | L17: =C17 -> 5500
A18: 14 | B18: Khánh Linh 666 | C18: 4800 | D18: Xong | E18: 20h-09.04-B1 | F18: Dung Quất | G18: Tân Thuận | H18: 2000000877 - TSUSHO (950) 2000000862 - TÔN ĐÔNG Á (2850) 2000000892 - TÔN ĐÔNG Á (1000T) | J18: Mạnh Thắng | K18: CTH | L18: =C18 -> 4800
A19: 15 | B19: TRƯỜNG AN 19 | C19: 4700 | D19: Xong | E19: 15h-09.4-B3 | F19: Dung Quất | G19: Phú Mỹ | H19: 2000000781 - HOA SEN 2950 MT 2000000795 - TLPM (1750MT) | J19: MT Hà Nội | K19: CTH | L19: =C19 -> 4700
A20: 16 | B20: Đức Việt 568 | C20: 3350 | D20: Xong | E20: 5h-10.04-B3 | F20: Dung Quất | G20: Hải Phòng | H20: 2200001007 - NMCN 2200T 2200001020 - NMCN 1200T Cân tải | J20: Nam Phát | K20: CTH | L20: =C20 -> 3350
A21: 17 | B21: An Trung 46 | C21: 2950 | D21: Xong | E21: 6h30-11.04-B2 | F21: Dung Quất | G21: Hải Phòng | H21: 2200001020 - NMCN 1000T 2200001023 - OTHY 1300T 2200001024 - OTHY cân tải | J21: Nam Phát | K21: CTH | L21: =C21 -> 2950
A22: 18 | B22: VIPMACO | C22: 4050 | D22: Xong | E22: 6h30-11.04-B5 | F22: Dung Quất | G22: Hải Phòng | H22: 2000000880 - TMP 2000T 2200000982 - THP cân tải | J22: Mặt Trời | K22: CTH | L22: =C22 -> 4050
A23: 19 | B23: Phương Nam 45 | C23: 4350 | D23: Xong | E23: 12h30-11.04-B3 | F23: Dung Quất | G23: Hải Phòng | H23: 2000000886 - Việt Nhật 1400mt - 2000000887 - Metal One 1100mt - LỆNH CHƯA DUYỆT 2200000982 - THP 1800MT (CÂN TẢI) | J23: Thiên Phúc | K23: CTH | L23: =C23 -> 4350
A24: 20 | B24: Bình Sơn 76 | C24: 2787 | D24: Xong | E24: 11h30-12.04-B3 | F24: Dung Quất | G24: Hải Phòng | H24: 2000000893 - TIẾN LỢI (500T) 2000000900 - NAM PHÁT (1080T) - 12/4 16h duyệt lệnh 2200000990 - THP 250MT 2200000982 - THP 950MT (cân tải) | J24: Bình Sơn | K24: CTH | L24: =C24 -> 2787
A25: 21 | B25: Phú Minh 99 | C25: 2900 | D25: Xong | E25: 17h30-12.04-B2 | F25: Dung Quất | G25: PHÚ MỸ | H25: 2000000891 - ĐÔNG Á | J25: Mặt Trời | K25: CTH | L25: =C25 -> 2900
A26: 22 | B26: Hà Dương 06 | C26: 2300 | D26: Xong | E26: 2h30-12.04-B2 | F26: Dung Quất | G26: Cẩm Nguyên | H26: 2000000896 - TOÀN THẮNG - 700T 2000000842 - NAM HƯNG - 1650T | I26: ƯU TIÊN VÀO LÀM TRƯỚC KHÔNG HẾT HẠN LC | J26: Thiên Phúc | K26: CTH | L26: =C26 -> 2300
A27: 23 | B27: Minh Tiến 99 | C27: 3550 | D27: Xong | E27: B1 | F27: Dung Quất | G27: Hoàng Diệu | H27: 2000000883 - CTC 1000MT 2000000881 - THIÊN TRƯỜNG (400t) 2200001007 - NMCN 2250MT (cân tải) | J27: MT Hà Nội | K27: CTH | L27: =C27 -> 3550
A28: 24 | B28: Gia Lĩnh 68 | C28: 4550 | D28: Xong | E28: B5 | F28: Dung Quất | G28: Cẩm Nguyên | H28: 2000000867 - Indeco 950MT 2000000895 - MOV (TOÀN THẮNG) - 700T 2000000885 - VIỆT THÀNH - 2900T - thứ 4 duyệt | I28: LÊN HÀNG XONG CHƯA GIAO CHỨNG TỪ CHO TÀU, ĐỢI CÓ THÔNG BÁO TỪ PKD MỚI GIAO | J28: Mặt Trời | K28: CTH | L28: =C28 -> 4550
A29: 25 | B29: Thuận Phong 18 | C29: 5880 | D29: Xong | E29: 15h30-13.04-B3 | F29: Dung Quất | G29: Đồng Nai | H29: 2200001004 - OTBD 470T 2200001008 - OTBD 3070T 2200001019 - OTBD 2000T 2200000966 - OTHY 90T 2200001022 - OTBD cân tải | J29: Mặt Trời | K29: CTH | L29: =C29 -> 5880
A30: 26 | B30: Minh Khánh 28 | C30: 3250 | D30: Xong | E30: 15h30-15.04-B3 | F30: Dung Quất | G30: Hoàng Diệu | H30: 2200000982 - THP 880T 2000000874 - Thép Hình 500MT 2200001026 - NMCN cân tải | J30: Mạnh Thắng | K30: CTH | L30: =C30 -> 3250
A31: 27 | B31: Mạnh Thắng 36 | C31: 2980 | D31: Xong | E31: 20h-16.04-B1 | F31: Dung Quất | G31: Cẩm Nguyên | H31: 2000000865 - NAM HƯNG 2000MT 2200001028 - OTBD 2.00 400T, 2.95 400T, 2.50 200T | J31: Mạnh Thắng | K31: CTH | L31: =C31 -> 2980
A32: 28 | B32: Hải An 68 | C32: 4600 | D32: Xong | E32: 11h-16/04/2022 | F32: Dung Quất | G32: mipec | H32: 2200001012 - OTHY CÂN TẢI 2200001024 - OTHY 800T 2200001025 - OTHY 500T 2000000889 - Amecc 1000MT | I32: Hàng hóa + Lệnh ok đẩy vô làm thôi | J32: Mặt Trời | K32: CTH | L32: =C32 -> 4600
A33: 29 | B33: Duy Hoàng 99 | C33: 3260 | D33: Xong | E33: 20h-17.04-B1 | F33: Dung Quất | G33: CẨM NGUYÊN | H33: 2000000865 - NAM HƯNG - 3000 - ĐI ĐỦ DUNG SAI CÁC MÃ 2000000842 - NAM HƯNG - đi nốt hàng 2.00x1260 - CẦN CHỐT NGÀY 17/4 LUÔN Ạ 2200001028 - OTBD 2.00 400T, 2.95 400T, 2.50 200T (170T, XEM CÒN HÀNG NÀY KHÔNG THÌ ĐI, KHÔNG THÌ LÀ HẾT HÀNG) | I33: Hàng hóa + Lệnh ok đẩy vô làm thôi CẦN ĐẨY NHANH TÀU NÀY | J33: Mặt Trời | K33: CTH | L33: =C33 -> 3260
A34: 30 | B34: Phú Thành | C34: 18000 | D34: Xong | E34: 6h-14.04-B5 | F34: Dung Quất | G34: Tân Thuận | H34: 2000000905 - KỲ ĐỒNG (3000) - 13/4 duyệt 2000000909 - SMCTT 2400MT - ngày 15/4 duyệt 2000000882 - TÂY NAM STEEL (1000) 2000000897 - QH PLUS (2000) - 13/4 duyệt 2000000901 - Maru (Nam Phát) 3900mt - 12/4 duyệt 2000000884 - CTC 390mt 2000000906 - TTK 473MT 2000000907 - TTK 474MT 2000000866 - Metal One (TLH) 2000MT 2200001013 - OTHY đi Tân Thuận (huy) 1600mt 2200001015 - OTHY đi Tân Thuận (huy) 900mt | I34: HUY check kỹ 1013 +1015 nhé. 1013+1015 sản xuất ngày 15-17/04/2022 | J34: Mặt Trời | K34: CTH | L34: =C34 -> 18000
A35: 31 | B35: Phúc Tình 26 | C35: 3280 | D35: Xong | E35: 12h-18.04-B1 | F35: Dung Quất | G35: Long Bình | H35: 2000000899 - LÊ PHAN GIA (2500) 2200001022 - OTBD cân tải | I35: Hàng hóa + Lệnh ok đẩy vô làm thôi CẦN ĐẨY NHANH TÀU NÀY | J35: Mặt Trời | K35: CTH | L35: =C35 -> 3280
A36: 32 | B36: Minh Khánh 86 | C36: 3550 | D36: Xong | F36: Dung Quất | G36: Tân Cảng 128 | H36: 2000000860 - Việt Đức 3000mt 2200001007 - NMCN cân tải | J36: Mạnh Thắng | K36: CTH | L36: =C36 -> 3550
A37: 33 | B37: Bình Sơn 79 | C37: 2787 | D37: Xong | E37: 21h30-18.04-B3 | F37: Dung Quất | G37: Tân Cảng 128 | H37: 2200000994 - OTHY 412T 2200001006 - OTHY 95T 2000000913 - NHẬT QUANG 1000MT 2200001007 - NMCN (cân tải) | I37: =2787-412-95-1000 -> 1280 | J37: Bình Sơn | K37: CTH | L37: =C37 -> 2787
A38: 34 | B38: ITASCO 25 | C38: 4700 | D38: Xong | E38: 03h-19.04-B1 | F38: Dung Quất | G38: Tân Cảng 128 | H38: 2000000915 - PVX 980mt 2000000916 - PVX 980mt 2000000870 - Phú Thái 200mt 2000000902 - NIPPON (250) 2000000894 - VINAS (970T) 2200001007 - NMCN 1350MT | I38: cố gắng cân hết hàng của lệnh 22*1007 => ko để dư. | J38: Thiên Phúc | K38: CTH | L38: =C38 -> 4700
A39: 35 | B39: Vinh Hiển 68 | C39: 3800 | D39: Xong | E39: B2 | F39: Dung Quất | G39: Hải Phòng | H39: 2200001032 - NMCN cân tải 2200001026 - NMCN 1030mt 250mt THÉP CUỘN (liên hệ chị Nguyên) | I39: =3800-1030-250 -> 2520 | J39: MT Hà Nội | K39: CTH | L39: =C39 -> 3800
A40: 36 | B40: Phương Nam 126 | C40: 5250 | D40: Xong | E40: 11h30-19.04-B5 | F40: Dung Quất | G40: Hoàng Diệu | H40: 2000000914 - Tấn Phát 1000MT 2200001030 - OTHY 1400T 2200001031 - OTHY 2030T 2200001032 - NMCN 800mt | J40: Nam Phát | K40: CTH | L40: =C40 -> 5250
A41: 37 | B41: Trường An 125 | C41: 5000 | D41: Xong | E41: 12h-19.04-B3 | F41: Dung Quất | G41: Tân Cảng 128 | H41: 2000000861 - OTVĐ 3000MT 2200000998 - OTHY 1210T 2200001002 - NMCN 220MT 2200001032 - NMCN cân tải | J41: MT Hà Nội | K41: CTH | L41: =C41 -> 5000
A42: 38 | B42: Phú Minh 99 | C42: 2930 | D42: Xong | E42: 16h30-20.04-B2 | F42: Dung Quất | G42: Phú Mỹ | H42: 2000000908 - SMCCK 2350MT 2000000910 - SMCCK 600MT | J42: Mặt Trời | K42: CTH | L42: =C42 -> 2930
A43: 39 | B43: Phương Nam 98 | C43: 4720 | D43: Xong | E43: Bến 2 | F43: Dung Quất | G43: Hải Phòng | H43: 2200001012 - NMCN 941MT 2000000904 - Chính Đại 3280mt 250mt THÉP CUỘN (liên hệ chị Nguyên) 22*1010 - THP (cân tải) | J43: MT Hà Nội | K43: CTH | L43: =C43 -> 4720
A44: 40 | B44: Hải An 18 | C44: 3180 | D44: Xong | E44: 11h45-21.04-B3 | F44: Dung Quất | G44: Phú Mỹ | H44: 2000000910 - SMCCK 1200MT 2000000921 - JFE ĐÔNG Á (2000T) - 21/4 DUYỆT | I44: lệnh 2*921 đang thiếu 2K hàng đang sản xuất (SÁNG 21/04 NHẬP KHO ĐỦ) | J44: MT Hà Nội | K44: CTH | L44: =C44 -> 3180
A45: 41 | B45: Minh Khánh 79 | C45: 4000 | D45: Xong | E45: Bến 3 - 20h00 ngày 22/04 | F45: Dung Quất | G45: Hải Phòng | H45: 2200001036 - OTHY 2900T 2200001038 - NMCN 1150T cân tải | J45: Mạnh Thắng | K45: CTH | L45: =C45 -> 4000
A46: 42 | B46: Hiền Anh 777 | C46: 4599 | D46: Xong | F46: Dung Quất | G46: Miền Nam | H46: 2000000931 - LÊ PHAN GIA 2000000934 - LÊ PHAN GIA 2200001035 - OTBD cân tải ưu tiên đi 3.00x1250 và 2.15-2.5 2200001028 - OTBD | I46: Ưu tiên gì lệnh 22*1035 tồn có 2,032T mấy còn thiếu 65T mới đủ tải kìa - thế thì đi hết ạ | J46: Mạnh Thắng | K46: CTH | L46: =C46 -> 4599
A47: 43 | B47: PHÚC THÀNH 89 | C47: 4300 | D47: Xong | F47: Dung Quất | G47: Hải Phòng | H47: 2200001010 - THP xuất hàng 1212 2200001032 - NMCN 725 MT 2200001038 - NMCN 500T 2200001037 - NMCN 1800T | I47: =4300-725-500-1800 -> 1275 | J47: Thiên Phúc | K47: CTH | L47: =C47 -> 4300
A48: 44 | B48: Thanh Phong 28 | C48: 3060 | D48: Xong | F48: Dung Quất | G48: Quy Nhơn | H48: 2000000927 - HOA SEN | J48: Mặt Trời | K48: CTH | L48: =C48 -> 3060
A49: 45 | B49: Phú Minh 99 | C49: 2930 | D49: Xong | E49: B2 | F49: Dung Quất | G49: Phú Mỹ | H49: 2000000923 - JFE ĐÔNG Á (1500T) 2000000924 - TẤM LÁ (1350T) cân tải 2200001009 - THP (500T) | I49: Lệnh + hàng ok | J49: Mặt Trời | K49: CTH | L49: =C49 -> 2930
A50: 46 | B50: MINH ĐOÀN 18 | C50: 3660 | D50: Xong | E50: 5h-27.04-B2 | F50: Dung Quất | G50: Long Bình | H50: 2200001022 - OTBD 800T 2200001034 - OTBD cân tải | I50: Lệnh + hàng ok | J50: Mặt Trời | K50: CTH | L50: =C50 -> 3660
A51: 47 | B51: Minh Tiến 99 | C51: 3500 | D51: Xong | E51: 19h30-26.04-B1 | F51: Dung Quất | G51: Hải Phòng | H51: 2200001010 - THP | I51: OK | J51: MT Hà Nội | K51: CTH | L51: =C51 -> 3500
A52: 48 | B52: VINACOMIN HÀ NỘI | C52: 7650 | D52: Xong | E52: 11h00 - 25/04 Bến 3 | F52: Dung Quất | G52: Miền Nam | H52: 2200001014 - OTHY 1600T xuất âm 8% lượng còn lại đi tàu khác không gỡ mapping(dán tem màu) 2200001016 - OTHY 900T xuất âm 8% lượng còn lại đi tàu khác không gỡ mapping(dán tem màu) 2000000932 - TÔN ĐÔNG Á ĐI TÂN THUẬN 2000000930 - TÔN ĐÔNG Á ĐI TÂN THUẬN | I52: LAN ANH THỨ 2 DUYỆT HỘ LỆNH ĐÔNG Á Cần tầm 400T để đủ tải có lệnh cho lên luôn mn => HÔM NAY MAPPING THÊM - đã map thêm rồi | J52: Thiên Phúc | K52: CTH | L52: =C52 -> 7650
A53: 49 | B53: Bình Sơn 76 | C53: 2787 | D53: Xong | E53: 12h-27.04-B2 | F53: Dung Quất | G53: Hải Phòng | H53: 2200001010 - THP | I53: Đã đủ hàng | J53: Bình Sơn | K53: CTH | L53: =C53 -> 2787
A54: 50 | B54: Đạt Anh 27 | C54: 3050 | D54: Xong | E54: 14h-27.04-B1 | F54: Dung Quất | G54: Phú Mỹ | H54: 2000000924 & 2000000929: TLPM - 2000 MT - chiều 27/4 duyệt lệnh 2000000917 - THE ONE 800T chờ nhập kho 2200001027 - ĐLHP 100T | J54: Mặt Trời | K54: CTH | L54: =C54 -> 3050
A55: 51 | B55: Phương Nam 45 | C55: 4350 | D55: Xong | E55: 28.04 - bến 2 | F55: Dung Quất | G55: Hải Phòng | H55: 2200001010 - THP CÂN TẢI (cố nốt) 2580mt 2200001017 - OTHY 1775MT | I55: Chiều 28/4 nhập kho đủ, cân đối vào làm dần Làm KH luôn cũng đc -Hiện Lệnh 22*1010 tồn chỉ còn 1K8 Chiều nay NK max thì chỉ có 1K3, Ngày mai mới NK xong | J55: MT Hà Nội | K55: CTH | L55: =C55 -> 4350
A56: 52 | B56: Thiên Phúc 17 | C56: 1830 | D56: Xong | E56: Bên 1 | F56: Dung Quất | G56: Hải Phòng | H56: 2200001044 - NMCN 1830MT | J56: Thiên Phúc | K56: CTH | L56: =C56 -> 1830
A57: 53 | B57: THUẬN PHONG 18 | C57: 5870 | D57: Xong | E57: 28.04 - bến 3 | F57: Dung Quất | G57: ĐỒNG NAI | H57: 2200001028 - OTBD 2200001034 - OTBD cân tải | I57: Lệnh + hàng ok | J57: MT Hà Nội | K57: CTH | L57: =C57 -> 5870
A58: 54 | B58: Tùng Linh 01 | C58: 3150 | D58: Xong | F58: Dung Quất | G58: Hải Phòng | H58: 2200001044 - NMCN 3150MT | J58: MT Hà Nội | K58: CTH | L58: =C58 -> 3150
A59: 55 | B59: Phương Nam 145 | C59: 4650 | D59: Xong | E59: 7h30 ngày 29-04 (Bến 1) | F59: Dung Quất | G59: Hải Phòng | H59: 2200001044 - NMCN 4650MT | J59: Nam Phát | K59: CTH | L59: =C59 -> 4650
A60: 56 | B60: Thành Công 168 | C60: 3150 | D60: Xong | E60: Ngày 30/04 - Bến 1 | F60: Dung Quất | G60: Long Bình | H60: 2200001013 - OTHY đi Long Bình - 95mt 2200001042 - OTBD 3050 MT | I60: LỆNH + HÀNG OK | J60: Nam Phát | K60: CTH | L60: =C60 -> 3150
A61: 57 | B61: Phúc An 26 | C61: 3380 | D61: Xong | E61: 02h50 ngày 30-04 (Bến 2) | F61: Dung Quất | G61: Hải Phòng | H61: 2000000904 - TCĐ 1140T 2000000954 - TCĐ 800T 2200001011 - OTHY cân tải | J61: Mặt Trời | K61: CTH | L61: =C61 -> 3380
A62: 58 | B62: Minh Quang 06 | C62: 5300 | D62: Đang làm hàng | E62: 14h00 -ngày 30/04 - Bến 3 | F62: Dung Quất | G62: Nghi Sơn | H62: 2000000928 - Hoa Sen | I62: Lệnh+ Hàng OK rồi nhé Làm KH bình thường, làm vắt tháng cũng đc | J62: MT Hà Nội | K62: CTH | L62: =C62 -> 5300
A63: 59
A64: 60
A65: 61
A66: 62
A67: 63
A68: 64
A69: 65 | B69: Bảo Long 03 | C69: HỦY | D69: 23.04.22 | F69: Dung Quất | G69: Phú Mỹ | H69: 2000000923 - JFE ĐÔNG Á (1500T) - 22/4 2000000924 - TẤM LÁ (1350T) 2200001009 - THP 500T đi hết | J69: MT Hà Nội | K69: CTH | L69: =C69 -> HỦY
A70: 66 | B70: Thắng Lợi 89 | C70: HỦY | D70: 10.04.22 | F70: Dung Quất | G70: Hải Phòng | I70: =4300-1400-1100 -> 1800 | J70: MT Hà Nội | K70: CTH | L70: =C70 -> HỦY
A71: 67 | B71: Minh Khai 88 | C71: HỦY | D71: 10.04.22 | E71: 10.04.22 | F71: Dung Quất | G71: Hải Phòng | J71: Mặt Trời | K71: CTH | L71: =C71 -> HỦY
A72: 68
A73: 69
A74: 70

Sheet LỊCH TÀU - 03.22
A2: CẬP NHẬT TÌNH HÌNH XUẤT HÀNG HRC THÁNG 03/2022
C3: =SUBTOTAL(9,C5:C85) -> 272368 | I3: =TODAY() -> 45960
A4: STT | B4: Tàu | C4: KHỐI LƯỢNG | D4: CẬP NHẬT TÌNH HÌNH/ETA | E4: CẬP NHẬT ETB | F4: CẢNG XẾP | G4: CẢNG ĐẾN | H4: LỆNH XUẤT HÀNG | I4: GHI CHÚ | J4: ĐẠI LÝ | K4: LASHING | L4: NG PT | M4: KL | N4: TỔNG HỢP | O4: =SUM(O5:O12) -> 272368
A5: {=_xlfn.SEQUENCE(70,1,1,)} -> 1 | B5: An Trung 46 | C5: 2950 | D5: 01.03.22 | E5: Xong | F5: Dung Quất | G5: Hải Phòng | H5: 2000000787 - Nam Phát | J5: Nam Phát | K5: Thái Sơn | M5: =C5 -> 2950 | N5: Mạnh Thắng | O5: =SUMIF($J:$J,N5,M:M) -> 49400
A6: 2 | B6: Hồng Dương 18 | C6: 2660 | D6: 28.02.22 | E6: Xong | F6: Dung Quất | G6: Hải Phòng | H6: 2200000950 - THP 2000000761 - Phúc Tiến 500mt | J6: MT Hà Nội | K6: MT Hà Nội | M6: =C6 -> 2660 | N6: MT Hà Nội | O6: =SUMIF($J:$J,N6,M:M) -> 92010
A7: 3 | B7: Trường An 19 | C7: 4650 | D7: 28.02.22 | E7: Xong | F7: Dung Quất | G7: Hải Phòng | H7: 2200000956 - NMCN 2200000950 - THP cân tải | J7: Thiên Phúc | K7: Thiên Phúc | M7: =C7 -> 4650 | N7: Mặt Trời | O7: =SUMIF($J:$J,N7,M:M) -> 65118
A8: 4 | B8: Phương Nam 45 | C8: 4350 | D8: 01.03.22 | E8: Xong | F8: Dung Quất | G8: Hải Phòng | H8: 2000000786- TMP 4000T 2200000950 - THP Cân tải | J8: MT Hà Nội | K8: MT Hà Nội | M8: =C8 -> 4350 | N8: Nam Phát | O8: =SUMIF($J:$J,N8,M:M) -> 9800
A9: 5 | B9: Phương Nam 136 | C9: 2200 | D9: 01.03.22 | E9: Xong | F9: Dung Quất | G9: Hải Phòng | H9: 2000000787 - Nam Phát | J9: Nam Phát | K9: Thái Sơn | M9: =C9 -> 2200 | N9: Bình Sơn | O9: =SUMIF($J:$J,N9,M:M) -> 0
A10: 6 | B10: Minh Tiến 88 | C10: 3550 | D10: 01.03.22 | E10: Xong | F10: Dung Quất | G10: Hải Phòng | H10: 2200000957 - OTHY 1900T 2200000954 - THP 1500T 2200000950 - THP cân tải | J10: Mặt Trời | K10: Mặt Trời | M10: =C10 -> 3550 | N10: Thiên Phúc | O10: =SUMIF($J:$J,N10,M:M) -> 56040
A11: 7 | B11: Trường Nguyên 68 | C11: PHÔI | D11: 01.03.22 | F11: Dung Quất | G11: Hải Phòng | H11: ĐỔI KẾ HOẠCH LẤY PHÔI | J11: MT Hà Nội | K11: MT Hà Nội | M11: =C11 -> PHÔI
A12: 8 | B12: Phương Nam 126 | C12: 5250 | D12: 16h.02.03.22 bến 3/5 | E12: Xong | F12: Dung Quất | G12: Phú Mỹ | H12: 2000000789 - ĐÔNG Á 2000000777 - ĐÔNG Á (1600T) | I12: LÊN HÀNG 2,20 x 1264 SAU CÙNG => ĐỂ DỠ HÀNG TRƯỚC | J12: Thiên Phúc | K12: Thiên Phúc | M12: =C12 -> 5250
A13: 9 | B13: PHƯƠNG NAM 46 | C13: 3750 | D13: 02.03.22 | E13: Xong | F13: Dung Quất | G13: Hải Phòng | H13: 2000000762 - Thuận Phát 2000mt 2000000760 - Phú Nam 1000mt 2200000950 - THP 750MT | I13: Lần sau mn cẩn thận k xóa gì hết nhé!!! | J13: MT Hà Nội | K13: MT Hà Nội | M13: =C13 -> 3750
A14: 10 | B14: Cao Phát 89 | C14: 4000 | D14: 20h30.02.03 bến 2 | E14: Xong | F14: Dung Quất | G14: CẨM NGUYÊN | H14: 2000000725 - NAM HƯNG 3KT 220000952 - OTBD 3.80x1500, 3.90x1234, 3.90x1234 II, 3.90x1262, 3.90x1262 II, 3.90x1500 II, 4.90x1214, 4.90x1214 II | I14: CON NÀY NÀY 26-27/2 => ĐỂ ĐI CẨM NGUYÊN KỊP SẢN XUẤT BỔ SUNG CHO NAM HƯNG LUÔN | J14: Thiên Phúc | K14: Thiên Phúc | M14: =C14 -> 4000
A15: 11 | B15: Minh Khánh 79 | C15: 3900 | D15: 02.03.22 | E15: Xong | F15: Dung Quất | G15: Hải Phòng | H15: 2200000950 - THP 3900 MT | J15: Mạnh Thắng | K15: Thái Sơn | M15: =C15 -> 3900
A16: 12 | B16: Đại Lộc Phát 368 | C16: Hủy vì cảng vụ k cho xếp | D16: 05.03.22 | F16: Dung Quất | G16: Hải Phòng | J16: Mặt Trời | K16: Mặt Trời | M16: =C16 -> Hủy vì cảng vụ k cho xếp
A17: 13 | B17: Việt Thuận 168 | C17: 16000 | D17: 03.03.22 | E17: Xong | F17: Dung Quất | G17: Tân Thuận | H17: 2200000942 OTBD - 500T 2200000944 OTBD - 2700T 2200000952 OTBD - 5000T 2000000788 - JFE - 2400T - chiều 4/3 duyệt 2000000792 - JFE - 500T - chiều 4/3 duyệt 2000000769 - ĐÔNG Á - 1700T - chiều 4/3 duyệt 2000000791 - ĐÔNG Á - 1000T - chiều 4/3 duyệt 2000000722 - CTC 400MT - sx ngày 02/3 2000000775 - TSUSHO 1000MT ngày 04/3 duyệt lệnh 2000000796 - CTC 800mt 2200000969 | I17: =500+2700+5000+2400+500+1700+1000+400+1000+800 -> 16000 | J17: Mạnh Thắng | K17: Thiên Phúc | M17: =C17 -> 16000
A18: 14 | B18: VTT82 | C18: 4200 | D18: 01.03.22 | E18: Xong | F18: Dung Quất | G18: Hải Phòng | H18: 2200000955 - OTHY 3400 MT 2000000721 - CTC 400MT (đi hết mapping) 2200000951 - THP (đi hết mapping) | I18: Đã làm việc đc với cảng vụ Load hàng bth | J18: Mặt Trời | K18: Mặt Trời | M18: =C18 -> 4200
A19: 15 | B19: Quang Hưng 368 | C19: 3090 | D19: 05-06.03.2022 | E19: Xong | F19: Dung Quất | G19: Hải Phòng | H19: 2200000950 - THP 550MT 2200000974 - OTHY 2470 | J19: Thiên Phúc | K19: Thiên Phúc | M19: =C19 -> 3090
A20: 16 | B20: Hoàng Anh 36 | C20: 3000 | E20: Xong | F20: Dung Quất | G20: Hải Phòng | H20: 2000000765 - Tấn Phát 1000mt 2200000971 - NMCN 2000MT | J20: MT Hà Nội | K20: MT Hà Nội | M20: =C20 -> 3000
A21: 17 | B21: Hoàng Anh 88 | C21: 4000 | D21: 05.03.22 | E21: Xong | F21: Dung Quất | G21: Long An | H21: 2000000766 - Việt Thành 2950mt 2000000797 - TVP 1050MT | I21: 766 để lại hàng 2.00x1219 | J21: MT Hà Nội | K21: MT Hà Nội | M21: =C21 -> 4000
A22: 18 | B22: Minh Khai 88 | C22: 4450 | D22: 06.03.22 | E22: Xong | F22: Dung Quất | G22: Cho về Mipec giúp t nhé HAnh | H22: 2000000734 - KKBV 1650 MT 2200000950 - THP 2800 MT | J22: Mặt Trời | K22: Mặt Trời | M22: =C22 -> 4450
A23: 19 | B23: Hùng Khánh 226 | C23: 4800 | D23: 06.03.22 | E23: Xong | F23: Dung Quất | G23: Long An | H23: 2000000797 - TVP 1950MT 2000000798 - TVP 2900MT | J23: Mặt Trời | K23: Mặt Trời | M23: =C23 -> 4800
A24: 20 | B24: Minh Khánh 25 | C24: 3400 | D24: 08.03.22 | E24: Xong | F24: Dung Quất | G24: THIÊN LỘC THÀNH | H24: 2000000773 - VINAONE (2100t - KO LÊN HẾT MAP) 2000000754 - VINAONE (1000T) 2000000756 - TÂY NAM - 300T (CHỈ LÊN HÀNG 2.30x1232 ĐỦ DUNG SAI, KHÔNG LÊN HẾT MAP) | I24: ANH DANH CÓ ĐỒ GÌ LÊN ĐÂY NÀO | J24: Mạnh Thắng | K24: Thái Sơn | M24: =C24 -> 3400
A25: 21 | B25: Thành Đạt 28 | C25: 3260 | D25: 08.03.22 | E25: Xong | F25: Dung Quất | G25: Miền Nam | H25: 2200000969 - OTBD 3000T 2200000976 - OTBD 500T cân tải | J25: Mặt Trời | K25: Mặt Trời | M25: =C25 -> 3260
A26: 22 | B26: Hà Dương 27 | C26: 2870 | D26: 08.03.22 | E26: Xong | F26: Dung Quất | G26: Hải Phòng | H26: 2200000974 - OTHY 440T 2200000975 - OTHY 570T 2200000971 - NMCN 900T 2200000950 - THP xuất hết mapping | I26: =2870-440-570 -> 1860 | J26: Mặt Trời | K26: Mặt Trời | M26: =C26 -> 2870
A27: 23 | B27: Hoàng Sa 268 | C27: 7200 | D27: 05.03.22 | E27: Xong | F27: Dung Quất | G27: Hải Phòng | H27: 2200000971 - NMCN 6000MT 2200000973 - OTHY 910MT 2200000979 - NMCN can tai | J27: Mặt Trời | K27: Mặt Trời | M27: =C27 -> 7200
A28: 24 | B28: Phương Nam 145 | C28: 4700 | D28: 07.03.22 | E28: Xong | F28: Dung Quất | G28: Hải Phòng | H28: 2200000950 - THP 4700 MT | J28: MT Hà Nội | K28: MT Hà Nội | M28: =C28 -> 4700
A29: 25 | B29: Duy Hoàng 99 | C29: 3250 | D29: 08.03.222 | E29: Xong | F29: Dung Quất | G29: THIÊN LỘC THÀNH | H29: 2000000757 - VINAONE - 1000T 2000000802 - VINAONE - 1000T 2000000771 - VINAONE - 1250T CÂN TẢI | J29: MT Hà Nội | K29: MT Hà Nội | M29: =C29 -> 3250
A30: 26 | B30: Trường An 126 | C30: 5500 | D30: 09.03.22 | E30: Xong | F30: Dung Quất | G30: Hải Phòng | H30: 2200000979 - NMCN 2300mt 2200000980 - OTHY 1300MT 2200000981 - OTHY 1900MT | I30: =5500-1300-1900 -> 2300 | J30: Thiên Phúc | K30: Thiên Phúc | M30: =C30 -> 5500
A31: 27 | B31: MINH HẰNG 262 | C31: 4250 | D31: 10.03.22 | E31: Xong | F31: Dung Quất | G31: Hải Phòng | H31: 2200000979 - NMCN 4250MT | J31: Thiên Phúc | K31: Thiên Phúc | M31: =C31 -> 4250
A32: 28 | B32: Tú Cường 368 | C32: 6300 | D32: 9.03.22 | E32: Xong | F32: Dung Quất | G32: ĐỒNG NAI | H32: 2200000978 OTBD cân tải 2000000800 - LÊ PHAN GIA - 2KT | J32: MT Hà Nội | K32: Mt Hà Nội | M32: =C32 -> 6300
A33: 29 | B33: MINH QUANG | C33: 5600 | D33: 09.03.22 | E33: Xong | F33: Dung Quất | G33: Hải Phòng | H33: 2000000790 - TMP 1900MT chờ LC duyệt lệnh 2200000979 - NMCN 200 mt 2200000959 - NMCN 374T 2000000818 - HÙNG NGUYÊN THÁNG 2 2000000817 - HÙNG NGUYÊN THÁNG 3 | I33: =1900+200+374+3000 -> 5474 | J33: MT Hà Nội | K33: MT Hà Nội | M33: =C33 -> 5600
A34: 30 | B34: VIPMACO | C34: 4050 | D34: 11.03.22 | E34: Xong | F34: Dung Quất | G34: CẨM NGUYÊN | H34: 2000000803 - TOÀN THẮNG - 1000T 2000000738 - INDECO - 600MTS 2000000713 - NAM HƯNG - CÂN TẢI (2500T) | J34: Mặt Trời | K34: Mặt Trời | M34: =C34 -> 4050
A35: 31 | B35: Khánh Linh 68 | C35: 2300 | D35: Neo DQ | E35: Xong | F35: Dung Quất | G35: Hải Phòng | H35: 2000000806 - CTC 2300MT | I35: Hàng hơi nóng | J35: Mạnh Thắng | K35: Thái Sơn | M35: =C35 -> 2300
A36: 32 | B36: Minh Khánh 28 | C36: 3200 | D36: Neo DQ | E36: Xong | F36: Dung Quất | G36: Hải Phòng | H36: 2000000732 - TVĐ 2400MT ko ra hóa đơn 2000000785 - OTVĐ 800MT ko ra hóa đơn | I36: Hàng nguội 20*732 cân đối xuất 2400mt thôi ạ. Cần đủ dung sai các mã vật tư | J36: Mạnh Thắng | K36: Thái Sơn | M36: =C36 -> 3200
A37: 33 | B37: Mạnh Thắng 69 | C37: 3350 | D37: 15.03.22 | E37: Xong | F37: Dung Quất | G37: Phú Mỹ | H37: 2000000795 - TLPM cân tải 2000000784 - SMCCK 1963MT | J37: MT Hà Nội | K37: MT Hà Nội | M37: =C37 -> 3350
A38: 34 | B38: Trường An 125 | C38: 5000 | D38: Neo DQ | E38: Xong | F38: Dung Quất | G38: Tân Thuận | H38: 2000000740 - TIẾN LÊN - 1.000MTS SAE1006 2000000801 - TRUNG TÍN KIM - 500T 2000000796 - CTC - 520T 2000000820 - NIPPON (QH PLUS) - 3000T | I38: Cần xong trong ngày 15/3 | J38: MT Hà Nội | K38: MT Hà Nội | M38: =C38 -> 5000
A39: 35 | B39: Minh Tiến 99 | C39: 3500 | D39: Neo DQ | E39: Xong | F39: Dung Quất | G39: Mipec nha HAnh | H39: 2000000804 - KKBV 2100MT 2000000734 - KKBV 1400MT | I39: Cần xong trong ngày 15/3 | J39: MT Hà Nội | K39: MT Hà Nội | M39: =C39 -> 3500
A40: 36 | B40: Gia Lĩnh 68 | C40: 4500 | D40: Neo DQ | E40: Xong | F40: Dung Quất | G40: TÂN THUẬN | H40: 2000000819 - KỲ ĐỒNG (2700T) 2000000821 - QUANG MƯỜI (1500) 2000000794 - TẤM LÁ PHÚ MỸ (300) | I40: lệnh 819 để lại hàng 7.70x1500 | J40: MT Hà Nội | K40: MT Hà Nội | M40: =C40 -> 4500
A41: 37 | B41: Minh Tiến 88 | C41: 3550 | D41: Neo DQ | E41: Xong | F41: Dung Quất | G41: Mipec nha HAnh | H41: 2000000785 - TVĐ 2620MT 2000000805 - OT190 910mt | J41: Mặt Trời | K41: Mặt Trời | M41: =C41 -> 3550
A42: 38 | B42: Minh Khánh 79 | C42: 3900 | D42: Neo DQ | E42: Xong | F42: Dung Quất | G42: Hải Phòng | H42: 2000000747 - Amecc 550 MT 2000000807 - Amecc 1000 MT 2000000809 - Thanh Phú 1000MT 2200000986 - OTHY 710mt 2200000987 - cân tải 650mt | I42: =3900-550-1000-1000-710 -> 640 | J42: Mạnh Thắng | K42: Thái Sơn | M42: =C42 -> 3900
A43: 39 | B43: Việt Trung 135 | C43: 6650 | D43: Neo DQ | E43: Xong | F43: Dung Quất | G43: Hải Phòng | H43: 2000000825 - TCĐ 2000T 2000000823 - VINAS 1900MT 2000000813 - Thép Hình 1000MT 2000000814 - Phú Nam 1500MT 2200000986 - OTHY 250mt | I43: =6600-2000-1900-1000-1500 -> 200 | J43: MT Hà Nội | K43: MT Hà Nội | M43: =C43 -> 6650
A44: 40 | B44: Hải An 68 | C44: 4500 | D44: Neo DQ | E44: Xong | F44: Dung Quất | G44: THIÊN LỘC THÀNH | H44: 2000000771 - VNO (400T) 2000000772 - VNO (1500T) 2000000824 - VNO - 1700T 2000000774 - TN - 900T HÀNG 2.00x1232 | J44: MT Hà Nội | K44: MT Hà Nội | M44: =C44 -> 4500
A45: 41 | B45: Gia Bảo 268 | C45: 2750 | D45: Neo DQ | E45: Xong | F45: Dung Quất | G45: Hải Phòng | H45: 2000000799 - NIPPON 250T - NGÀY 17/3 DUYỆT LỆNH 2000000833-TIẾN LỢI - 500T 2200000985 - OTHY 2000mt | J45: MT Hà Nội | K45: MT Hà Nội | M45: =C45 -> 2750
A46: 42 | B46: Hoàng Anh 88 | C46: 4000 | D46: Neo DQ | E46: Xong | F46: Dung Quất | G46: Hải Phòng | H46: 2200000985 - OTHY 4000MT | J46: Mặt Trời | K46: Mặt Trời | M46: =C46 -> 4000
A47: 43 | B47: Thuận Phong 18 | C47: 5880 | D47: 17.03.22 | E47: Xong | F47: Dung Quất | G47: Tân Thuận | H47: 2000000793 - ĐÔNG Á - 3500 2000000832 - TTK 550T 2000000783 - SMCTT - 1800 (CÂN TẢI) | I47: 783 ngày 18 duyệt lệnh | J47: Mặt Trời | K47: Mặt Trời | M47: =C47 -> 5880
A48: 44 | B48: Mai Linh 36 | C48: 3550 | D48: Neo DQ | E48: Xong | F48: Dung Quất | G48: CẨM NGUYÊN | H48: 2000000713 - NAM HƯNG (2500) 2200000984,978 - OTBD 300T hàng 2.00, 200T hàng 2.45-2.50, 268T hàng 2.95-3.00 | J48: Mạnh Thắng | K48: Thái Sơn | M48: =C48 -> 3550
A49: 45 | B49: Sinh Đôi 102 | C49: 3400 | D49: 17.03.22 | E49: Xong | F49: Dung Quất | G49: Hải Phòng | H49: 2000000810 - NHẬT QUANG 1000MT 2200000979- NMCN 330MT 2200000987 - NMCN 2081MT | J49: MT Hà Nội | K49: MT Hà Nội | M49: =C49 -> 3400
A50: 46 | B50: Phương Nam 98 | C50: 4650 | D50: Xong | F50: Dung Quất | G50: Hải Phòng | H50: 2000000822 - MARU (NAM PHÁT) 2000000815 - Phúc Tiến 500mt 2200000988 - THP 880MT 2200000982 - THP 770MT | J50: Nam Phát | K50: Thái Sơn | M50: =C50 -> 4650
A51: 47 | B51: HÙNG KHÁNH 10 | C51: 4900 | D51: Xong | F51: Dung Quất | G51: Hải Phòng | H51: 2000000828 - MINH PHÚ 3345MT 2000000836 - MINH PHÚ thiếu tải thì bỏ lại hàng 3.45 | I51: HUY CÂN NỐT 1600MT Sáng 18/03 chốt lệnh | J51: Thiên Phúc | K51: Thiên Phúc | M51: =C51 -> 4900
A52: 48 | B52: Minh Tân 18 | C52: 3650 | D52: Xong | E52: 22h bến 3 | F52: Dung Quất | G52: Hải Phòng | H52: 2200000958 - OTHY 2150MT 2200000982 - THP 1500 | J52: Thiên Phúc | K52: Thiên Phúc | M52: =C52 -> 3650
A53: 49 | B53: Phương Nam 45 | C53: 4350 | D53: Xong | E53: 1hh bến 3 20.03 | F53: Dung Quất | G53: Hải Phòng | H53: 2200000968 - OTHY 3000MT (hàng sx 16-17/2022) 2200000982 - THP 1350MT | J53: MT Hà Nội | K53: MT Hà Nội | M53: =C53 -> 4350
A54: 50 | B54: Phúc Tình 26 | C54: 3280 | D54: Xong | E54: 18h 21.3-B5 | F54: Dung Quất | G54: TÂN THUẬN | H54: 2000000783 - SMCTT - 1200T 2000000826 - QUANG MƯỜI - 1500T (21/3 DUYỆT LỆNH) 2200000978 - OTBD 600 TẤN CÂN TẢI | J54: Mặt Trời | K54: CTH | M54: =C54 -> 3280
A55: 51 | B55: Hải An 36 | C55: 3400 | D55: Xong | E55: 17h 21.3-B3 | F55: Dung Quất | G55: Long Bình | H55: 2200000978 - OTBD 1200T 2200000984 - OTBD cân tải | J55: MT Hà Nội | K55: CTH | M55: =C55 -> 3400
A56: 52 | B56: Hùng Khánh 123 | C56: 4400 | D56: Xong | E56: 23.02-B5 | F56: Dung Quất | G56: Hải Phòng | H56: 2200000993 - OTHY 4400 | J56: Thiên Phúc | K56: CTH | M56: =C56 -> 4400
A57: 53 | B57: Gia Lĩnh 68 | C57: 4550 | D57: Xong | E57: 23.02.22-B3 | F57: Dung Quất | G57: Long Bình | H57: 2200000984 - OTBD 400T 2200000967 - OTBD cân tải | J57: Mặt Trời | K57: CTH | M57: =C57 -> 4550
A58: 54 | B58: Hiền Anh 555 | C58: 4600 | D58: Xong | E58: 17h-24.02-B2 | F58: Dung Quất | G58: PHÚ MỸ | H58: 2000000839 - JFE - 3000T 2200000972 - OTHY 588T 2200000989 - ĐLHP 200T 2000000834 - THE ONE | I58: Lệnh 22-972 không đi 02 cuộn trên nhóm Thông tin nhanh | J58: Thiên Phúc | K58: CTH | M58: =C58 -> 4600
A59: 55 | B59: Khánh Linh 68 | C59: 2300 | D59: Xong | E59: 21h 24.03-B3 | F59: Dung Quất | G59: Hải Phòng | H59: 2000000859 - TMN 2300MT | I59: Lượng Minh Ngọc mn cân đủ cho 2 tàu Khánh Linh và Minh Khánh Cố gắng cân luôn cả OTHY 986 | J59: Mạnh Thắng | K59: CTH | M59: =C59 -> 2300
A60: 56 | B60: VINACOMIN HÀ NỘI | C60: 7700 | D60: Xong | E60: 23h-23.02-B4/6 | F60: Dung Quất | G60: TÂN THUẬN | H60: 2000000835 - TTK 945mt 2000000837 - ĐÔNG Á 3000T xuất trước - giao âm đủ dung sai 2000000841- NAM KIM - 3KT - giao âm, đủ dung sai 2200000964 - OTHY 1000MT Không xuất những cuộn trong Note bên cạnh | I60: Lệnh 22-964 không đi mấy cuộn trên nhóm Thông Tin Nhanh. THIẾU TẢI THÌ LÊN THÊM HÀNG CỦA ĐÔNG Á | J60: THIÊN PHÚC | K60: CTH | M60: =C60 -> 7700
A61: 57 | B61: HOÀNG BẢO 668 | C61: 4050 | D61: Xong | E61: 18h-24.03-B3 | F61: Dung Quất | G61: CẨM NGUYÊN | H61: 2000000842 - NAM HƯNG - 3000T 2200000992 - OTBD cân tải xuất hàng 3.80x1500, 3.90x1264, 3.90x1420, 3.90x1500, 4.90x1500 | J61: THIÊN PHÚC | K61: CTH | M61: =C61 -> 4050
A62: 58 | B62: Minh Đoàn 18 | C62: 3660 | D62: Xong | E62: 6h30-26.03-B3 | F62: Dung Quất | G62: Long Bình | H62: 2200000992 - OTBD 2300T 2200000963 - OTHY 21T xuất theo list hàng PKD gửi 2200000964 - OTHY 100T xuất theo list hàng PKD gửi 2200000965 - OTHY 100T xuất theo list hàng PKD gửi 2200000972 - OTHY 43T xuất theo list hàng PKD gửi 2200000967 - OTBD 1100T | J62: Mặt Trời | K62: CTH | M62: =C62 -> 3660
A63: 59 | B63: Việt Thuận 18 | C63: 4100 | D63: Xong | E63: 8h30-26.03-B4/6 | F63: Dung Quất | G63: Hải Phòng | H63: 2000000806 - Citicom 400mt 2000000870 - Phú Thái 965mt (khôi nguyên) 2200000982 - THP 2500mt xuất 3.95x1262 | I63: Citicom xuất theo mapping. | J63: Mạnh Thắng | K63: CTH | M63: =C63 -> 4100
A64: 60 | B64: Phú Minh 99 | C64: 2918 | D64: Xong | E64: 17h30-26.03-B3 | F64: Dung Quất | G64: THIÊN LỘC THÀNH | H64: 2000000757 - TN 2000000824 - TN 2000000774 - TN 2000000853 - VNO 2000000850 - MOV | I64: LÊN HÀNG XONG CHƯA GIAO CHỨNG TỪ CHO TÀU, ĐỢI CÓ THÔNG BÁO TỪ PKD MỚI GIAO | J64: Mặt Trời | K64: CTH | M64: =C64 -> 2918
A65: 61 | B65: Minh Tiến 99 | C65: 3500 | D65: Xong | E65: 13h30h-27/3-B3 | F65: Dung Quất | G65: Hải Phòng | H65: 2000000854 - Tấn Phát 1000mt 2200000994 - OTHY cân tải 2000000863 - IPC (1000T) | J65: MT Hà Nội | K65: CTH | M65: =C65 -> 3500
A66: 62 | B66: Trường An 125 | C66: 5000 | D66: Xong | E66: 22h-26/3-B6 | F66: Dung Quất | G66: Tân Thuận | H66: 2000000840 - JFE - 2000T 2000000838 - TDA - 3000T | J66: MT Hà Nội | K66: CTH | M66: =C66 -> 5000
A67: 63 | B67: Minh Khánh 86 | C67: 3550 | D67: Xong | E67: 16h30-27/3-B3 | F67: Dung Quất | G67: Hải Phòng | H67: 2000000859 - TMN 3400MT 2200000986 - OTHY 112MT 2200000982 cân tải | I67: Lượng Minh Ngọc mn cân đủ cho 2 tàu Khánh Linh và Minh Khánh Cố gắng cân luôn cả OTHY 986 | J67: Mạnh Thắng | K67: CTH | M67: =C67 -> 3550
A68: 64 | B68: Minh Khánh 28 | C68: 3200 | D68: Xong | E68: 28/3 | F68: Dung Quất | G68: Hải Phòng | H68: 2200000995 - OTHY 1100MT\ 2200000994 - OTHY 2100mt cân tải | J68: Mạnh Thắng | K68: CTH | M68: =C68 -> 3200
A69: 65 | B69: PHƯƠNG NAM 88 | C69: 4500 | D69: Xong | E69: 18h-29.03-B1 | F69: Dung Quất | G69: Hải Phòng | H69: 2000000831 - OT190 2910-2950MT (29/3 duyệt lệnh) 2200000993 - NMCN 190MT 2200000959 - NMCN 1400MT cân tải | J69: MT Hà Nội | K69: CTH | M69: =C69 -> 4500
A70: 66 | B70: Thành Đạt 328 | C70: 2900 | D70: Xong | E70: 20h-29.03-B3 | F70: Dung Quất | G70: Mipec | H70: 2000000830 - KKBV | J70: Mặt Trời | K70: CTH | M70: =C70 -> 2900
A71: 67 | B71: ITASCO 25 | C71: Kiểm tra lại mẫu | D71: 30/3 PM | E71: 31.03.22 | F71: Dung Quất | G71: Phú Mỹ | I71: Vắt tháng 3-4 hàng TLPM mới sản xuất (ngày 29/03) | J71: MT Hà Nội | K71: CTH | M71: =C71 -> Kiểm tra lại mẫu
A72: 68 | B72: Minh Tiến 26 | C72: THÁNG 4 | D72: 01.04.22 | F72: Dung Quất | G72: Hải Phòng | H72: SANG THÁNG 4 | J72: Mặt Trời | K72: CTH
A73: 69 | B73: Trường An 126 | C73: THÁNG 4 | D73: 01.04.22 | F73: Dung Quất | G73: Hải Phòng | H73: SANG THÁNG 4 | J73: Thiên Phúc | K73: CTH | M73: =C73 -> THÁNG 4
A74: 70 | M74: =C74 -> 0
M75: =C75 -> 0
M76: =C76 -> 0
M77: =C77 -> 0
B80: Minh Khai 88 | C80: HỦY | D80: 28.03.22 | F80: Dung Quất | G80: Nghi Sơn | J80: Mặt Trời | K80: CTH | M80: =C80 -> HỦY
B81: Phương Nam 126 | C81: HỦY | D81: 17-18.03.22 | F81: Dung Quất | G81: Hải Phòng | J81: Thiên Phúc | K81: Thiên Phúc | M81: =C81 -> HỦY
B82: Đại Phúc 18 | C82: Hủy vì cảng vụ | D82: 10.03.22 | F82: Dung Quất | G82: Hải Phòng | J82: MT Hà Nội | K82: MT Hà Nội
B83: Trung Nguyên 18 | C83: Hủy vì cảng vụ | D83: 07.03.22 | F83: Dung Quất | G83: Hải Phòng | J83: MT Hà Nội | K83: MT Hà Nội
B84: XUÂN ĐỨC 68 | C84: HỦY | D84: 22.03.22 | F84: Dung Quất | G84: TÂN THUẬN | J84: THIÊN PHÚC | K84: CTH | M84: =C84 -> HỦY

Sheet LỊCH TÀU - 02.22
A2: CẬP NHẬT TÌNH HÌNH XUẤT HÀNG HRC THÁNG 02/2022
C3: =SUBTOTAL(9,C5:C212) -> 104470 | I3: =TODAY() -> 45960
A4: STT | B4: TÊN TÀU | C4: KHỐI LƯỢNG | D4: CẬP NHẬT TÌNH HÌNH/ETA | E4: CẬP NHẬT ETB | F4: CẢNG XẾP | G4: CẢNG ĐẾN | H4: LỆNH XUẤT HÀNG | I4: GHI CHÚ | J4: ĐẠI LÝ | K4: LASHING | L4: NG PT | M4: KL | N4: TỔNG HỢP | O4: =SUM(O5:O13) -> 54444
A5: {=_xlfn.SEQUENCE(50,1,1,)} -> 1 | B5: Alpha | C5: 7250 | D5: 04.02.22 | E5: xong | F5: Dung Quất | G5: Phú Mỹ | H5: 2200000921,927 OTHY (1300mt) xuất đủ không được bỏ lại 2000000714 - Tôn Đông Á 2000mt 2000000700 - TLPM - 2000 MTS (ĐƠN THÁNG 1) 2000000704 - TLPM - 2.000 MTS (ĐƠN THÁNG 2) | J5: MT Hà Nội | K5: MT Hà Nội | M5: =C5 -> 7250 | N5: MT Hà Nội | O5: =SUMIF($J:$J,N5,M:M) -> 22550
A6: 2 | B6: AN TRUNG 46 | C6: 2950 | D6: 06-07.02.22 | E6: xong | F6: Dung Quất | G6: CẨM NGUYÊN | H6: 2000000716 - NAM HƯNG | I6: LÊN HÀNG 2.00 VÀ 2.30 | J6: Nam Phát | K6: Thái Sơn | M6: =C6 -> 2950 | N6: Mặt Trời | O6: =SUMIF($J:$J,N6,M:M) -> 10570
A7: 3 | B7: QN 6378 | C7: 3200 | D7: 07-08.02.22 | E7: Xong | F7: Dung Quất | G7: Hải Phòng | H7: 2200000917 - THP | J7: MT Hà Nội | K7: MT Hà Nội | N7: Bình Sơn | O7: =SUMIF($J:$J,N7,M:M) -> 5574
A8: 4 | B8: ĐẠI DƯƠNG 68 | C8: 3050 | D8: 08.02.22 | E8: xong | F8: Dung Quất | G8: Hải Phòng | H8: 2200000917 - THP 2200000932 - THP | I8: 04H NGÀY 08.02 CÓ MẶT | J8: MT Hà Nội | K8: MT Hà Nội | N8: Nam Phát | O8: =SUMIF($J:$J,N8,M:M) -> 2950
A9: 5 | B9: Mạnh Thắng 69 | C9: 3350 | D9: 08.02.22 | E9: Xong | F9: Dung Quất | G9: Hải Phòng | H9: 2200000917 - THP | J9: MT Hà Nội | K9: MT Hà Nội | M9: =C9 -> 3350 | N9: Thiên Phúc | O9: =SUMIF($J:$J,N9,M:M) -> 4000
A10: 6 | B10: Minh Tiến 26 | C10: 4300 | D10: 09.02.22 | E10: Xong | F10: Dung Quất | G10: Hải Phòng | H10: 2000000708 - TVĐ 2300MT 2000000709 - OTVĐ 2000MT | J10: Mặt Trời | K10: Mặt Trời | M10: =C10 -> 4300
A11: 7 | B11: 0. 0zaf+|ư\ | C11: hủy | D11: 04.02.22 | F11: AN | G11: Hải Phòng | H11: hủy | J11: MT Hà Nội | K11: MT Hà Nội | M11: =C11 -> hủy
A12: 8 | B12: Gia Long 333 | C12: 3170 | D12: 14h 09.02.22 | E12: Xong | F12: Dung Quất | G12: TÂN THUẬN | H12: 2200000933 - OTHP 2000000720 - ĐÔNG Á | I12: 2*720: LÊN 1000 tấn hàng 2.20x1217, còn lại là hàng 2.00x1217 | J12: Mặt Trời | K12: Mặt Trời | M12: =C12 -> 3170
A13: 9 | B13: Hải An 36 | C13: 3400 | D13: 09.02.22 | E13: xong | F13: Dung Quất | G13: Hải Phòng | H13: 2000000677 - KKBV 875MT 2000000678 - OT190 200MT 2000000719 - Phúc Tiến 1000MT 2200000947 - OTHY 1300MT | I13: chiều 09/2 vào làm - Huy bổ sung nốt 1300mt còn lại | J13: MT Hà Nội | K13: MT Hà Nội | M13: =C13 -> 3400 | N13: Mạnh Thắng | O13: =SUMIF($J:$J,N13,M:M) -> 8800
A14: 10 | B14: MT Hà Nội 07 | C14: 2950 | D14: 08.02 ETA dỡ quặng | E14: xong | F14: Dung Quất | G14: Hải Phòng | H14: 2000000710 - Khôi Nguyên 1000mt 2200000943 - THP 860MT 2200000947 - OTHY 1100MT | J14: MT Hà Nội | K14: MT Hà Nội | M14: =C14 -> 2950
A15: 11 | B15: Tuấn Cường 88 | C15: 3000 | D15: 09.02.22 | E15: xong | F15: Dung Quất | G15: Hải Phòng | H15: 2200000943 - THP 3000MT | I15: HÀNG TỒN NGUỘI | J15: Nam Phát | K15: Thái Sơn
A16: 12 | B16: Đại Lộc Phát 388 | C16: 3100 | D16: 15h 09.02.22 | E16: xong | F16: Dung Quất | G16: CẨM NGUYÊN | H16: 2000000716 - NAM HƯNG (2KT) 2000000715 - TOÀN THẮNG (1KT) | I16: 715 khả năng cao chiều 11 mới đủ hàng | J16: Mặt Trời | K16: Mặt Trời | M16: =C16 -> 3100
A17: 13 | B17: Xuân Đào 45 | C17: Hủy | D17: 10.02.22 | F17: Dung Quất | G17: Long Bình | J17: MT Hà Nội | K17: MT Hà Nội
A18: 14 | B18: Phú Thành | C18: HỦY | D18: 12.02.22 | F18: Dung Quất | G18: Hải Phòng | J18: MT Hà Nội | K18: MT Hà Nội
A19: 15 | B19: VTT 82 | C19: 4200 | D19: 12.02.22 | E19: xong | F19: Dung Quất | G19: Hải Phòng | H19: 2200000938 - OTHY 2150 MT 2200000947 - OTHY 500MT 2000000728 - THÉP HÌNH - 550mt 2000000718 - PHÚ NAM - 1000T | J19: Mặt Trời | K19: Mặt Trời
A20: 16 | B20: Thuận Phong 18 | C20: 5870 | D20: 12.02.22 | E20: xong | F20: Dung Quất | G20: Hải Phòng | H20: 2000000721 - Citicom - 1450mt 2000000717 - HÙNG NGUYÊN (200T) 2000000730 - TMP 3000T 2200000947 - OTHY cân tải | I20: 721 cần đợi nhập kho hàng 2.75x1250 SS400 Đi đủ 1500mt nhé mn | J20: MT Hà Nội | K20: MT Hà Nội
A21: 17 | B21: Minh Khánh 888 | C21: 8800 | D21: 12.02.22 | E21: xong | F21: Dung Quất | G21: TÂN THUẬN | H21: 2000000694 - TIẾN LÊN - 2.000MTS (đơn tháng 1) - xuất hết map nhé mọi người, lệnh duyệt hết rồi 2000000681 TSUSHO (1000T) 2000000722 - CTC (700T) 2000000691 - JFE (4900) - đang sản xuất | I21: HÀNG ĐANG SẢN XUẤT CHẮC LÀ 13 MỚI ĐỦ HÀNG Nhưng vẫn cần xong trước 15/2 | J21: Mạnh Thắng | K21: Mặt Trời | M21: =C21 -> 8800
A22: 18 | B22: Bình Sơn 79 | C22: 2787 | D22: 14.02.22 | E22: xong | F22: Dung Quất | G22: Hải Phòng | H22: 2200000923 - OTHY cân tải ưu tiên xuất trước hàng 3.80 2200000917 - THP 2000000708 - TVĐ 200MT 2000000709 - OTVĐ 500MT | I22: Tàu này phải xong trước 15/2 - hàng Việt Đức ra hóa đơn muộn nhất ngày 15/2 | J22: Bình Sơn | K22: Mặt Trời | M22: =C22 -> 2787
A23: 19 | B23: Mạnh Thắng 68 | C23: 3950 | D23: 09.02.22 Đợi dỡ hàng quá lâu | E23: xong | F23: Dung Quất | G23: Long Bình | H23: 2000000693 - LÊ PHAN GIA T12 2000MT 2200000944 - OTBD cân tải 1950MT | I23: LPG ngày 11 duyệt lệnh Tàu này cần xong hàng trước 15/2 | J23: MT Hà Nội | K23: MT Hà Nội
A24: 20 | B24: Vinh Hiển 68 | C24: 3800 | D24: 15.02.22 | E24: xong | F24: Dung Quất | G24: TÂN THUẬN | H24: 2000000711 - NAM KIM - 3000T 2200000944 - OTBD (CÂN TẢI) | J24: MT Hà Nội | K24: MT Hà Nội
A25: 21 | B25: Mạnh Thắng 69 | C25: 3350 | D25: 16.02.22 | E25: Xong | F25: Dung Quất | G25: TÂN THUẬN | H25: 2000000697 - ĐÔNG Á SS400 (2000T) 2000000751 - QH PLUS - 1000T 2200000944 - OTBD (CÂN TẢI) | J25: MT Hà Nội | K25: MT Hà Nội
A26: 22 | B26: Minh Quang 05 | C26: 7150 | D26: 44608 | E26: xong | F26: Dung Quất | G26: Hoàng Diệu | H26: 2000000742 - TCĐ 2000T 2000000731 - NHẬT QUANG - 1.000 MTS (đã đủ hàng) 2000000744 - VINAS (2000T) 2000000746- IPC (1000T) 2000000745 - NIPPON (300T) 2200000946 - NMCN | I26: Tàu này ưu tiên làm sớm Chính Đại 19/02 hết hạn giao hàng LC | J26: MT Hà Nội | K26: MT Hà Nội
A27: 23 | B27: Minh Tiến 99 | C27: 450 | D27: 16.02.22 | E27: xong | F27: Dung Quất | G27: Mipec | H27: 2000000741 - THIÊN TRƯỜNG - 500 MTS (đã đủ hàng) | I27: TÀU GHÉP HÀNG HRC+PHÔI | J27: Mặt Trời | K27: Mặt Trời
A28: 24 | B28: Bình Sơn 76 | C28: 2787 | D28: 44610 | E28: xong | F28: Dung Quất | G28: Transvina | H28: 2200000950 - THP | J28: Bình Sơn | K28: Mặt Trời | M28: =C28 -> 2787
A29: 25 | B29: ĐỨC MINH 555 | C29: 1950 | D29: 17.02.22 | E29: xong | F29: Dung Quất | G29: HOÀNG DIỆU | H29: 2200000947 OTHY 1200000066 - LỆNH PHÔI VIỆT ĐỨC - 1000T | I29: Ghép phôi | J29: Mặt Trời | K29: Mặt Trời
A30: 26 | B30: Việt Thuận 18 | C30: 4050 | D30: 19h30 18.02.22 | E30: Xong | F30: Dung Quất | G30: THIÊN LỘC THÀNH | H30: 2000000755 - MOV - 500T 2000000618 - TÂY NAM - 1000T 2000000615 - TÂY NAM - 2000T 2000000702 - TÂY NAM - 500T (CÂN TẢI) | J30: Thiên Phúc | K30: Thiên Phúc
A31: 27 | B31: HOÀNG BẢO 668 | C31: 4050 | D31: 19.02.22 | E31: xong | F31: Dung Quất | G31: LONG BÌNH | H31: 2200000942 - OTBD 480T 2200000944 - OTBD cân tải | J31: Thiên Phúc | K31: Thiên Phúc
A32: 28 | B32: Việt Thuận 235 | C32: 22800 | D32: 16h 18.02.22 | E32: xong | F32: Dung Quất | G32: Hải Phòng | H32: 2200000938 - OTHY - 46MT 2200000922 OTHY 1500T 2200000923 OTHY 1645T 2200000946 NMCN 14540T 2200000947 OTHY 800 mt 2000000764 - MỸ VIỆT - 3000mt 2200000950 THP cân tải | J32: Thiên Phúc | K32: Thiên Phúc
A33: 29 | B33: Tân Thủy 38 | C33: 4300 | D33: 20.02.22 | E33: xong | F33: Dung Quất | G33: THIÊN LỘC THÀNH | H33: 2000000702 - TÂY NAM - ĐI NỐT MAPPING (300T) 2000000758 - MOV - 1700T 2000000753 - VNO - 1000T 2000000756 - TÂY NAM - 2000T ( CÂN TẢI) | J33: Mặt Trời | K33: Mặt Trời
A34: 30 | B34: Hải Phát 26 | C34: 4980 | D34: Neo DQ | E34: xong | F34: Dung Quất | G34: Cẩm Nguyên | H34: 2000000735 -TVP 3000MT 20000000725 - NAM HƯNG -2KT(1000T 2.3X1260 và 1000t 2.5x1260) | J34: MT Hà Nội | K34: MT Hà Nội
A35: 31 | B35: Việt Thuận 215-05 | C35: 21300 | D35: 20.02.22 | E35: xong | F35: Dung Quất | G35: Hải Phòng | H35: 2000000752 - MINH NGỌC - 5000MT 220000947 OTHY 10.000mt 2200000948 - OTHY 2136 MT 2200000949 - OTHY 2200000950 - THP cân tải cho đi hết hàng 1212 | I35: =21300-5000-10000-2136-3100 -> 1064 | J35: Mạnh Thắng | K35: Thái Sơn
A36: 32 | B36: Minh Khánh 888 | C36: 8800 | D36: Neo DQ | E36: xong | F36: Dung Quất | G36: Phú Mỹ | H36: 2000000705 - SMCCK 2000MT 2000000706 - SMCCK 3000MT 2000000698 - NT The One 181T 2000000763 - NAM HƯNG 3000MT 2000000776 - ĐÔNG Á - 800T - cân tải | I36: =2000+3000+181+3000+800 -> 8981 | J36: Thiên Phúc | K36: Thiên Phúc
A37: 33 | B37: An Bình 99 | C37: 3500 | D37: 24.02.22 | E37: xong | F37: Dung Quất | G37: Hải Phòng | H37: 2200000932 - THP - 1670mt 2200000943 - THP - 28mt 2200000950 - THP (cân tải) 1800mt | I37: Ưu tiên xuất hàng khổ 1212 trước | J37: MT Hà Nội | K37: MT Hà Nội
A38: 34 | B38: MT Hà Nội 07 | C38: hủy | D38: 23.02.22 | F38: Dung Quất | G38: Hải Phòng | J38: MT Hà Nội | K38: MT Hà Nội
A39: 35 | B39: Minh Tân 18 | C39: 3750 | D39: 26.02.22 | E39: xong | F39: Dung Quất | G39: Hải Phòng | H39: 2200000950 - THP | J39: Thiên Phúc | K39: Thiên Phúc
A40: 36 | B40: Minh Quang | C40: 5600 | D40: 26.02.22 | E40: xong | F40: Dung Quất | G40: Nghi Sơn | H40: 2000000723 - Hoa Sen 2000000779 - Hoa Sen | I40: Xuất theo mapping | J40: MT Hà Nội | K40: MT Hà Nội | M40: =C40 -> 5600
A41: 37 | B41: VENTURE GRACE | C41: 35000 | D41: 22.02.22 | E41: Xong | F41: Dung Quất | G41: RAVENNA | H41: 1600000668 - xuất đúng và đủ theo mapping | I41: Nếu có đổi coil hay có bất kỳ thay đổi nào cần báo lại PKD vì cần chuẩn KL Tàu cần xong muộn nhất ngày 27/2 | J41: Viễn Dương | K41: Thiên Phúc | M41: =C41 -> 35000
A42: 38 | B42: Minh Tiến 26 | C42: 4300 | D42: 26.02.22 | E42: xong | F42: Dung Quất | G42: Hải Phòng | H42: 220000956 - NMCN | J42: MT Hà Nội | K42: MT Hà Nội
A43: 39 | B43: Vinacomin Cẩm Phả | C43: 8700 | D43: 2 | E43: xong | F43: Dung Quất | G43: Tân Thuận | H43: 2000000712 - LÊ PHAN GIA - 2KT 2000000739 - TIẾN LÊN - 1.000 MTS SS400 2000000748 - QUANG MƯỜI - 2kt 2000000768 - Nam Kim - 2000mt 2000000778 - TTK 50MT 2000000749 - TTK 350MT 2200000944 - OTBD xuất hết hàng 3.00 còn lại lấy hàng 2.15, 2.20, 2.25, 2.30, 2.45 | I43: =8700-2000-1000-2000-400-2000 -> 1300 | J43: Thiên Phúc | K43: Thiên Phúc
A44: 40 | B44: VIPMACO | C44: 4050 | D44: 28.02.22 | E44: xong | F44: Dung Quất | G44: CẨM NGUYÊN | H44: 2000000736 - TVP 3000MT 2200000944 - OTBD 300MT 2.9x1250 II, 2.95x1020, 2.95x1055, 2.95x1212 II, 2.95x1262 II 2200000952 - OTBD 750T 3.80x1500 | I44: Hàng của TVP cần qua cân ra hóa đơn xong hết muộn nhất ngày 01/3 | J44: Mặt Trời | K44: Mặt Trời
A45: 41 | B45: Phương Nam 45 | C45: 4350 | D45: 01.03.22 | F45: Dung Quất | G45: Hải Phòng | H45: 2000000786- TMP 4000T 2200000950 - THP Cân tải | I45: CHUYỂN SANG SHEET 03.2022 | J45: MT Hà Nội | K45: MT Hà Nội
A46: 42 | B46: Phương Nam 136 | C46: 2200 | D46: 01.03.22 | F46: Dung Quất | G46: Hải Phòng | H46: 2000000787 - Nam Phát | J46: Nam Phát | K46: Thái Sơn
A47: 43 | B47: Phương Nam 126 | C47: 5250 | D47: 01.03.22 | F47: Dung Quất | G47: Phú Mỹ | H47: ĐÔNG Á - 5000T | J47: Thiên Phúc | K47: Thiên Phúc
A48: 44 | B48: Minh Tiến 88 | C48: 3550 | D48: 01.03.22 | F48: Dung Quất | G48: Hải Phòng | H48: 2200000957 - OTHY 1900T 2200000954 - THP 1500T 2200000950 - THP cân tải | J48: Mặt Trời | K48: Mặt Trời
A49: 45 | B49: Cao Phát 89 | C49: 4000 | D49: 01.03.22 | F49: Dung Quất | G49: CẨM NGUYÊN | H49: 2000000725 - NAM HƯNG 3KT 220000952 - OTBD 3.80x1500, 3.90x1234, 3.90x1234 II, 3.90x1262, 3.90x1262 II, 3.90x1500 II, 4.90x1214, 4.90x1214 II | J49: Thiên Phúc | K49: Thiên Phúc | M49: =C49 -> 4000
A50: 46 | B50: Trường Nguyên 68 | C50: 5050 | D50: 01.03.22 | F50: Dung Quất | G50: Hải Phòng | H50: 2000000762 - Thuận Phát - 2000mt | J50: MT Hà Nội | K50: MT Hà Nội
A51: 47 | B51: VTT82 | C51: 4200 | D51: 01.03.22 | F51: Dung Quất | G51: Hải Phòng | J51: Mặt Trời | K51: Mặt Trời
A52: 48 | G52: TÂN THUẬN | H52: 2000000738 - INDECO - 600MTS TLPM - 300MTS SS400 2000000740 - TIẾN LÊN - 1.000MTS SAE1006 | I52: TÀU ĐẦU THÁNG 3
A53: 49 | B53: Victoria 08 | C53: Đổi tàu | D53: 44610 | F53: Dung Quất | G53: LONG BÌNH | H53: Tàu hết đăng kiểm | J53: Thiên Phúc | K53: Thiên Phúc | M53: =C53 -> Đổi tàu
A54: 50 | B54: Nam Khánh 88 | C54: Hủy | D54: 25-26.02.22 | E54: . | F54: Dung Quất | G54: Hải Phòng | J54: Mặt Trời | K54: Mặt Trời
D55: CHÚ Ý: TẤT CẢ CÁC LỆNH XUẤT HÀNG KHI KHÔNG XUẤT HÀNG TRONG MAPPING CẦN BÁO KCS BỎ MAPPING COIL GIÚP EM Ạ!!! | M55: =C55 -> 0
M56: =C56 -> 0
M57: =C57 -> 0
M58: =C58 -> 0
M59: =C59 -> 0
H60: 2000000712 - LÊ PHAN GIA T1 | M60: =C60 -> 0
B61: Hải Phương 619 | C61: HỦY | D61: 44611 | E61: HỦY | F61: Dung Quất | H61: THUYỀN VIÊN BỊ COVID | J61: Mặt Trời | K61: Mặt Trời
M62: =C62 -> 0
M63: =C63 -> 0
M64: =C64 -> 0
M65: =C65 -> 0
M66: =C66 -> 0
M67: =C67 -> 0
M68: =C68 -> 0

Sheet LỊCH TÀU - 11.21
A2: CẬP NHẬT TÌNH HÌNH XUẤT HÀNG HRC THÁNG 11/2021
C3: =SUBTOTAL(9,C5:C203) -> 190157 | I3: =TODAY() -> 45960
A4: STT | B4: TÊN TÀU | C4: KHỐI LƯỢNG | D4: CẬP NHẬT TÌNH HÌNH/ETA | E4: CẬP NHẬT ETB | F4: CẢNG XẾP | G4: CẢNG ĐẾN | H4: LỆNH XUẤT HÀNG | I4: GHI CHÚ | J4: ĐẠI LÝ | K4: LASHING | L4: NG PT | M4: KL | N4: TỔNG HỢP | O4: =SUM(O5:O9) -> 180057
A5: {=_xlfn.SEQUENCE(40,1,1,)} -> 1 | B5: Mạnh Thắng 07 | C5: 2950 | D5: Xong | E5: 1.11- bến 3 10h | F5: Dung Quất | G5: Hải Phòng | H5: 2200000809 - THP | J5: MT Hà Nội | K5: MT Hà Nội | L5: HUY | M5: =C5 -> 2950 | N5: MT Hà Nội | O5: =SUMIF($J:$J,N5,M:M) -> 36970
A6: 2 | B6: Minh Khánh 79 | C6: 3900 | D6: Xong | E6: 1.11 12h-bến 2 | F6: Dung Quất | G6: Hải Phòng | H6: 2200000809 - THP 2200000799 - OTHY (đi hết lệnh) | I6: BỘ PHẬN CẢNG LÀM KẾ HOẠCH TÀU NÀY SỚM GIÚP NHÉ, T THẤY NÓ VỪA DỠ XONG HÀNG RỒI | J6: Mạnh Thắng | K6: Thái Sơn | M6: =C6 -> 3900 | N6: Thiên Phúc | O6: =SUMIF($J:$J,N6,M:M) -> 44950
A7: 3 | B7: MT HÀ NỘI 39 | C7: 4000 | D7: Xong | E7: 2.11 9h bến 2 | F7: Dung Quất | G7: Long Bình | H7: 2200000800,801 OTBD 2000000461 - LPG 2kT | I7: Đổi tàu Mạnh Thắng 8 => MT Hà Nội 39 | J7: MT Hà Nội | K7: MT Hà Nội | L7: HUY HA | M7: =C7 -> 4000 | N7: Mặt Trời | O7: =SUMIF($J:$J,N7,M:M) -> 13900
A8: 4 | B8: Minh Khai 88 | C8: 4400 | D8: Xong | E8: 3,11 3h-bến 3 | F8: Dung Quất | G8: Hải Phòng | H8: 2200000812 - THP (đi trước hàng 2.00,2.45x1290) 2000000483 - KKBV - 3500 MT | I8: CON NÀY VỀ MIPEC HẢI ANH NHÉ | J8: Mặt Trời | K8: Mặt Trời | L8: HUY BÍCH | M8: =C8 -> 4400 | N8: Bình Sơn | O8: =SUMIF($J:$J,N8,M:M) -> 2787
A9: 5 | B9: Quang Hải 26 | C9: 2950 | D9: Xong | E9: 3.11- 12h bến 3 | F9: Dung Quất | G9: Long Bình | H9: 2200000797 - OTBD 2200000824 - OTBD | J9: Thiên Phúc | K9: Thiên Phúc | M9: =C9 -> 2950 | N9: Mạnh Thắng | O9: =SUMIF($J:$J,N9,M:M) -> 81450
A10: 6 | B10: Bình Sơn 76 | C10: 2787 | D10: Xong | E10: 3.11 -22h B4 | F10: Dung Quất | G10: Quy Nhơn | H10: 2000000479 - Hoa Sen | J10: Bình Sơn | K10: Mặt Trời | L10: HUY | M10: =C10 -> 2787 | N10: Nam Phát | O10: =SUMIF($J:$J,N10,M:M) -> 10100
A11: 7 | B11: Tiến Phát 25 | C11: 2950 | D11: Xong | E11: 4.11 14h B6 | F11: Dung Quất | G11: Long Bình | H11: 2200000824 OTBD 2200000816 OTBD | I11: Cần làm nhanh để vào lấy phế cho PVT Oke- làm 2 máng sáng 5/11 xong | J11: Mặt Trời | K11: Mặt Trời | L11: HUY | M11: =C11 -> 2950
A12: 8 | B12: Minh Khánh 25 | C12: 3400 | D12: Xong | E12: 4.11-12h B3 | F12: Dung Quất | G12: Hải Phòng | H12: 2000000493 - VINAS 2000000482 - VINAS 2200000826 - OTHY 76T 2200000815 - OTHY 180T 2200000820 - NMCN 74T | I12: ĐI HÀNG MAP CỦA LỆNH 2000000482 | J12: Mạnh Thắng | K12: Thái Sơn | L12: HA | M12: =C12 -> 3400
A13: 9 | B13: Minh Khánh 06 | C13: 2550 | D13: Xong | E13: 5.11 15h B3 | F13: Dung Quất | G13: Quy Nhơn | H13: 2000000479 - Hoa Sen | J13: Mạnh Thắng | K13: Thiên Phúc | M13: =C13 -> 2550
A14: 10 | B14: Minh Khánh 86 | C14: 3500 | D14: Xong | E14: 06.11 18h B3 | F14: Dung Quất | G14: Nghi Sơn | H14: 2000000481 - Hoa Sen | J14: Mạnh Thắng | K14: Thái Sơn | L14: BÍCH | M14: =C14 -> 3500
A15: 11 | B15: Nam Việt 18 | C15: HỦY | D15: 06.11.21 | E15: 6.11-B3 | F15: Dung Quất | G15: Nghi Sơn | I15: TÀU NAY HỦY/ĐỔI TÀU | J15: MT Hà Nội | K15: MT Hà Nội | L15: BÍC | M15: =C15 -> HỦY
A16: 12 | B16: Thắng Lợi 89 | C16: 4350 | D16: Xong | E16: 06.11 16h B2 | F16: Dung Quất | G16: Tân Thuận | H16: 2000000492 - CTC (160MT) 2000000486 - CTC (500MT) 2000000475 - TNK (1850MT) 2000000478 - QH Plus ( cân tải) | I16: 486 hàng sản xuất ngày 04,05/11 Cắt các lệnh đủ dung sai hàng 4.80 và 5.80 đợi NK | J16: Thiên Phúc | K16: Thiên Phúc | L16: BÍCH + HA | M16: =C16 -> 4350
A17: 13 | B17: TRƯỜNG GIANG 168 | C17: 3050 | D17: Xong | E17: 7.11 11h B4 | F17: Dung Quất | G17: Cẩm Nguyên | H17: 2000000477 - NAM HƯNG | I17: LÊN HÀNG 2.0 x 1214 (1000t) và 2.3 x 1260 (2k) CẦN GẤP | J17: Mặt Trời | K17: Mặt Trời | L17: HA | M17: =C17 -> 3050
A18: 14 | B18: VIỆT THUẬN 235-02 | C18: 24800 | D18: xong | E18: 4.11.2021 | F18: Dung Quất | G18: Hải Phòng | H18: 2200000809 - THP (6200MT) - cân tải 2200000812 - THP (4000MT) 2200000806 - NMCN (2000MT) 2200000813 - THP (4500MT) 2200000814 - THP (140MT) 2200000819 - OTHY (300MT) 2200000821- THP (700MT) 2200000827 - OTHY (52MT) 2200000830 - NMCN (4300MT) 2200000831 - NMCN (2400MT) | J18: Mạnh Thắng | K18: Mặt Trời | L18: HUY | M18: =C18 -> 24800
A19: 15 | B19: TUẤN CƯỜNG 88 | C19: 3000 | D19: Xong | E19: 07.11 pm | F19: Dung Quất | G19: Hải Phòng | H19: 2000000460 - TCĐ (2100T) 2200000809 - THP | I19: SXEP KH CHO TUẤN CƯỜNG LÀM TRƯỚC AN BÌNH PHÁT NẾU ĐC, VÌ AN BÌNH PHÁT PHẢI ĐỢI DUYỆT LỆNH CỦA EP STEEL, DỰ KIẾN NGÀY 08.11 | J19: Nam Phát | K19: Thái Sơn | L19: HUY | M19: =C19 -> 3000
A20: 16 | B20: Đông Bắc 02 | C20: 2500 | D20: Xong | E20: 8.11 | F20: Dung Quất | G20: Cẩm Nguyên | H20: 2000000477 - NAM HƯNG 2000000494 - INDECO 625M 2200000817 - OTBD (LÊN CÁC MÁC 2.95x1250, 2.95x1420 I/II, 3.00x1262 II) | I20: INDECO CHO LÊN HÀNG TRƯỚC, XONG THÌ CHO TÀU CHỜ ĐẾN KHI NÀO CÓ THÔNG BÁO TỪ PKD/PKT THÌ MỚI XUẤT HÓA ĐƠN VÀ CẤP CHỨNG TỪ CHO TÀU | J20: Thiên Phúc | K20: Thiên Phúc | L20: HA Oanh | M20: =C20 -> 2500
A21: 17 | B21: An Bình Phát 68 | C21: 4050 | D21: Xong | E21: 8.11 20h B3 | F21: Dung Quất | G21: Nghi Sơn | H21: 2000000481 - Hoa Sen 1600000482 - EP STEEL | I21: 482: Dự kiến 08.11 duyệt lệnh | J21: MT Hà Nội | K21: MT Hà Nội | M21: =C21 -> 4050
A22: 18 | B22: MINH TIẾN 99 | C22: 3500 | D22: Xong | E22: B1 | F22: Dung Quất | G22: Hải Phòng | H22: 2000000491 - CITICOM (800MT) 2000000457 - CITICOM (500MT) 2000000497 - THÉP HÌNH (1KT) 2000000474 - PHÚC TIẾN (1KT) HỎI CHỊ NGUYÊN CÓ HÀNG 30MNSI KHÔNG THÌ GHÉP VÀO ĐÂY LUÔN ~200T | I22: 491: ĐI HÀNG MAPPING THEO LỆNH 20*491 ( Tân ơi mapping đầy đủ cho lệnh 20*491 coi mới mapping có 294T) | J22: MT Hà Nội | K22: MT Hà Nội | M22: =C22 -> 3500
A23: 19 | B23: THÀNH HƯNG 68 | C23: 7500 | D23: Xong | E23: 9.11 23h-B5 | F23: Dung Quất | G23: Tân Thuận | H23: 2000000454 - TĐA 4950MT 2000000478 - QH Plus (~300T) 2000000501 - QUANG MƯỜI (CÂN TẢI ~ 2200T) | I23: 478: LẠI ĐI HẾT MAPPING DUNG SAI 10% NHÉ | J23: Thiên Phúc | K23: Thiên Phúc | L23: HA | M23: =C23 -> 7500
A24: 20 | B24: Nam Phát Queen | C24: 3050 | D24: Xong | E24: 11.11 13h B3 | F24: Dung Quất | G24: TÂN THUẬN | H24: 2000000528 - TRUNG TÍN KIM (500T) 2000000501 - QUANG MƯỜI (~ 1760T) 2000000485 - SMC - CÂN TẢI NẾU MÀ KỊP LC THÌ CÓ 700T CỦA KỲ NAM, KHÔNG PHẢI TÁCH ÔNG NÀO RA CẢ | I24: 501: đi 2 coil 4.80x1500 không mapping 528 đi mapping của lệnh 406 | J24: Nam Phát | K24: Mặt Trời | L24: BÍCH + HA | M24: =C24 -> 3050
A25: 21 | B25: PHƯƠNG NAM 136 | C25: 2200 | D25: Xong | E25: 11.11 14h- B5 | F25: Dung Quất | G25: Hải Phòng | H25: 2000000459 - TMN (97MT) 2200000834 - OTHY (cân tải) | I25: chốt thế này nhé Huy kệ tôn hòa phát!!! | J25: Nam Phát | K25: Mặt Trời | L25: HUY | M25: =C25 -> 2200
A26: 22 | B26: Minh Khánh 79 | C26: 3900 | D26: Xong | E26: 13.11 14h-B1 | F26: Dung Quất | G26: Hải Phòng | H26: 2200000812 - THP hàng 1240 cân tải 20000*498 - TẤN PHÁT 2000000533 - VINAS (50T) | J26: Mạnh Thắng | K26: Mặt Trời | M26: =C26 -> 3900
A27: 23 | B27: VIỆT THUẬN 169 | C27: 20000 | D27: Xong | E27: 14.11 15h Bến 5 | F27: Dung Quất | G27: Hải Phòng | H27: 2200000834 - OTHP (CÂN TẢI) 2000000502 - THIÊN TRƯỜNG 1000MT 2000000499 - NHẬT QUANG 1000MT 2000000524 - Tiến Lợi 500MTS 2000000517 - Minh Phú 1500 MT 2200000834 - OTHY 5000 MT 2200000812 - THP (2300mt) 2200000844 - TÔN (5750mt) - cân tải 2000000469 - OT190 (650MT) | I27: Nam Phát + KCT: Hải Anh (THỨ 2 CÓ LỆNH) Thiên Trường + Nhật Quang + Tiến Lợi: Oanh (đã duyệt hết lệnh) Minh Phú + OTHP + THP: HUY TIẾN LỢI XUẤT THEO LIST GỬI TRÊN NHÓM THÔNG TIN NHANH 812 xuất hết khổ 1240 rồi đến các khổ rộng khác | J27: Mạnh Thắng | K27: Thái Sơn | M27: =C27 -> 20000
A28: 24 | B28: Phương Nam 98 | C28: 4700 | D28: Xong | E28: 16.11 8h Bến 1 | F28: Dung Quất | G28: Hoàng Diệu | H28: 2200000812 THP 2000MT 2200000844 THP (2700 mt) | I28: 812 xuất hàng 1240 rồi đến các khổ rộng khác | J28: MT Hà Nội | K28: MT Hà Nội | L28: HUY | M28: =C28 -> 4700
A29: 25 | B29: Việt Thuận 08 | C29: 2450 | D29: Xong | E29: 17.11 6h - Bến 1 | F29: Dung Quất | G29: Hải Phòng | H29: 2200000844 - TÔN (450mt) 2000000472 - Nam Phát 2000 MT | I29: xong | J29: Mạnh Thắng | K29: Thiên Phúc | L29: HUY | M29: =C29 -> 2450
A30: 26 | B30: Trường Nguyên 08 | C30: 4950 | D30: Xong | E30: 18.11 20h-B5 | F30: Dung Quất | G30: THIÊN LỘC THÀNH | H30: 2000000530 - TÂY NAM 2000000531 - TÂY NAM 2000000532 - VNO | I30: ĐI HÀNG MAP CỦA LỆNH 2000000362 CẦN LÀM GẤP XONG GẤP | J30: Mạnh Thắng | K30: Thái Sơn | L30: HA | M30: =C30 -> 4950
A31: 27 | B31: Tân Thủy 6868 | C31: 7300 | D31: Xong | E31: 19.11 3h-B5 | F31: Dung Quất | G31: Tân Thuận | H31: 2000000534 - KỲ ĐỒNG - 1200T 2000000500 - KỲ NAM - 700T 2000000485 - SMC - 1200T 2000000514 - Hoàn Phúc - 1000mt 2000000505 - ĐÔNG Á -3K1 2200000816 OTBD 2200000824 OTBD | I31: 505: 2.00 x 1217 3.90 x 1234 2.80 x 1234 | J31: Thiên Phúc | K31: Thiên Phúc | M31: =C31 -> 7300
A32: 28 | B32: Thắng Lợi 36 | C32: 2600 | D32: Xong | E32: 20,11 13h -B3 | F32: Dung Quất | G32: Long Bình | H32: 2200000801 - OTBD 200T 2200000817 - OTBD 440T 2200000825 - OTBD 1100T 2200000833 - OTBD 300T 2000000506 - LÊ PHAN GIA (523T) 2200000842 - OTBD cân tải | J32: Thiên Phúc | K32: Thiên Phúc | L32: HUY + HA | M32: =C32 -> 2600
A33: 29 | B33: AN BÌNH PHÁT 68 | C33: 4020 | D33: Đã xong | E33: 21.11 17h B2 | F33: Dung Quất | G33: Hải Phòng | H33: 2200000812 - THP 4200T | J33: MT Hà Nội | K33: MT Hà Nội | L33: HUY | M33: =C33 -> 4020
A34: 30 | B34: Mạnh Thắng 69 | C34: 3350 | D34: Đã xong | E34: 21.11 18h- B5 | F34: Dung Quất | G34: Hải Phòng | H34: 2200000806 - NMCN 2160T 2200000807 - OTHY 77T 2200000813 THP 700T 2200000812 THP cân tải | J34: MT Hà Nội | K34: MT Hà Nội | L34: HUY | M34: =C34 -> 3350
A35: 31 | B35: Minh Khánh 28 | C35: 3200 | D35: Đã xong | E35: 22.11- 11h B3 | F35: Dung Quất | G35: Hải Phòng | H35: 2000000473 - THÉP 568 (1000t) 2200000834 - OTHY 900T | J35: Mạnh Thắng | K35: Mặt Trời | L35: HA | M35: =C35 -> 3200
A36: 32 | B36: Nam Phát 01 | C36: 1850 | D36: Đã xong | E36: 25.11 18h -B1 | F36: Dung Quất | G36: Phú Mỹ | H36: 2200000828 OTHY (400T) 2200000829 OTHY 2000000507 - POSCO (1000t) 2000000548 - ĐÔNG Á (300T) | I36: ĐÔNG Á HÀNG MỚI SX XONG HÔM QUA. KHẢ NĂNG TÀU ĐỢI ĐẾN MAI MỚI LÊN ĐƯỢC THIẾU TẢI NHỜ A TÂN MAP THÊM LỆNH CỦA POSCO | J36: Nam Phát | K36: Thái Sơn | L36: HA | M36: =C36 -> 1850
A37: 33 | B37: Minh Hằng 238 | C37: 3250 | D37: Xong | E37: 28.11-B3 | F37: Chu Lai | G37: Phú Mỹ | H37: 2400000000 - Hanwa 200mt (LA) 2400000007 - Nippon/Steelscape (LA - 226t) 2400000006 - Nippon/Optima (LA - 226t) 2400000003 - Mitsui/Flexcometal (MZN - 620T) 2400000004 - Mitsui/Serviacero (MZN - 850-900T) 2400000005 - Mitsui/Ferrecabsa (MZN - 1000T) | I37: YÊU CẦU: 24*00+24*07+24*06 trước | J37: Thiên Phúc | K37: Chu Lai | L37: HA | M37: =C37 -> 3250
A38: 34 | B38: MINH TIẾN 88 | C38: 3500 | D38: Xong | E38: 28.11 PM -B1/2 | F38: Dung Quất | G38: Tân Cảng 128 | H38: 2000000504 - VINAS (1700T) 2200000812 - THP (đi trước hàng 1212) | I38: cấp lệnh 504 nhé | J38: Mặt Trời | K38: Mặt Trời | M38: =C38 -> 3500
A39: 35 | B39: VIỆT TRUNG 135 | C39: 6600 | D39: Xong | E39: 27.11 10h-B4 | F39: Dung Quất | G39: Transvina | H39: 2200000834 - OTHY 900T 2200000860 - OTHY 2100T 2200000841 - OTHY 700T 2200000845 - OTHY 1300T 2200000812 THP cân tải hàng 2.00x1212 | J39: MT Hà Nội | K39: MT Hà Nội | L39: HUY | M39: =C39 -> 6600
A40: 36 | B40: MINH KHÁNH 888 | C40: 8800 | D40: Xong | E40: 27.11 (AM)- HH | F40: Dung Quất | G40: Hoàng Diệu | H40: 2200000858 - NMCN 1000T 2000000476 - MỸ VIỆT - 3KT 2000000473 - THÉP 568 (CÒN LẠI) 2000000472 - Nam Phát (1000t) 2200000812 - THP (ưu tiên 2.45x1250 => hàng 2.00x1212 = > 2.15x1212) | J40: MẠNH THẮNG | K40: Thái Sơn | M40: =C40 -> 8800
A41: 37 | B41: Minh Khánh 79 | C41: HỦY | D41: 26.11.21 (dỡ đá) | E41: 27.11 15h -B2 | F41: Dung Quất | G41: Đoạn xá | H41: rõ ghét. không chơi với tàu này nữa Không làm nữa thì xóa tàu này luôn đi cho bỏ ghét :)) | I41: t chán lắm rồi- TRỜI OWIIIIIIIIIII KHÓCCC XIN HÃY DÀNH LẠI ĐI :(((( | J41: Mạnh Thắng | K41: Thái Sơn | M41: =C41 -> HỦY
A42: 38 | B42: Hoàng Bảo 668 | C42: 4000 | D42: Xong | E42: 29.11 -B3 | F42: Dung Quất | G42: Phú Mỹ | H42: 2400000004 - Mitsui/Serviacero (MZN - còn lại) 2400000001 - Yieh (MZN-827T) 2400000002 - Mitsui/Perfiles/Galsavid (MZN - 2045t) | J42: Thiên Phúc | K42: Thiên Phúc | M42: =C42 -> 4000
A43: 39 | B43: Tú Cường 68 | C43: 10500 | D43: Xong | E43: 29.11 -B5 | F43: Dung Quất | G43: Tân Thuận | H43: 2000000506 - LÊ PHAN GIA 1400MT (HẢI ANH) 2200000846,847,848,849 - OTHY 5000T 2200000842 OTBD 1500T 2200000850 OTBD 1000T 2000000541 - ĐÔNG Á (1400T) 2200000851 OTBD cân tải | J43: Thiên Phúc | K43: Thiên Phúc | M43: =C43 -> 10500
A44: 40 | B44: Vinh Hiển 68 | C44: 3800 | D44: Xong | E44: 30.11-B2 | F44: Dung Quất | G44: Tân Cảng 128 | H44: 2200000840 - THP 1000T 2000000558 - IPC (1KT) 2200000861 - THP 1800T | J44: MT Hà Nội | K44: Mt Hà Nội | M44: =C44 -> 3800
D46: CHÚ Ý: TẤT CẢ CÁC LỆNH XUẤT HÀNG KHI KHÔNG XUẤT HÀNG TRONG MAPPING CẦN BÁO KCS BỎ MAPPING COIL GIÚP EM Ạ!!!

Sheet LỊCH TÀU - 10.21
A2: CẬP NHẬT TÌNH HÌNH XUẤT HÀNG HRC THÁNG 10/2021
C3: =SUBTOTAL(9,C5:C62) -> 194437 | I3: =TODAY() -> 45960
A4: Nguyễn Hải Nam | B4: TÊN TÀU | C4: KHỐI LƯỢNG | D4: CẬP NHẬT TÌNH HÌNH/ETA | E4: CẬP NHẬT ETB | F4: CẢNG XẾP | G4: CẢNG ĐẾN | H4: LỆNH XUẤT HÀNG | I4: GHI CHÚ | J4: ĐẠI LÝ | K4: LASHING | L4: NG PT | M4: KL | N4: TỔNG HỢP | O4: =SUM(O5:O9) -> 191650
A5: {=_xlfn.SEQUENCE(65,1,1,1)} -> 1 | B5: Hoàng Thiên Phú 28 | C5: 1900 | D5: Xong | F5: Dung Quất | G5: Quy Nhơn | H5: 2000000397 - Hoa Sen 1900MT | J5: MT Hà Nội | K5: MT Hà Nội | L5: BÍCH | M5: =C5 -> 1900 | N5: MT Hà Nội | O5: =SUMIF($J:$J,N5,M:M) -> 46180
A6: 2 | B6: MT HÀ NỘI 39 | C6: 4000 | D6: Xong | F6: Dung Quất | G6: Phú Mỹ | H6: 2200000769 - THP 3400mt 2200000780 - OTBD 2200000781 - OTHY | I6: Có 2600mt hàng nguội Chiều nay nhập kho đủ Chỉ có 600mt nhập kho chiều 30/09 => Sxep KH làm hàng sớm đc. | J6: MT Hà Nội | K6: MT Hà Nội | L6: HUY | M6: =C6 -> 4000 | N6: Mặt Trời | O6: =SUMIF($J:$J,N6,M:M) -> 39860
A7: 3 | B7: ĐỨC VIỆT 568-18 | C7: 3000 | D7: Xong | F7: Dung Quất | G7: Phú Mỹ | H7: 2200000769 - THP PM (1700MT) 2200000774 - OTHY PM (1300MT) | I7: Có thể cho vào làm | J7: Nam Phát | K7: Thái Sơn | L7: HA | M7: =C7 -> 3000 | N7: Nam Phát | O7: =SUMIF($J:$J,N7,M:M) -> 18200
A8: 4 | B8: Phương Nam 136 | C8: 2200 | D8: Xong | F8: Dung Quất | G8: Hoàng Diệu | H8: 2000000410 - Ngọc Thắng 1000mt 2200000778 - OTHY 2200000776 -THP 2200000782 - THP | I8: lệnh OTHY + THP NGUỘI | J8: Nam Phát | K8: Thái Sơn | L8: HUY + HA | M8: =C8 -> 2200 | N8: Mạnh Thắng | O8: =SUMIF($J:$J,N8,M:M) -> 47480
A9: 5 | B9: Đức Minh 888 | C9: 2200 | D9: Xong | F9: Dung Quất | G9: Nghi Sơn | H9: 2200000755 OTHY 2200000760 OTHY 2200000759 OTHY 1600000489 - NIPPON 1600000490 - NIPPON 1600000491 - NIPPON 1600000492 - NIPPON 1600000493 - NIPPON 1600000487 - NIPPON 1600000488 - NIPPON | I9: Tàu tây ETA 05/10 Nghi Sơn Tàu này cần ưu tiên dỡ đá sớm để kịp lịch ra nghi sơn LỆNH NIPPON CẦN DÁN THÊM NHÃN - A TRỌNG/ SỸ HỖ TRỢ GIÚP EM Ạ | J9: Mặt Trời | K9: Mặt Trời | L9: HUY + HA | M9: =C9 -> 2200 | N9: Thiên Phúc | O9: =SUMIF($J:$J,N9,M:M) -> 39930
A10: 6 | B10: Minh Khánh 25 | C10: 3400 | D10: Xong | F10: Dung Quất | G10: TRANSVINA | H10: 2200000767 - THP (1200MT) 2200000747 - THP (2200MT) | I10: 767 báo KCS mapping full lượng tồn 747 cố gắng xuất tối đa tồn kho hàng khổ 1232 | J10: Mạnh Thắng | K10: Thiên Phúc | M10: =C10 -> 3400 | N10: Bình Sơn | O10: =SUMIF($J:$J,N10,M:M) -> 2787
A11: 7 | B11: Tân Hưng 28 | C11: 2850 | D11: Xong | F11: Dung Quất | G11: Tân Cảng 128 | H11: 2000000388 - Mỹ Việt | J11: Thiên Phúc | K11: Thiên Phúc | L11: HA | M11: =C11 -> 2850
A12: 8 | B12: Phúc An 26 | C12: 3380 | D12: Xong | F12: Dung Quất | G12: Tân Cảng 128 | H12: 2000000420 - VINAS 3100 2200000784 - THP 300MT | I12: Vinas hàng SS400 nguội - muộn nhất ngày 05.10 có LXH | J12: Thiên Phúc | K12: Thiên Phúc | L12: HUY + HA | M12: =C12 -> 3380
A13: 9 | B13: An Trung 46 | C13: 2950 | D13: Xong | F13: Dung Quất | G13: TRANSVINA | H13: 2200000784 - THP | I13: Chiều nay vào làm hàng | J13: MT Hà Nội | K13: MT Hà Nội | L13: HUY | M13: =C13 -> 2950
A14: 10 | B14: Hoàng Lương 03 | C14: 3000 | D14: Xong | F14: Dung Quất | G14: Hoàng Diệu | H14: 2200000784 - THP | J14: Thiên Phúc | K14: Thiên Phúc | L14: HUY | M14: =C14 -> 3000
A15: 11 | B15: Minh Khánh 06 | C15: 2550 | D15: Xong | F15: Dung Quất | G15: Hoàng Diệu | H15: 2200000784 - THP 2000000425 - PVX 500mt | J15: Mạnh Thắng | K15: Thái Sơn | L15: HUY | M15: =C15 -> 2550
A16: 12 | B16: An Bình Phát 68 | C16: 4030 | D16: Xong | F16: Dung Quất | G16: Tân Cảng 128 | H16: 2200000784 - THP 380 tấn 30mnsi - LIÊN HỆ CHỊ NGUYÊN | I16: Trưa ngày 8/10 làm hàng Đẩy nhanh tiến độ xong trước ngày 10/10 | J16: MT Hà Nội | K16: MT Hà Nội | L16: HUY | M16: =C16 -> 4030
A17: 13 | B17: Hải Đăng 19 | C17: 4200 | D17: Xong | F17: Dung Quất | G17: Thiên Lộc Thành | H17: 2000000424 - VNO (2KT) 2000000423 - VNO (CÂN TẢI) | I17: 2*424,423: ĐI HẾT MAP CỦA LỆNH 2*381 | J17: Thiên Phúc | K17: Thiên Phúc | L17: HA | M17: =C17 -> 4200
A18: 14 | B18: Minh Khánh 86 | C18: 3500 | D18: Xong | F18: Dung Quất | G18: Hải Phòng | H18: 2200000784 - THP 2200000785 600mt của OTHY (hàng nguội) | I18: Đẩy nhanh tiến độ xong trước ngày 10/10 | J18: Mạnh Thắng | K18: Mặt Trời | L18: HUY | M18: =C18 -> 3500
A19: 15 | B19: Việt Thuận 08 | C19: 2450 | D19: Xong | F19: Dung Quất | G19: Hải Phòng | H19: 2200000784 - THP | I19: Đẩy nhanh tiến độ xong trước ngày 10/10 Tối nay vào làm hàng (Nam nhắn) | J19: Mạnh Thắng | K19: Mặt Trời | L19: HUY | M19: =C19 -> 2450
A20: 16 | B20: Thịnh Hải 02 | C20: 2950 | D20: Xong | F20: Dung Quất | G20: Hải Phòng | H20: 2200000784 - THP | I20: Đẩy nhanh tiến độ xong trước ngày 10/10 Tối nay vào làm hàng (Nam nhắn) | J20: Mặt Trời | K20: Mặt Trời | L20: HUY | M20: =C20 -> 2950
A21: 17 | B21: Long Tân 79 | C21: 5400 | D21: Xong | F21: Dung Quất | G21: Hải Phòng | H21: 2200000784 - THP (cân tải) ~ 2000mt 2200000790 - NMCN - 2059mt 2000000422 - Minh Phú 1000mt 2200000786 - OTHY - 400mt | I21: Phải cắt hết lượng của tất cả các lệnh của Minh Phú, OTHY và NMCN | J21: Thiên Phúc | K21: Thiên Phúc | L21: BÍCH+HUY | M21: =C21 -> 5400 | N21: HÀNG ĐỦ OK, 1kt Minh Ngọc cắt sau vị hàng nóng
A22: 18 | B22: Huyền Trang 02 | C22: 3000 | D22: Xong | F22: Dung Quất | G22: Tân Thuận | H22: 2000000405 - CTC 650mt 2000000358- LÊ PHAN GIA 2000MT (ngày 08/10 sản xuất) 400 tấn 30Mnsi - LIÊN HỆ CHỊ NGUYÊN | I22: 405: xuất hàng 2.8/3.8/4.8/5.8 406: xuất hàng 2.8/3.8/4.8 (4.80 - 100mt) Thứ 2 ngày 11/10 có thể cho vào làm luôn Đợi hàng nguội thôi, lệnh sẽ duyệt hết trong ngày hôm nay | J22: MT Hà Nội | K22: MT Hà Nội | L22: BÍC + HA | M22: =C22 -> 3000 | N22: Theo ghi chú
A23: 19 | B23: Việt Thắng 126 | C23: 3100 | D23: Xong | F23: Dung Quất | G23: Hải Phòng | H23: 2200000784 - THP 1500mt 2200000770 - THP 270MT 2200000789 - NMCN 1300 cân tải | J23: Thiên Phúc | K23: Thiên Phúc | L23: BÍCH | M23: =C23 -> 3100 | N23: HÀNG ĐỦ OK
A24: 20 | B24: Nam Phát 02 | C24: 2500 | D24: Xong | F24: Dung Quất | G24: Quy Nhơn | H24: 2000000418 - HSNH 2500mt (lot 1) | I24: Hàng sản xuất ngày 08-10/2021 Tàu này cần làm xong trong ngày mai để chạy trước bão | J24: Nam Phát | K24: Thái Sơn | L24: BÍCH | M24: =C24 -> 2500
A25: 21 | B25: Bình Sơn 76 | C25: 2787 | D25: Xong | F25: Dung Quất | G25: Hải Phòng | H25: 2200000791 - NMCN - 560mt 2200000787 - OTHY - 160 mt 2200000789 - NMCN 700mt 2200000792 - THP | I25: Thứ 2 Huy bổ sung lệnh mới nhé Chắc chắn có lệnh mới đợi huy thôi | J25: Bình Sơn | K25: Thái Sơn | L25: HUY | M25: =C25 -> 2787
A26: 22 | B26: Mạnh Thắng 07 | C26: 2950 | D26: Xong | F26: Dung Quất | G26: Hải Phòng | H26: 2000000419 - TPHN 3000MT | J26: MT Hà Nội | K26: MT Hà Nội | L26: HUY | M26: =C26 -> 2950
A27: 23 | B27: Á Châu 16 | C27: 3750 | D27: Xong | F27: Dung Quất | G27: Thiềng Liềng | H27: 1600000450 - XIAMEN 1600000451 - XIAMEN 1600000502 - NIPPON (248T) | I27: Hàng đã nguội Cân làm hàng xong sớm ngày 13/10/2021 Tàu chuyển tải xuất khẩu - Tàu tây dự kiến làm hàng 16-17/10/2021 | J27: Thiên Phúc | K27: Thiên Phúc | L27: BÍCH HA (Nippon) | M27: =C27 -> 3750
A28: 24 | B28: Mạnh Thắng 68 | C28: 3950 | D28: Xong | F28: Dung Quất | G28: Tân Thuận | H28: 2000000411 - Quang Mười (1960 MT) 2200000800 - OTBD (chỉ xuất hàng 3.45) | J28: MT Hà Nội | K28: MT Hà Nội | L28: HA HUY | M28: =C28 -> 3950
A29: 25 | B29: Hùng Mạnh 36 | C29: 3050 | D29: Xong | F29: Dung Quất | G29: Hải Phòng | H29: 2000000434 - Khôi nguyên 2000000435 - Khôi Nguyên 2200000796 - OTHY cân tải (200T) | I29: Tổng 2 lệnh của khôi nguyên tầm 2715mt Xuất hết lượng theo mapping, ko cần hỏi lại | J29: MT Hà Nội | K29: MT Hà Nội | L29: BÍCH | M29: =C29 -> 3050
A30: 26 | B30: Minh Khai 88 | C30: 4400 | D30: Xong | F30: Dung Quất | G30: Hải Phòng | H30: 2200000657 - THP (2400MT) 2000000430 - Việt Nhật (1985mt) | J30: Mặt Trời | K30: Mặt Trời | L30: BÍCH | M30: =C30 -> 4400
A31: 27 | B31: Hồng Dương 18 | C31: 2650 | D31: Xong | F31: Dung Quất | G31: Hải Phòng | H31: 2000000438 - CTC (đảo miền Nam => Bắc) 2000000436 - VINAS (1K9) 2200000657 - THP (CÂN TẢI) | J31: Nam Phát | K31: Mặt Trời | L31: HUY BÍCH | M31: =C31 -> 2650
A32: 28 | B32: Vũ Gia 18 | C32: 4700 | D32: Xong | F32: Dung Quất | G32: Nghi Sơn | H32: 2000000408 - HS 2000000429 - HS | I32: XUẤT THEO MAPPING Hàng nguội | J32: Mặt Trời | K32: Mặt Trời | L32: BÍCH | M32: =C32 -> 4700
A33: 29 | B33: Thái Hà 6666 | C33: 2900 | D33: Xong | F33: Dung Quất | G33: Thiềng Liềng | H33: 1600000515 - MARU (410) 1600000516 - MARU (250) 1600000517 - MARU (300) 1600000501 - NIPPON (1K3) 2200000759 2200000755,760 2200000763 2200000765 | I33: 22*759-755-760-763-765 ( (xuất theo list hàng trên nhóm Thông tin nhanh) Dán nhãn phụ) | J33: Mặt Trời | K33: Mặt Trời | L33: BÍCH HA (Nippon) HUY (OT) | M33: =C33 -> 2900
A34: 30 | B34: Hoàng Anh 88 | C34: 3800 | D34: Xong | F34: Dung Quất | G34: Long An | H34: 2000000426 - Nam Hưng 2785 MT 2000000433 - Toàn Thắng 977 MT | I34: 433: đi hàng map của lệnh 4*413 | J34: Mặt Trời | K34: Mặt Trời | L34: HA | M34: =C34 -> 3800
A35: 31 | B35: Nam Phát 02 | C35: 2500 | D35: Xong | F35: Dung Quất | G35: Quy Nhơn | H35: 2000000418 - HSNH 2500mt (lot 2) | I35: Quay đầu lấy nốt hàng Có thể cho vào làm hàng luôn. | J35: Nam Phát | K35: Thái Sơn | L35: BÍCH | M35: =C35 -> 2500
A36: 32 | B36: Thiên Phúc 17 | C36: 1850 | D36: XONG | F36: Dung Quất | G36: Hải Phòng | H36: 2200000800 (xuất theo list hàng trên nhóm Thông tin nhanh) | J36: Thiên Phúc | K36: Thiên Phúc | L36: HUY | M36: =C36 -> 1850
A37: 33 | B37: Phương Nam 126 | C37: 5250 | D37: XONG | F37: Dung Quất | G37: Hải Phòng | H37: 2200000796 - OTHY 1100T 2000000439 - KN 1020 2000000440 - PVX 1050 2000000443 - PHÚ NAM (1KT) - NÓNG THÌ ĐỂ LẠI 2200000798 - OTHY 2200000805 - NMCN | I37: HÀNG TỒN KHO RẤT NGUỘI | J37: Thiên Phúc | K37: Thiên Phúc | L37: HUY HUY BÍCH BÍCH | M37: =C37 -> 5250
A38: 34 | B38: Nam Phát Queen | C38: 3050 | D38: Xong | F38: Dung Quất | G38: Hải Phòng | H38: 2200000657 THP 400T 2000000437 - NGỌC THẮNG 1000MT 2000000428 - NHẬT QUANG 1000MT 2200000805 NMCN (cân tải) | J38: Nam Phát | K38: Thái Sơn | L38: HUY OANH HUY | M38: =C38 -> 3050
A39: 35 | B39: Vũ Gia 09 | C39: HỦY | D39: 19-20.10.21 | F39: Dung Quất | G39: Miền Nam | K39: Mặt Trời | M39: =C39 -> HỦY
A40: 36 | B40: Thanh Liêm 08 | C40: 2900 | D40: Xong | F40: Dung Quất | G40: Long Bình | H40: 2200000800 - OTBD xuất trước 2.00-2.50 2200000801 - OTBD xuất trước 2.10-2.50 | I40: HÀNG NGUỘI, xuất lượng theo file trên nhóm thông tin nhanh | J40: MT Hà Nội | K40: MT Hà Nội | L40: HUY | M40: =C40 -> 2900
A41: 37 | B41: Việt Phúc 05 | C41: HỦY | H41: VỀ CHẬM QUÁ - HỦY | K41: Mặt Trời | L41: HUY | M41: =C41 -> HỦY
A42: 38 | B42: MT HÀ NỘI 39 | C42: 4000 | D42: Xong | F42: Dung Quất | G42: Tân Thuận | H42: 2000000447 - KỲ ĐỒNG 2000000445 - KỲ ĐỒNG 2000000359 - KỲ ĐỒNG 2000000451 - TÂY NAM STEEL - 1000 MT | J42: MT Hà Nội | K42: MT Hà Nội | L42: HA OANH | M42: =C42 -> 4000
A43: 39 | B43: GIA BẢO 26 | C43: 4460 | D43: Xong | F43: Dung Quất | G43: Hải Phòng | H43: 2000000441- AMECC (2k4) 2000000456 - VINAS (2KT) | J43: Mặt Trời | K43: Mặt Trời | L43: Hải Anh | M43: =C43 -> 4460
A44: 40 | B44: PHƯƠNG NAM 57 | C44: 2900 | D44: Xong | E44: 22.10 20h | F44: Dung Quất | G44: Hải Phòng | H44: 2000000457 - CITICOM (1900) 2000000446 - THÉP HÌNH (1KT) | I44: 457: XUẤT THEO YÊU CẦU (SẼ GỬI BỔ SUNG SỚM) | J44: MT Hà Nội | K44: MT Hà Nội | L44: BÍCH HA | M44: =C44 -> 2900
A45: 41 | B45: Trường Nguyên 08 | C45: 4950 | D45: Xong | E45: 10h 21.10 | F45: Dung Quất | G45: Tân Thuận | H45: 2000000453 - ĐÔNG Á | I45: Xuất +10% mã 3.50x1262 (lấy 2 cục đã map vào lệnh 2*454 không cần chuyển map vì cùng 1 khách) | J45: Mạnh Thắng | K45: Thái Sơn | M45: =C45 -> 4950
A46: 42 | B46: Nam Phát 02 | C46: 2300 | D46: Xong | E46: 22.10 | F46: Dung Quất | G46: Phú Mỹ | H46: 2000000431 - TLPM - 1000MT 2000000432 - POSCO 2200000761 - THP 150T 2200000794 - ĐLHP 2200000795 - ĐLHP | J46: Nam Phát | K46: MT Hà Nội | L46: OANH HA HUY | M46: =C46 -> 2300
A47: 43 | B47: ĐỨC VIỆT 568-18 | C47: HỦY | D47: HỦY | F47: Dung Quất | G47: Hải Phòng | J47: Nam Phát | K47: Thái Sơn | M47: =C47 -> HỦY
A48: 44 | B48: Đông Bắc 02 | C48: 2500 | D48: Xong | E48: 22.10 16h | F48: Dung Quất | G48: Hải Phòng | H48: 2000000458 - NGỌC THẮNG - 530 MT 2000000463 - PVX 750MT 2000000442 - HÙNG NGUYÊN (1KT) | J48: Thiên Phúc | K48: Thiên Phúc | L48: Oanh Huy | M48: =C48 -> 2500
A49: 45 | B49: Nhất Long 16 | C49: 2000 | D49: Xong | E49: 23.10.21 | F49: Dung Quất | G49: Thiên Lộc Thành | H49: 2000000423 - VINAONE--> CHECK LỆNH NÀY NHÉ 2000000427 - VINAONE | I49: ANH DANH GHÉP ĐỒ LÊN TÀU NÀY NHÉ ĐI MAPPING CỦA LỆNH 2*381 | J49: Mặt Trời | K49: Mặt Trời | L49: Hanh | M49: =C49 -> 2000
A50: 46 | B50: QUANG VINH 27 | C50: 4250 | D50: Xong | E50: 23.10.21 | F50: Dung Quất | G50: Hải Phòng | H50: 2000000449 - KKBV (2000MT) 2000000450 - OT190 (1000MT) 2200000804 - NMCN (CÂN TẢI) | I50: OT190 & KKBV LÊN TÀU NÀY NHÉ HẢI EM CHO NÓ VỀ MIPEC GIÚP T NHA | J50: Mặt Trời | K50: Mặt Trời | M50: =C50 -> 4250
A51: 47 | B51: Minh Tiến 88 | C51: 3500 | D51: Xong | E51: 24.10 | F51: Dung Quất | G51: Hải Phòng | H51: 2200000804 - NMCN | J51: Mặt Trời | K51: Mặt Trời | M51: =C51 -> 3500
A52: 48 | B52: Tân Hưng 28 | C52: 2850 | D52: Xong | E52: 26/10/2021 13:00 | F52: Dung Quất | G52: Hải Phòng | H52: 2200000809 THP 2000000457 - Citicom 1020MT | I52: 457: không đi hàng 2.8 & 3.8 (đi hết các hàng còn lại) | J52: Thiên Phúc | K52: Thiên Phúc | L52: HUY BÍCH | M52: =C52 -> 2850
A53: 49 | B53: Sinh Đôi 102 | C53: 3400 | D53: Xong | E53: 26/10/2021 12:00 | F53: Dung Quất | G53: Hải Phòng | H53: 2200000804 - NMCN GHÉP 77 TẤN THÉP CỦA CHỊ NGUYÊN | J53: MT Hà Nội | K53: MT Hà Nội | L53: HUY | M53: =C53 -> 3400
A54: 50 | B54: Việt Thuận 215-01 | C54: 20000 | D54: Xong | F54: Dung Quất | G54: Hải Phòng | H54: 2000000448 - TVĐ 2600MT 2000000452 - OTVĐ 1400 MT 2000000459 - Minh Ngọc 7900mt (thiếu 3.00x1500) 2200000800,801 OTBD 4900T xuất theo list hàng gửi trên nhóm Thông tin nhanh 2200000805 - NMCN 1200T 2200000804 - NMCN cân tải | I54: 448, 452: CUT HÀNG CUỐI CÙNG ĐỂ KHÁCH NGOÀI ĐƯỢC DỠ TRƯỚC còn lại 8000mt => Huy cho lệnh của cán nguội + tôn nhé | J54: Mạnh Thắng | K54: Thiên Phúc | L54: BÍCH BÍCH HUY HUY | M54: =C54 -> 20000
A55: 51 | B55: NINHCO 66 | C55: Hủy | D55: 25.10.21 | E55: 26.10 | F55: Dung Quất | G55: Hải Phòng | H55: HỦY ĐI HẢI PHÒNG | I55: HỦY ĐI HẢI PHÒNG | J55: Mặt Trời | K55: Mặt Trời | M55: =C55 -> Hủy
A56: 52 | B56: Thành Trung 36 | C56: 2630 | D56: Xong | E56: Đang làm | F56: Dung Quất | G56: Hải Phòng | H56: 2200000809 THP Ưu tiên xuất hàng 2.00x1212 | J56: Mạnh Thắng | K56: Thái Sơn | M56: =C56 -> 2630
A57: 53 | B57: Bình Minh 136 | C57: 1800 | D57: Xong | E57: Đang làm | F57: Dung Quất | G57: Long An | H57: 2000000455 - Toàn Thắng 2200000800 - OTBD 200T hàng 2.00x1234 2200000797 - OTBD (chỉ xuất 4.55x1385) cân tải | I57: CON NÀY CẦN XONG HÀNG GẤP | J57: Thiên Phúc | K57: Thiên Phúc | L57: HA HUY | M57: =C57 -> 1800
A58: 54 | B58: Hải An 68 | C58: 4700 | D58: Xong | E58: Xong | F58: Dung Quất | G58: Long An | H58: 2000000467 - TVP | I58: TVP có tầm 1000mt hàng nguội - cần KCS kiểm tra thực tế hàng hóa + mapping giúp em ạ hàng sản xuất ngày 25-26/10 nhưng cần đi gấp Hàng sản xuất ngày 26/10, còn nóng làm chậm | J58: MT Hà Nội | K58: MT Hà Nội | L58: BÍCH | M58: =C58 -> 4700
A59: 55 | B59: Khánh Linh 666 | C59: 4800 | D59: Xong | E59: 28/10 22h- Bến 2 | F59: Dung Quất | G59: Hải Phòng | H59: 2200000809 - THP (Đi hết) 2200000810 - OTHY 2200000807 - OTHY | J59: Mạnh Thắng | K59: Thái Sơn | M59: =C59 -> 4800
A60: 56 | B60: Vũ Gia 09 | C60: 4700 | D60: Xong | E60: 29.10 -bến 6 | F60: Dung Quất | G60: Long An | H60: 2000000467 - TVP | I60: Hàng sx ngày 26.10 dự kiến 29.10 mới làm được Cảng kiểm tình hình thực tế, nếu làm được thì sx để vào làm | J60: Mặt Trời | K60: Mặt Trời | L60: BÍCH | M60: =C60 -> 4700
A61: 57 | B61: MINH KHÁNH 28 | C61: 3200 | D61: Xong | E61: 29.10- bến 3 | F61: Dung Quất | G61: Hải Phòng | H61: 2200000804 - NMCN 2000000466 - TMP 2200000806 - NMCN cân tải | J61: Mạnh Thắng | K61: Thái Sơn | M61: =C61 -> 3200
A62: 58 | B62: Hoàng Hải 68 | C62: 2450 | D62: Xong | E62: 30.10 20h- bến 3 | F62: Dung Quất | G62: Phú Mỹ | H62: 2000000375 - SMC 2200000761 THP 25T chỉ xuất 1 cuộn 2000000464 NTHP 400T | I62: Hàng sx ngày 27.10 dự kiến 30.10 mới làm được Cảng kiểm tình hình thực tế, nếu làm được thì sx để vào làm; 30/10 VÀO LÀM NHÉ - GẤP ĐẤY | J62: MT Hà Nội | K62: MT Hà Nội | L62: BÍC HUY HUY | M62: =C62 -> 2450
A63: 59
A64: 60
A65: 61
A66: 62
A67: 63
A68: 64
A69: 65

Sheet LỊCH TÀU - 09.21
A2: CẬP NHẬT TÌNH HÌNH XUẤT HÀNG HRC THÁNG 9/2021
C3: =SUBTOTAL(9,C5:C9958) -> 167518 | H3: =TODAY() -> 45960
A4: STT | B4: TÊN TÀU | C4: KHỐI LƯỢNG | D4: CẬP NHẬT TÌNH HÌNH/ETA | E4: CẢNG XẾP | F4: CẢNG ĐẾN | G4: LỆNH XUẤT HÀNG | H4: GHI CHÚ | I4: ĐẠI LÝ | J4: LASHING | K4: NG PT | L4: KL | M4: TỔNG HỢP | N4: =SUM(N5:N10) -> 167518
A5: {=_xlfn.SEQUENCE(70,1,1,1)} -> 1 | B5: Hùng Khánh 10 | C5: 4800 | D5: Xong | E5: Dung Quất | F5: tân cảng 128 | G5: 2200000741 - THP 3500 mt (cân tải) 2200000744 - THP 1000 mt 2200000746 - THP 330 mt | H5: 746 có thể lấy cuộn nhỏ | I5: Thiên Phúc | J5: Thiên Phúc | K5: HUY | L5: =C5 -> 4800 | M5: MT Hà Nội | N5: =SUMIF($I:$I,M5,L:L) -> 52350
A6: 2 | B6: Thành Đạt 328 | C6: 2700 | D6: Xong | E6: Dung Quất | F6: Cẩm Nguyên | G6: 2000000366- nam hưng tháng 7 (C) (+10%) | H6: XUẤT VƯỢT 10% | I6: Mặt Trời | J6: Mặt Trời | K6: HA | L6: =C6 -> 2700 | M6: Mặt Trời | N6: =SUMIF($I:$I,M6,L:L) -> 42050
A7: 3 | B7: Hoàng Thiên Phú 88 | C7: 2950 | D7: Xong | E7: Dung Quất | F7: Tân Thuận | G7: 2000000361 - nam kim tháng 8 (C) | I7: Nam Phát | J7: Thái Sơn | K7: HA | L7: =C7 -> 2950 | M7: Nam Phát | N7: =SUMIF($I:$I,M7,L:L) -> 13990
A8: 4 | B8: MT Hà Nội 39 | C8: 4000 | D8: Xong | E8: Dung Quất | F8: Tân Thuận | G8: 2000000361 - nam kim tháng 8 (C) (+5%) 1600000453 - GS Global | H8: Lệnh 453 hàng 11.8x1219 có 1 cuộn 17.8mt, xuất | I8: MT Hà Nội | J8: MT Hà Nội | K8: HA + BÍC | L8: =C8 -> 4000 | M8: Thiên Phúc | N8: =SUMIF($I:$I,M8,L:L) -> 34450
A9: 5 | B9: QUANG VINH 27 | C9: 4150 | D9: Xong | E9: Dung Quất | F9: Tân Thuận | G9: 2000000363 - đông á tháng 8 (SAE: C) | I9: Mặt Trời | J9: Mặt Trời | K9: HA | L9: =C9 -> 4150 | M9: Mạnh Thắng | N9: =SUMIF($I:$I,M9,L:L) -> 21800
A10: 6 | B10: Mạnh Thắng 69 | C10: 3350 | D10: Xong | E10: Dung Quất | F10: Tân Cảng 128 | G10: 2000000370 - TCĐ | I10: MT Hà Nội | J10: MT Hà Nội | K10: HUY | L10: =C10 -> 3350 | M10: Bình Sơn | N10: =SUMIF($I:$I,M10,L:L) -> 2878
A11: 7 | B11: Hồng Dương 18 | C11: 2660 | D11: Xong | E11: Dung Quất | F11: ĐOẠN XÁ | G11: 2200000747 - THP (cân tải, mapping) | H11: Gấp | I11: Nam Phát | J11: Thiên Phúc | K11: HUY | L11: =C11 -> 2660
A12: 8 | B12: Hải An 36 | C12: 3400 | D12: Xong | E12: Dung Quất | F12: TRANSVINA | G12: 2200000741 - THP (576 MT) 2200000744 - THP (150MT) 2200000748 - THP (1500MT) 2200000747 - THP (1200mt) | H12: 741: lượng mapping còn lại, trừ 3.95x1232 744: lượng mapping còn lại 748: nguội Tàu này gấp | I12: MT Hà Nội | J12: MT Hà Nội | K12: HUY | L12: =C12 -> 3400
A13: 9 | B13: Minh Khánh 28 | C13: 3200 | D13: Xong | E13: Dung Quất | F13: TRANSVINA | G13: 2200000747 - THP (cân tải, mapping) | H13: Gấp | I13: Mạnh Thắng | J13: Mặt Trời | K13: HUY | L13: =C13 -> 3200
A14: 10 | B14: Đại Lộc Phát 358 | C14: 3150 | D14: Xong | E14: Dung Quất | F14: TRANSVINA | G14: 2200000747 - THP (cân tải, mapping) | H14: Gấp | I14: Mặt Trời | J14: Mặt Trời | K14: HUY | L14: =C14 -> 3150
A15: 11 | B15: Minh Khánh 79 | C15: 4050 | D15: Xong | E15: Dung Quất | F15: Tân Cảng 128 | G15: 2200000747 - THP (cân tải, mapping) | H15: Gấp | I15: Mạnh Thắng | J15: Thái Sơn | K15: HUY | L15: =C15 -> 4050
A16: 12 | B16: Bình Sơn 76 | C16: 2800 | D16: Xong | E16: Dung Quất | F16: TrANSVINA | G16: 2200000747 - THP (cân tải, mapping) 2200000754 THP C xuất theo list hàng đã gửi | H16: Gấp | I16: Mặt Trời | J16: Mặt Trời | K16: HUY | L16: =C16 -> 2800
A17: 13 | B17: Tân Hưng 28 | C17: 2850 | D17: Xong | E17: Dung Quất | F17: Tân Cảng 128 | G17: 2200000754 THP C xuất theo list hàng đã gửi 2200000747 - THP (cân tải, mapping) | I17: MT Hà Nội | J17: MT Hà Nội | K17: HUY | L17: =C17 -> 2850
A18: 14 | B18: Minh Khánh 25 | C18: 3400 | D18: Xong | E18: Dung Quất | F18: Tân Cảng 128 | G18: 2200000757 NMCN C chỉ xuất cuộn trên 17T 250t thép cuộn - liên hệ chị Nguyên | I18: Mạnh Thắng | J18: Thái Sơn | K18: HUY | L18: =C18 -> 3400
A19: 15 | B19: Hùng Khánh 89 | C19: 2500 | D19: Xong | E19: Dung Quất | F19: ĐOẠN XÁ | G19: 2200000756 NMCN 1338T trên 17T 2200000757 NMCN trên 17T 2200000747 THP Cân Tải tàu | I19: MT Hà Nội | J19: MT Hà Nội | K19: HUY | L19: =C19 -> 2500
A20: 16 | B20: Trường Sinh 68 | C20: 3100 | D20: Xong | E20: Dung Quất | F20: Long An | G20: 2200000758 - OTBD C cấp âm đủ tải tàu | H20: HÀNG NGUỘI | I20: Mặt Trời | J20: Mặt Trời | K20: HUY | L20: =C20 -> 3100
A21: 17 | B21: Đạt Anh 27 | C21: 3000 | D21: Xong | E21: Dung Quất | F21: ĐOẠN XÁ | G21: 2200000747 - THP | I21: Mặt Trời | J21: Mặt Trời | K21: HUY | L21: =C21 -> 3000
A22: 18 | B22: Đại Hà 01 | C22: 3000 | D22: Xong | E22: Dung Quất | F22: Thiềng Liềng | G22: 2200000750 - OTHY - 1700mt (xuất trc) 2200000752 - OTHY - 550mt (xuất trc) 2200000751 - OTHY - 600mt (xuất sau cùng để dỡ trước) | H22: Đơn chuyển tải XK, cần xuất hàng gấp, ngay khi tàu đến cảng để kịp chuyển tải | I22: Mặt Trời | J22: Mặt Trời | K22: BÍCH | L22: =C22 -> 3000
A23: 19 | B23: Huyền Trang 02 | C23: 3000 | D23: Xong | E23: Dung Quất | F23: Cẩm Nguyên | G23: 2000000360 - NAM HƯNG THÁNG 8 2000mt 2000000367 - Toàn Thắng 1000mt | H23: HÀNG NGUỘI, ĐÃ CÓ LỆNH 367, LỆNH 360 CUỐI GIỜ CHIỀU CÓ | I23: MT Hà Nội | J23: MT Hà Nội | K23: HA | L23: =C23 -> 3000
A24: 20 | B24: Minh Khánh 86 | C24: 3500 | D24: Xong | E24: Dung Quất | F24: Tân Cảng 128 | G24: 2000000370 - TCĐ 2000000371 - TCĐ 2200000747 - THP 2000mt | H24: Đang chờ dỡ đá, dự kiến 13/09 mới xong Mr. Nam | I24: Mạnh Thắng | J24: Thiên Phúc | K24: HUY | L24: =C24 -> 3500
A25: 21 | B25: Vinh Hiển 68 | C25: 3800 | D25: Xong | E25: Dung Quất | F25: Hoàng Diệu | G25: 2000000379 - NQ 2000000343 - TMN | H25: có thể cho vào làm hàng, hàng nguội | I25: MT Hà Nội | J25: MT Hà Nội | K25: BÍC + HUY | L25: =C25 -> 3800
A26: 22 | B26: Trường Thành 26 | C26: 2000 | D26: Xong | E26: Dung Quất | F26: ĐOẠN XÁ | G26: 2200000747 - THP 1400mt 2200000762 - THP - 611 MT | H26: Có thể cho vào làm hàng, hàng nguội | I26: Mặt Trời | J26: Mặt Trời | K26: HUY | L26: =C26 -> 2000
A27: 23 | B27: Nam Phát Queen | C27: 3050 | D27: Xong | E27: Dung Quất | F27: TrANSVINA | G27: 2000000376 - TVĐ 3050MT X | H27: Cần xong trong chiều 16/09 | I27: Nam Phát | J27: Thái Sơn | K27: HUY | L27: =C27 -> 3050
A28: 24 | B28: Triệu Phú 56 | C28: 2300 | D28: Xong | E28: Dung Quất | F28: Phú Mỹ | G28: 2000000369 - TLPM 2000000373 - TLPM | I28: Thiên Phúc | J28: Thiên Phúc | K28: BÍCH | L28: =C28 -> 2300
A29: 25 | B29: Nhật Long 16 | C29: 2600 | D29: Xong | E29: Dung Quất | F29: mipec | G29: 2200000747 - THP 2000000378 - CTC 600MT | H29: 378: chỉ cắt hàng 2.00+3.10+3.40+2.80 | I29: Thiên Phúc | J29: Thiên Phúc | K29: HUY | L29: =C29 -> 2600
A30: 26 | B30: Minh Tiến 99 | C30: 3600 | D30: Xong | E30: Dung Quất | F30: Hoàng Diệu | G30: 2000000391 - vinas 2000000392 - vinas 2200000747 - THP (CÂN TẢI ) | I30: MT Hà Nội | J30: MT Hà Nội | K30: HA | L30: =C30 -> 3600
A31: 27 | B31: An Bình Phát 68 | C31: 4000 | D31: Xong | E31: Dung Quất | F31: Hoàng Diệu | G31: 2200000747 - THP (cân tải) 2000000387 - PHÚC TIẾN 2200000768 - THP 370T C | H31: Chốt lệnh Phúc Tiến trong chiều 16/09 | I31: MT Hà Nội | J31: MT Hà Nội | K31: HA + HUY | L31: =C31 -> 4000
A32: 28 | B32: Phương Nam 145 | C32: 4600 | D32: Xong | E32: Dung Quất | F32: mipec | G32: 2200000747 - THP (CÂN TẢI ) 2000000377 - OT190 (3000MT) X | H32: Cần xong trong ngày 17/09 | I32: MT Hà Nội | J32: MT Hà Nội | K32: BÍCH+HUY | L32: =C32 -> 4600
A33: 29 | B33: Mạnh Thắng 69 | C33: 3350 | D33: Xong | E33: Dung Quất | F33: TRANSVINA | G33: 2200000747 - THP (CÂN TẢI ) 2000000384 - HÙNG NGUYÊN 2000000383 - AMECC | I33: MT Hà Nội | J33: MT Hà Nội | K33: HA | L33: =C33 -> 3350
A34: 30 | B34: Mạnh Thắng 68 | C34: 3950 | D34: Xong | E34: Dung Quất | F34: mipec | G34: 2000000380 - TMN (4000mt) | I34: MT Hà Nội | J34: MT Hà Nội | K34: BÍCH+HUY | L34: =C34 -> 3950
A35: 31 | B35: Gia Bảo 26 | C35: 4500 | D35: Xong | E35: Dung Quất | F35: Nghi Sơn | G35: 2200000749 - OTHP XK (3000) 1600000454 - HANWA 311MT 2200000766 - OTHP XK (500MT) | H35: Tàu cần có mặt ở Nghi Sơn ngày 22/9 Đã mapping đủ, k bổ sung thêm lệnh nữa Cần dán nhãn phụ (749) | I35: Mặt Trời | J35: Mặt Trời | K35: HUY | L35: =C35 -> 4500
A36: 32 | B36: Hoàng Lương 03 | C36: 3200 | D36: Xong | E36: Dung Quất | F36: Tân Cảng 128 | G36: 2000000393 - TMN (2400MT) 2000000378 - CTC 800MT X | I36: Thiên Phúc | J36: Thiên Phúc | K36: BÍCH+HUY | L36: =C36 -> 3200
A37: 33 | B37: Minh Khánh 06 | C37: 2000 | D37: Xong | E37: Dung Quất | F37: Nghi Sơn | G37: 2200000753 - OTHP XK (MAPPING) | H37: KHÔNG BỔ SUNG THÊM LỆNH 753: cần dán nhãn phụ | I37: Mạnh Thắng | J37: Thiên Phúc | K37: BÍCH | L37: =C37 -> 2000
A38: 34 | B38: Nam Phát 01 | C38: 1830 | D38: Xong | E38: Dung Quất | F38: TrANSVINA | G38: 2200000747 - THP Cân tải | I38: Nam Phát | J38: Thiên Phúc | K38: HUY | L38: =C38 -> 1830
A39: 35 | B39: BÌNH SƠN 76 | C39: 2878 | D39: Xong | E39: Dung Quất | F39: tân Cảng 128 | G39: 2200000747 - THP Cân tải 2200000767 - THP | H39: 747 HÀNG NGUỘI | I39: Bình Sơn | J39: Thiên Phúc | K39: HUY | L39: =C39 -> 2878
A40: 36 | B40: Minh Hằng 222 | C40: 4500 | D40: Xong | E40: Dung Quất | F40: Tân Thuận | G40: 2000000386 - Tôn Đông Á | H40: CÓ HÀNG NÓNG | I40: Thiên Phúc | J40: Thiên Phúc | K40: Hải Anh | L40: =C40 -> 4500
A41: 37 | B41: Việt Thuận 08 | C41: 2450 | D41: Xong | E41: Dung Quất | F41: Tân cảng 128 | G41: 2200000747 - THP Cân tải | H41: 747 HÀNG NGUỘI | I41: Mạnh Thắng | J41: Thái Sơn | K41: HUY | L41: =C41 -> 2450
A42: 38 | B42: Minh Khai 88 | C42: 4500 | D42: Xong | E42: Dung Quất | F42: Tân Cảng 128 | G42: 2000000394 - TMN 3600MT 2200000770 - THP 700MT | H42: TÀU NÀY KHÔNG CẦN QUAY LẠI NỮA NHÉ Lần sau mọi người đừng căt thiếu hàng của KH ngoài Những lệnh 20*** cần xuất đủ lượng theo mapping | I42: Mặt Trời | J42: Mặt Trời | K42: HUY | L42: =C42 -> 4500
A43: 39 | B43: Hùng Khánh 10 | C43: 4700 | D43: Xong | E43: Dung Quất | F43: TrANSVINA | G43: 2000000394 - TMN 130MT 2000000393 - TMN 1100MT 2200000747 - THP 1300MT 2200000770 - THP 2072 MT | I43: Thiên Phúc | J43: Thiên Phúc | K43: Hải Anh+HUY | L43: =C43 -> 4700
A44: 40 | B44: Đại Phúc 18 | C44: 3150 | D44: Xong | E44: Dung Quất | F44: Tân Thuận | G44: 2000000396 - QH 1000MT 2000000368 - CTC 500MT 2000000365 - LPG 1000MT 2000000400 - Nam Kim (700t) | H44: tàu này trưa nay sẽ có full lệnh Lệnh ctc và LPG đã duyệt 2*400: 100mt hàng 4.0 còn lại là hàng 4.5 | I44: Thiên Phúc | J44: Thiên Phúc | K44: Bích+HA | L44: =C44 -> 3150
A45: 41 | B45: Biển Đông 189 | C45: 3000 | D45: Xong | E45: Dung Quất | F45: Cẩm Nguyên | G45: 2000000374 - TVP 4670 | H45: lệnh đã duyệt, hàng nguội | I45: Mặt Trời | J45: Mặt Trời | K45: BÍCH | L45: =C45 -> 3000
A46: 42 | B46: Mạnh Thắng 07 | C46: 2950 | D46: Xong | E46: Dung Quất | F46: Hoàng Diệu | G46: 2000000398 - Việt Nhật 2000mt 2200000772 - OTHY 1160MT | I46: MT Hà Nội | J46: MT Hà Nội | K46: HUY | L46: =C46 -> 2950
A47: 43 | B47: Hải Đăng 19 | C47: 3000 | D47: Xong | E47: Dung Quất | F47: Quy Nhơn | G47: 2000000397 - Hoa Sen 3000MT | H47: Hàng nguội, chỉ làm 3000mt | I47: Thiên Phúc | J47: Thiên Phúc | K47: BÍCH | L47: =C47 -> 3000
A48: 44 | B48: Bình Minh 136 | C48: 1800 | D48: 27.09.21 | E48: Dung Quất | F48: Cẩm Nguyên | G48: 2000000374 - TVP 4670 | H48: lệnh đã duyệt, tối nay tàu vào làm (Nam nhắn) | I48: Thiên Phúc | J48: Thiên Phúc | K48: BÍCH | L48: =C48 -> 1800
A49: 45 | B49: Hiền Anh 668 | C49: 2300 | D49: Neo | E49: Dung Quất | F49: Tân Thuận | G49: 2000000400 - Nam Kim | H49: Đảo Lệnh, hàng oke thì tối nay vào làm (Nam nhắn) Hàng rất ok, vào làm đc luông | I49: Thiên Phúc | J49: Thiên Phúc | K49: BÍCH | L49: =C49 -> 2300
A50: 46 | B50: Hải An 18 | C50: 3200 | D50: Xong | E50: Dung Quất | F50: Tân Cảng 128 | G50: 2000000385 - Nam Phát 2000000402 - Thép Nam Phát 2000000401 - Kết cấu 568 2200000773 THP cân tải | I50: MT Hà Nội | J50: MT Hà Nội | K50: Hải Anh | L50: =C50 -> 3200
A51: 47 | B51: Minh Khánh 28 | C51: 3200 | D51: Xong | E51: Dung Quất | F51: Tân Cảng 128 | G51: 2200000773 - THP cân tải 2200000767 - THP 540MT | H51: Cắt hết lượng của 767 lên minh khánh 28 giúp e | I51: Mạnh Thắng | J51: Thái Sơn | K51: HUY | L51: =C51 -> 3200
A52: 48 | B52: Phương Nam 46 | C52: 3500 | D52: Xong | E52: Dung Quất | F52: Tân Thuận | G52: 2000000399 - ĐÔNG Á - 3K5 | H52: XUẤT HẾT TỒN KHO BAO GỒM CẢ HÀNG ĐÃ MAP VÀO LỆNH 2*386. LOẠI I, NHÓM C, >18T | I52: Nam Phát | J52: Thái Sơn | K52: Hải Anh | L52: =C52 -> 3500
A53: 49 | B53: Gia Long 333 | C53: 3150 | D53: Xong | E53: Dung Quất | F53: Tân Thuận | G53: 2000000400 - Nam Kim | H53: 4.0: 1200t, 4.5: 1900t | I53: Mặt Trời | J53: Mặt Trời | K53: Hải Anh | L53: =C53 -> 3150
A54: 50 | B54: Vinh Hiển 68 | C54: 3800 | D54: Xong | E54: Dung Quất | F54: Hải Phòng | G54: 2200000773 - THP 200MT 2200000747 - THP 300MT 2200000741 - THP 150 MT 2200000744 - THP 100MT 2000000390 - Chính Đại 2000mt 2000000409 - Tiến lợi 1000mt 2200000778 - OTHY | H54: HÀNG SS400 NÓNG | I54: MT Hà Nội | J54: MT Hà Nội | K54: HUY | L54: =C54 -> 3800
A55: 51 | B55: Tiến Phát 25 | C55: 3000 | D55: Xong | E55: Dung Quất | F55: Long Bình | G55: 2200000777 - OTBD | I55: Mặt Trời | J55: Mặt Trời | K55: HUY | L55: =C55 -> 3000
A56: 52 | B56: Châu Thành Ship 36 | C56: 2100 | D56: Xong | E56: Dung Quất | F56: Tân Thuận | G56: 2000000404 - TLPM 500 2000000403 - SMCTT 1700 | H56: HĐ SMCTT CẦN CHỐT TRƯỚC 17H NGÀY 30/09 MỌI NGƯỜI KIỂM TRA GIÚP E XEM CÓ ĐÁP ỨNG ĐC HAY KO Ạ | I56: Thiên Phúc | J56: Thiên Phúc | K56: BÍCH | L56: =C56 -> 2100
A57: 53
A58: 54
A59: 55
A60: 56
A61: 57
A62: 58
A63: 59
A64: 60
A65: 61
A66: 62
A67: 63
A68: 64
... A74: 70

Sheet LỊCH TÀU - 06.21
A2: CẬP NHẬT TÌNH HÌNH XUẤT HÀNG HRC THÁNG 5/2021
C3: =SUBTOTAL(9,C5:C965) -> 26160 | H3: =TODAY() -> 45960
A4: STT | B4: TÊN TÀU | C4: KHỐI LƯỢNG | D4: CẬP NHẬT TÌNH HÌNH/ETA | E4: CẢNG XẾP | F4: CẢNG ĐẾN | G4: LỆNH XUẤT HÀNG | H4: GHI CHÚ | I4: ĐẠI LÝ | J4: LASHING | K4: NG PT | L4: KHỐI LƯỢNG THỰC TẾ | M4: TỔNG HỢP
A5: 1 | B5: MINH HẰNG 198 | C5: 3600 | D5: Xong 01.06 | E5: Dung Quất | F5: Hải Phòng | G5: 2000000230 - TMP (1300 MT) 2200000425 - THP (1350 MT) 2200000553 - OTHY cân tàu | H5: - 230+425,553: nhóm C | I5: Thiên Phúc | J5: Thiên Phúc | K5: HUY | L5: =C5 -> 3600 | M5: MT Hà Nội | N5: =SUMIF($I:$I,M5,L:L) -> 62970
A6: 2 | B6: Minh Đoàn 18 | C6: 3650 | D6: Xong 01.06 | E6: Dung Quất | F6: Hải Phòng | G6: 2200000553 -OTHY CD | H6: CD | I6: Mặt Trời | J6: Mặt Trời | K6: HUY | L6: =C6 -> 3650 | M6: Mặt Trời | N6: =SUMIF($I:$I,M6,L:L) -> 52915
A7: 3 | B7: Thành Trung 36 | C7: 2630 | D7: Xong 02.06 | E7: Dung Quất | F7: Hải Phòng | G7: 2200000553 OTHY (1480T) CD 2200000557 OTHY (720T) ABC 2200000558 OTHY cân tải ABC | I7: Mạnh Thắng | J7: Thái Sơn | K7: HUY | L7: =C7 -> 2630 | M7: Nam Phát | N7: =SUMIF($I:$I,M7,L:L) -> 23000
A8: 4 | B8: Minh Khai 88 | C8: 4500 | D8: Xong 03.06 | E8: Dung Quất | F8: Hải Phòng | G8: 2200000425 - THP CD (1500) 2200000550 - NMCN AB (1270) 2200000551 - NMCN AB (625) 2200000554 - OTHY CD (Cân tải) | I8: MT Hà Nội | J8: MT Hà Nội | K8: HUY | L8: =C8 -> 4500 | M8: Thiên Phúc | N8: =SUMIF($I:$I,M8,L:L) -> 50800
A9: 5 | B9: Hoàng Hải 268 | C9: 2000 | D9: Xong 01.06 | E9: Dung Quất | F9: Hải Phòng | G9: 2200000553 - OTHY CD | I9: Mặt Trời | J9: Mặt Trời | K9: HUY | L9: =C9 -> 2000 | M9: Mạnh Thắng | N9: =SUMIF($I:$I,M9,L:L) -> 26160
A10: 6 | B10: Minh Hằng 36 | C10: 3900 | D10: Xong 03.06 | E10: Dung Quất | F10: Hải Phòng | G10: 2200000554 - OTHY CD (900 MT) 2200000555 - THP CD (365 MT) 2200000556 - OTHY AB (190 MT) 2200000425 - THP CD (2200 MT) 2000000230 - TMP | H10: 425 - hàng nóng, sáng 3/6 nhập kho | I10: Thiên Phúc | J10: Thiên Phúc | K10: HUY | L10: =C10 -> 3900
A11: 7 | B11: Việt Thuận 08 | C11: 2450 | D11: Xong 05.06 | E11: Dung Quất | F11: Hải Phòng | G11: 2200000567 - THP (2300T) CD 2200000562 - OTHY cân tải AB | H11: Chiều 04.06 có lệnh Chỉ đợi Ống thép chốt thôi | I11: Mạnh Thắng | J11: Thái Sơn | K11: HUY | L11: =C11 -> 2450
A12: 8 | B12: HOÀNG ANH 68 | C12: 4000 | D12: Xong 05.06 | E12: Dung Quất | F12: Hải Phòng | G12: 2000000249 - OT190 (200) 2000000248 - KKBV (300) 2200000562 - OTHY AB 2200000560 - NMCN AB 2200000563 - OTHY CD | H12: 249+248: chiều 04.06 NK xong Chiều 04.06 có lệnh | I12: MT Hà Nội | J12: MT Hà Nội | K12: BÍCH + HUY | L12: =C12 -> 4000
A13: 9 | B13: Hùng Khánh 10 | C13: 4800 | D13: Xong 06.06 | E13: Dung Quất | F13: Hải Phòng | G13: 2000000255 - KKVN - 1500 MT 2000000196 - TMN (2500 MT) 2000000193 - TMN (cân tải) | H13: HÀNG MINH NGỌC NÓNG | I13: Thiên Phúc | J13: Thiên Phúc | K13: BÍCH + HUY | L13: =C13 -> 4800
A14: 10 | B14: Đại Phúc 18 | C14: 3200 | D14: Xong 07.06 | E14: Dung Quất | F14: Hải Phòng | G14: 2000000254 - TCĐ (3200 MT) | H14: 254: chiều 05.06 NK xong | I14: Mặt Trời | J14: Mặt Trời | K14: HUY | L14: =C14 -> 3200
A15: 12 | B15: Hoàng Bảo 668 | C15: 4000 | D15: Xong 08.06 | E15: Dung Quất | F15: Tân Thuận | G15: 2200000566 - OTHY CD | H15: hàng nguội Không xuất cuộn nhỏ | I15: Mặt Trời | J15: Mặt Trời | K15: HUY | L15: =C15 -> 4000
A16: 13 | B16: Minh Khánh 25 | C16: 3400 | D16: Xong 08.06 | E16: Dung Quất | F16: Hải Phòng | G16: 2000000257 - TMN CD | H16: - 257: cấp 2.45 và 2.75 | I16: Mạnh Thắng | J16: Thái Sơn | K16: HUY | L16: =C16 -> 3400
A17: 14 | B17: Minh Hằng 262 | C17: 4200 | D17: Xong 09.06 | E17: Dung Quất | F17: Hải Phòng | G17: 2000000193 - TMN (2300 MT) 2000000230 - TMP (1700 MT) 2200000560 - NMCN (AB) 2200000562 - OTHY (AB) | H17: - 193 + 230: nhóm C - 193 chiều 7/6 NK xong - 230: sáng 8/6 NK xong | I17: Thiên Phúc | J17: Thiên Phúc | K17: HUY | L17: =C17 -> 4200
A18: 15 | B18: Thành Đạt 128 | C18: 3150 | D18: Xong 08.06 | E18: Dung Quất | F18: Hải Phòng | G18: 2000000211 - TMN (2500) CD 2000000257 - TMN CD (cân tải) | H18: - 211 Xuất hàng 2.20 và 2.45 - 257: cấp 2.45 và 2.75 | I18: Mặt Trời | J18: Mặt Trời | K18: HUY | L18: =C18 -> 3150
A19: 16 | B19: Vinh Hiển 68 | C19: 3800 | D19: Xong 10.06 | E19: Dung Quất | F19: Hải Phòng | G19: 2000000258 - TMP CD (3000 MT) 2200000568 - NMCN (CD) - cân tải | H19: - 258: xuất 2.23/2.73 | I19: MT Hà Nội | J19: MT Hà Nội | K19: HUY | L19: =C19 -> 3800
